time,Spoofed,Confidence
111402,0,0.033040084
111403,0,0.033040084
111404,0,0.033040084
111405,0,0.033040136
111406,0,0.033040136
111407,0,0.033040136
111408,0,0.033040136
111409,0,0.033040136
111410,0,0.033040136
111411,0,0.03304019
111412,0,0.033040203
111413,0,0.03304019
111414,0,0.03304019
111415,0,0.03304019
111416,0,0.033040196
111417,0,0.0330402
111418,0,0.033040196
111419,0,0.033040203
111420,0,0.03304019
111421,0,0.033040185
111422,0,0.033040196
111423,0,0.033040196
111424,0,0.03304021
111425,0,0.033040192
111426,0,0.033040196
111427,0,0.03304021
111428,0,0.03304021
111429,0,0.033040214
111430,0,0.033040214
111431,0,0.033040214
111432,0,0.033040214
111433,0,0.033040214
111434,0,0.033040214
111435,0,0.03304023
111436,0,0.033040658
111437,0,0.033040658
111438,0,0.033040658
111439,0,0.033040658
111440,0,0.033040658
111441,0,0.033040658
111442,0,0.033040486
111443,0,0.033040486
111444,0,0.033040486
111445,0,0.033040468
111446,0,0.033040233
111447,0,0.033040192
111448,0,0.033040192
111449,0,0.033040192
111450,0,0.033040196
111451,0,0.03304021
111452,0,0.033040207
111453,0,0.033040185
111454,0,0.0330402
111455,0,0.03304018
111456,0,0.03304019
111457,0,0.033040274
111458,0,0.03304045
111459,0,0.03304045
111460,0,0.03304045
111461,0,0.03304045
111462,0,0.033040345
111463,0,0.033040345
111464,0,0.03304035
111465,0,0.033040345
111466,0,0.033040352
111467,0,0.033040352
111468,0,0.033040352
111469,0,0.033040352
111470,0,0.033040352
111471,0,0.03304035
111472,0,0.033040326
111473,0,0.033040326
111474,0,0.033040326
111475,0,0.033040326
111476,0,0.033040326
111477,0,0.033040326
111478,0,0.033040326
111479,0,0.033040326
111480,0,0.033040326
111481,0,0.033040326
111482,0,0.033040326
111483,0,0.033040397
111484,0,0.033040524
111485,0,0.033040527
111486,0,0.033040527
111487,0,0.033040527
111488,0,0.033040527
111489,0,0.033040527
111490,0,0.03304053
111491,0,0.0330404
111492,0,0.0330404
111493,0,0.0330404
111494,0,0.033040244
111495,0,0.0330403
111496,0,0.033040237
111497,0,0.033040237
111498,0,0.033040237
111499,0,0.033040248
111500,0,0.033040203
111501,0,0.033040237
111502,0,0.03304029
111503,0,0.03304027
111504,0,0.033040263
111505,0,0.033040304
111506,0,0.03304028
111507,0,0.033040226
111508,0,0.03304024
111509,0,0.033040263
111510,0,0.03304036
111511,0,0.033040226
111512,0,0.033040207
111513,0,0.03304022
111514,0,0.033040207
111515,0,0.033040233
111516,0,0.03304068
111517,0,0.03304068
111518,0,0.03304068
111519,0,0.03304068
111520,0,0.033040736
111521,0,0.033040736
111522,0,0.033040732
111523,0,0.033040732
111524,0,0.033040732
111525,0,0.03304071
111526,0,0.033040423
111527,0,0.033040423
111528,0,0.033040423
111529,0,0.033040423
111530,0,0.033040423
111531,0,0.033040233
111532,0,0.03304024
111533,0,0.033040233
111534,0,0.033040233
111535,0,0.03304029
111536,0,0.033040244
111537,0,0.03304025
111538,0,0.033040237
111539,0,0.033040233
111540,0,0.033040233
111541,0,0.03304023
111542,0,0.03304026
111543,0,0.033040218
111544,0,0.033040226
111545,0,0.03304025
111546,0,0.03304025
111547,0,0.033040278
111548,0,0.03304029
111549,0,0.03304032
111550,0,0.03304032
111551,0,0.03304032
111552,0,0.03304032
111553,0,0.03304032
111554,0,0.03304032
111555,0,0.03304032
111556,0,0.03304053
111557,0,0.033040468
111558,0,0.03304022
111559,0,0.03304024
111560,0,0.033040192
111561,0,0.033040196
111562,0,0.033040237
111563,0,0.03304022
111564,0,0.033040334
111565,0,0.033040293
111566,0,0.033040285
111567,0,0.033040266
111568,0,0.033040244
111569,0,0.033040293
111570,0,0.033040226
111571,0,0.033040207
111572,0,0.033040207
111573,0,0.033040207
111574,0,0.033040207
111575,0,0.033040207
111576,0,0.0330402
111577,0,0.0330402
111578,0,0.033040244
111579,0,0.033040244
111580,0,0.03304025
111581,0,0.033040218
111582,0,0.033040177
111583,0,0.033040203
111584,0,0.033040203
111585,0,0.033040203
111586,0,0.033040203
111587,0,0.033040334
111588,0,0.033040334
111589,0,0.033040334
111590,0,0.033040334
111591,0,0.033040334
111592,0,0.033040334
111593,0,0.033040334
111594,0,0.03304033
111595,0,0.03304033
111596,0,0.033040326
111597,0,0.0330403
111598,0,0.03304046
111599,0,0.03304046
111600,0,0.033040613
111601,0,0.033040613
111602,0,0.033040628
111603,0,0.033040628
111604,0,0.033040628
111605,0,0.033040624
111606,0,0.033040233
111607,0,0.033040214
111608,0,0.033040203
111609,0,0.033040326
111610,0,0.033040266
111611,0,0.033040233
111612,0,0.033040285
111613,0,0.0330402
111614,0,0.0330402
111615,0,0.033040207
111616,0,0.033040337
111617,0,0.033040337
111618,0,0.033040337
111619,0,0.033040322
111620,0,0.033040468
111621,0,0.033040192
111622,0,0.033040192
111623,0,0.033040192
111624,0,0.033040192
111625,0,0.033040218
111626,0,0.033040192
111627,0,0.033040196
111628,0,0.033040192
111629,0,0.03304019
111630,0,0.03304019
111631,0,0.033040483
111632,0,0.033040527
111633,0,0.033040527
111634,0,0.03304054
111635,0,0.033040546
111636,0,0.033040542
111637,0,0.03304035
111638,0,0.03304035
111639,0,0.03304034
111640,0,0.03304034
111641,0,0.03304034
111642,0,0.03304034
111643,0,0.03304034
111644,0,0.03304034
111645,0,0.03304034
111646,0,0.03304034
111647,0,0.033040393
111648,0,0.033040393
111649,0,0.033040203
111650,0,0.033040233
111651,0,0.03304021
111652,0,0.03304025
111653,0,0.033040203
111654,0,0.03304024
111655,0,0.033040203
111656,0,0.03304019
111657,0,0.03304021
111658,0,0.033040196
111659,0,0.0330402
111660,0,0.033040233
111661,0,0.033040226
111662,0,0.033040218
111663,0,0.033040255
111664,0,0.03304027
111665,0,0.033040263
111666,0,0.033040285
111667,0,0.03304027
111668,0,0.033040255
111669,0,0.033040255
111670,0,0.033040255
111671,0,0.033040255
111672,0,0.03304026
111673,0,0.03304025
111674,0,0.033040605
111675,0,0.03304067
111676,0,0.03304067
111677,0,0.033040673
111678,0,0.03304068
111679,0,0.03304068
111680,0,0.033041507
111681,0,0.033041637
111682,0,0.033041637
111683,0,0.033040676
111684,0,0.033040512
111685,0,0.03304051
111686,0,0.03304051
111687,0,0.03304052
111688,0,0.03304052
111689,0,0.03304052
111690,0,0.033040505
111691,0,0.033040524
111692,0,0.033040524
111693,0,0.03304049
111694,0,0.033040427
111695,0,0.033040427
111696,0,0.033040427
111697,0,0.033040438
111698,0,0.03304031
111699,0,0.03304031
111700,0,0.03304031
111701,0,0.03304031
111702,0,0.033040296
111703,0,0.033040296
111704,0,0.033040173
111705,0,0.033040173
111706,0,0.033040173
111707,0,0.033040173
111708,0,0.033040173
111709,0,0.033040173
111710,0,0.033040173
111711,0,0.033040173
111712,0,0.033040173
111713,0,0.033040173
111714,0,0.03304035
111715,0,0.033040192
111716,0,0.033040192
111717,0,0.033040192
111718,0,0.0330402
111719,0,0.033040185
111720,0,0.033040185
111721,0,0.033040177
111722,0,0.03304019
111723,0,0.03304019
111724,0,0.03304019
111725,0,0.033040434
111726,0,0.033040434
111727,0,0.033040434
111728,0,0.033040453
111729,0,0.033040453
111730,0,0.033040453
111731,0,0.03304049
111732,0,0.03304051
111733,0,0.033040494
111734,0,0.033040345
111735,0,0.033040296
111736,0,0.033040296
111737,0,0.033040296
111738,0,0.033040296
111739,0,0.03304028
111740,0,0.03304028
111741,0,0.033040278
111742,0,0.03304028
111743,0,0.033040285
111744,0,0.033040285
111745,0,0.033040237
111746,0,0.03304023
111747,0,0.033040296
111748,0,0.033040244
111749,0,0.033040315
111750,0,0.033040293
111751,0,0.03304027
111752,0,0.03304032
111753,0,0.033040293
111754,0,0.033040337
111755,0,0.033040483
111756,0,0.03304048
111757,0,0.033040464
111758,0,0.033040363
111759,0,0.033040363
111760,0,0.033040266
111761,0,0.033040322
111762,0,0.033040266
111763,0,0.033040266
111764,0,0.033040266
111765,0,0.03304027
111766,0,0.03304027
111767,0,0.03304027
111768,0,0.033040218
111769,0,0.03304027
111770,0,0.0330403
111771,0,0.033040248
111772,0,0.033040226
111773,0,0.033040214
111774,0,0.033040203
111775,0,0.033040203
111776,0,0.033040203
111777,0,0.033040203
111778,0,0.03304029
111779,0,0.03304029
111780,0,0.03304029
111781,0,0.03304029
111782,0,0.033040315
111783,0,0.033040315
111784,0,0.033040315
111785,0,0.033040315
111786,0,0.033040177
111787,0,0.0330402
111788,0,0.033040185
111789,0,0.03304029
111790,0,0.03304027
111791,0,0.03304024
111792,0,0.033040293
111793,0,0.033040278
111794,0,0.033040218
111795,0,0.033040192
111796,0,0.03304037
111797,0,0.03304037
111798,0,0.03304037
111799,0,0.03304037
111800,0,0.033040356
111801,0,0.033040356
111802,0,0.033040266
111803,0,0.033040266
111804,0,0.033040266
111805,0,0.033040266
111806,0,0.033040266
111807,0,0.033040266
111808,0,0.03304026
111809,0,0.03304026
111810,0,0.03304026
111811,0,0.033040326
111812,0,0.033040304
111813,0,0.033040382
111814,0,0.033040382
111815,0,0.033040382
111816,0,0.033040382
111817,0,0.03304038
111818,0,0.03304038
111819,0,0.03304038
111820,0,0.03304038
111821,0,0.033040375
111822,0,0.033040375
111823,0,0.033040322
111824,0,0.033040296
111825,0,0.033040296
111826,0,0.033040296
111827,0,0.033040322
111828,0,0.033040322
111829,0,0.033040322
111830,0,0.033040322
111831,0,0.033040307
111832,0,0.033040307
111833,0,0.03304042
111834,0,0.033040375
111835,0,0.033040375
111836,0,0.033040375
111837,0,0.033040375
111838,0,0.03304037
111839,0,0.03304037
111840,0,0.03304037
111841,0,0.03304037
111842,0,0.03304037
111843,0,0.03304037
111844,0,0.033040516
111845,0,0.033040535
111846,0,0.033040415
111847,0,0.033040415
111848,0,0.03304042
111849,0,0.03304042
111850,0,0.033040427
111851,0,0.033040427
111852,0,0.033040427
111853,0,0.033040427
111854,0,0.033040427
111855,0,0.033040427
111856,0,0.03304042
111857,0,0.03304018
111858,0,0.03304025
111859,0,0.033040237
111860,0,0.03304025
111861,0,0.033040218
111862,0,0.033040226
111863,0,0.033040185
111864,0,0.033040185
111865,0,0.03304019
111866,0,0.033040185
111867,0,0.03304019
111868,0,0.0330402
111869,0,0.03304023
111870,0,0.033040244
111871,0,0.033040218
111872,0,0.03304019
111873,0,0.0330402
111874,0,0.033040218
111875,0,0.033040203
111876,0,0.033040185
111877,0,0.03304041
111878,0,0.03304041
111879,0,0.033040334
111880,0,0.033040334
111881,0,0.033040337
111882,0,0.033040337
111883,0,0.033040337
111884,0,0.033040337
111885,0,0.033040337
111886,0,0.03304037
111887,0,0.033040304
111888,0,0.033040304
111889,0,0.033040304
111890,0,0.033040304
111891,0,0.033040315
111892,0,0.033040315
111893,0,0.033040315
111894,0,0.033040315
111895,0,0.033040315
111896,0,0.033040293
111897,0,0.033040293
111898,0,0.03304029
111899,0,0.033040307
111900,0,0.033040315
111901,0,0.033040326
111902,0,0.033040326
111903,0,0.033040326
111904,0,0.033040326
111905,0,0.033040326
111906,0,0.03304034
111907,0,0.03304022
111908,0,0.033040185
111909,0,0.03304026
111910,0,0.033040207
111911,0,0.03304022
111912,0,0.03304022
111913,0,0.03304027
111914,0,0.03304019
111915,0,0.03304019
111916,0,0.03304019
111917,0,0.033040196
111918,0,0.033040196
111919,0,0.033040196
111920,0,0.033040226
111921,0,0.033040185
111922,0,0.033040248
111923,0,0.033040248
111924,0,0.033040248
111925,0,0.033040248
111926,0,0.03304027
111927,0,0.03304027
111928,0,0.03304027
111929,0,0.033040304
111930,0,0.033040255
111931,0,0.033040255
111932,0,0.0330403
111933,0,0.0330403
111934,0,0.0330403
111935,0,0.0330403
111936,0,0.0330403
111937,0,0.0330403
111938,0,0.033040326
111939,0,0.03304034
111940,0,0.033040337
111941,0,0.033040337
111942,0,0.033040337
111943,0,0.033040334
111944,0,0.033040334
111945,0,0.033040334
111946,0,0.033040334
111947,0,0.033040456
111948,0,0.033040456
111949,0,0.033040456
111950,0,0.033040363
111951,0,0.033040363
111952,0,0.033040363
111953,0,0.033040363
111954,0,0.033040363
111955,0,0.03304034
111956,0,0.033040352
111957,0,0.033040352
111958,0,0.033040352
111959,0,0.033040352
111960,0,0.033040352
111961,0,0.033040352
111962,0,0.033040352
111963,0,0.033040352
111964,0,0.033040352
111965,0,0.033040408
111966,0,0.0330404
111967,0,0.0330404
111968,0,0.033040393
111969,0,0.033040393
111970,0,0.033040475
111971,0,0.033040404
111972,0,0.033040404
111973,0,0.033040404
111974,0,0.033040404
111975,0,0.033040404
111976,0,0.033040404
111977,0,0.033040404
111978,0,0.033040415
111979,0,0.033040415
111980,0,0.033040594
111981,0,0.033040456
111982,0,0.033040464
111983,0,0.03304047
111984,0,0.033040382
111985,0,0.033040382
111986,0,0.033040382
111987,0,0.033040382
111988,0,0.033040468
111989,0,0.03304052
111990,0,0.033040382
111991,0,0.033040397
111992,0,0.033040334
111993,0,0.03304032
111994,0,0.0330403
111995,0,0.0330403
111996,0,0.0330403
111997,0,0.0330403
111998,0,0.0330403
111999,0,0.0330403
112000,0,0.0330403
112001,0,0.0330403
112002,0,0.03304041
112003,0,0.033040423
112004,0,0.03304043
112005,0,0.033040415
112006,0,0.033040415
112007,0,0.033040415
112008,0,0.033040415
112009,0,0.03304043
112010,0,0.03304043
112011,0,0.03304043
112012,0,0.03304062
112013,0,0.03304062
112014,0,0.03304062
112015,0,0.03304062
112016,0,0.03304062
112017,0,0.03304062
112018,0,0.03304062
112019,0,0.033040613
112020,0,0.0330406
112021,0,0.03304047
112022,0,0.03304047
112023,0,0.033040497
112024,0,0.033040497
112025,0,0.03304022
112026,0,0.03304022
112027,0,0.03304022
112028,0,0.03304022
112029,0,0.03304022
112030,0,0.03304021
112031,0,0.03304021
112032,0,0.03304021
112033,0,0.03304021
112034,0,0.033040203
112035,0,0.033040423
112036,0,0.03304045
112037,0,0.03304044
112038,0,0.03304044
112039,0,0.03304044
112040,0,0.03304044
112041,0,0.033040423
112042,0,0.033040423
112043,0,0.033040423
112044,0,0.033040423
112045,0,0.033040423
112046,0,0.033040408
112047,0,0.033040408
112048,0,0.033040415
112049,0,0.033040415
112050,0,0.033040415
112051,0,0.033040427
112052,0,0.03304042
112053,0,0.03304042
112054,0,0.03304042
112055,0,0.033040363
112056,0,0.03304036
112057,0,0.03304036
112058,0,0.03304036
112059,0,0.03304036
112060,0,0.03304036
112061,0,0.033040363
112062,0,0.03304037
112063,0,0.03304037
112064,0,0.03304037
112065,0,0.033040497
112066,0,0.033040293
112067,0,0.033040293
112068,0,0.033040293
112069,0,0.0330403
112070,0,0.0330403
112071,0,0.0330403
112072,0,0.033040218
112073,0,0.033040214
112074,0,0.033040214
112075,0,0.033040214
112076,0,0.033040218
112077,0,0.033040218
112078,0,0.033040218
112079,0,0.033040218
112080,0,0.033040218
112081,0,0.033040218
112082,0,0.033040304
112083,0,0.033040304
112084,0,0.033040304
112085,0,0.033040315
112086,0,0.0330403
112087,0,0.03304058
112088,0,0.03304058
112089,0,0.03304058
112090,0,0.03304062
112091,0,0.033040605
112092,0,0.03304059
112093,0,0.0330406
112094,0,0.0330406
112095,0,0.033040512
112096,0,0.03304051
112097,0,0.033040512
112098,0,0.033040512
112099,0,0.033040516
112100,0,0.033040516
112101,0,0.033040382
112102,0,0.033040375
112103,0,0.033040375
112104,0,0.03304022
112105,0,0.03304022
112106,0,0.03304022
112107,0,0.0330402
112108,0,0.0330402
112109,0,0.033040192
112110,0,0.033040192
112111,0,0.033040192
112112,0,0.033040185
112113,0,0.0330402
112114,0,0.033040192
112115,0,0.033040192
112116,0,0.033040192
112117,0,0.033040427
112118,0,0.033040427
112119,0,0.033040434
112120,0,0.033040427
112121,0,0.033040483
112122,0,0.033040483
112123,0,0.033040483
112124,0,0.033040483
112125,0,0.033040535
112126,0,0.033040557
112127,0,0.033040557
112128,0,0.033040557
112129,0,0.033040557
112130,0,0.03304053
112131,0,0.03304054
112132,0,0.03304054
112133,0,0.03304059
112134,0,0.03304058
112135,0,0.0330406
112136,0,0.0330406
112137,0,0.03304061
112138,0,0.03304061
112139,0,0.0330405
112140,0,0.0330402
112141,0,0.0330402
112142,0,0.0330402
112143,0,0.0330402
112144,0,0.0330402
112145,0,0.0330402
112146,0,0.0330402
112147,0,0.033040173
112148,0,0.033040173
112149,0,0.033040173
112150,0,0.033040408
112151,0,0.033040408
112152,0,0.033040408
112153,0,0.03304036
112154,0,0.033040326
112155,0,0.033040337
112156,0,0.033040337
112157,0,0.033040337
112158,0,0.033040337
112159,0,0.033040337
112160,0,0.033040337
112161,0,0.033040337
112162,0,0.033040337
112163,0,0.033040334
112164,0,0.033040334
112165,0,0.033040345
112166,0,0.033040345
112167,0,0.033040345
112168,0,0.033040345
112169,0,0.03304033
112170,0,0.033040404
112171,0,0.033040404
112172,0,0.033040404
112173,0,0.033040415
112174,0,0.033040415
112175,0,0.033040415
112176,0,0.033040598
112177,0,0.033040598
112178,0,0.033040598
112179,0,0.03304059
112180,0,0.03304059
112181,0,0.03304059
112182,0,0.03304059
112183,0,0.033040565
112184,0,0.033040565
112185,0,0.033040565
112186,0,0.033040565
112187,0,0.033040565
112188,0,0.033040576
112189,0,0.03304059
112190,0,0.03304059
112191,0,0.033040438
112192,0,0.03304045
112193,0,0.03304024
112194,0,0.03304024
112195,0,0.03304024
112196,0,0.03304024
112197,0,0.03304025
112198,0,0.03304025
112199,0,0.03304025
112200,0,0.03304025
112201,0,0.03304025
112202,0,0.03304025
112203,0,0.033040427
112204,0,0.033040427
112205,0,0.033040427
112206,0,0.033040427
112207,0,0.03304041
112208,0,0.03304043
112209,0,0.03304043
112210,0,0.03304043
112211,0,0.033040445
112212,0,0.033040445
112213,0,0.033040445
112214,0,0.03304057
112215,0,0.03304057
112216,0,0.03304057
112217,0,0.033040553
112218,0,0.033040553
112219,0,0.033040553
112220,0,0.03304057
112221,0,0.033040415
112222,0,0.033040423
112223,0,0.03304041
112224,0,0.03304041
112225,0,0.03304041
112226,0,0.03304041
112227,0,0.033040423
112228,0,0.033040423
112229,0,0.033040423
112230,0,0.033040423
112231,0,0.0330405
112232,0,0.0330405
112233,0,0.0330405
112234,0,0.0330405
112235,0,0.0330405
112236,0,0.0330405
112237,0,0.033040505
112238,0,0.033040505
112239,0,0.033040505
112240,0,0.033040505
112241,0,0.03304062
112242,0,0.03304062
112243,0,0.0330406
112244,0,0.0330406
112245,0,0.033040605
112246,0,0.033040605
112247,0,0.033040605
112248,0,0.03304042
112249,0,0.03304042
112250,0,0.03304042
112251,0,0.03304042
112252,0,0.03304042
112253,0,0.03304042
112254,0,0.03304042
112255,0,0.033040408
112256,0,0.033040408
112257,0,0.033040404
112258,0,0.033040423
112259,0,0.033040427
112260,0,0.03304046
112261,0,0.03304046
112262,0,0.03304046
112263,0,0.03304046
112264,0,0.03304046
112265,0,0.03304046
112266,0,0.03304046
112267,0,0.03304049
112268,0,0.03304056
112269,0,0.03304056
112270,0,0.03304055
112271,0,0.033040524
112272,0,0.03304055
112273,0,0.03304055
112274,0,0.03304055
112275,0,0.03304055
112276,0,0.033040553
112277,0,0.033040542
112278,0,0.033040542
112279,0,0.033040553
112280,0,0.03304057
112281,0,0.03304057
112282,0,0.033040565
112283,0,0.033040565
112284,0,0.0330406
112285,0,0.0330406
112286,0,0.033040605
112287,0,0.033040605
112288,0,0.033040605
112289,0,0.0330406
112290,0,0.0330406
112291,0,0.033040617
112292,0,0.033040617
112293,0,0.033040617
112294,0,0.033040572
112295,0,0.0330406
112296,0,0.0330406
112297,0,0.0330406
112298,0,0.0330406
112299,0,0.0330406
112300,0,0.0330406
112301,0,0.033040583
112302,0,0.033040203
112303,0,0.033040203
112304,0,0.033040203
112305,0,0.033040203
112306,0,0.033040203
112307,0,0.033040218
112308,0,0.033040218
112309,0,0.033040218
112310,0,0.033040218
112311,0,0.033040218
112312,0,0.033040315
112313,0,0.033040315
112314,0,0.033040315
112315,0,0.033040315
112316,0,0.033040315
112317,0,0.033040334
112318,0,0.033040315
112319,0,0.033040315
112320,0,0.033040464
112321,0,0.033040464
112322,0,0.033040464
112323,0,0.033040456
112324,0,0.033040456
112325,0,0.033040456
112326,0,0.033040456
112327,0,0.033040456
112328,0,0.033040456
112329,0,0.03304059
112330,0,0.03304059
112331,0,0.03304059
112332,0,0.03304059
112333,0,0.03304058
112334,0,0.03304048
112335,0,0.033040483
112336,0,0.03304039
112337,0,0.03304039
112338,0,0.03304039
112339,0,0.03304039
112340,0,0.03304039
112341,0,0.033040397
112342,0,0.033040397
112343,0,0.033040397
112344,0,0.033040397
112345,0,0.033040397
112346,0,0.033040542
112347,0,0.033040542
112348,0,0.033040557
112349,0,0.03304054
112350,0,0.03304055
112351,0,0.033040535
112352,0,0.033040535
112353,0,0.033040535
112354,0,0.033040535
112355,0,0.033040535
112356,0,0.0330406
112357,0,0.033040684
112358,0,0.033040576
112359,0,0.033040576
112360,0,0.033040576
112361,0,0.033040628
112362,0,0.033040628
112363,0,0.033040628
112364,0,0.033040628
112365,0,0.03304047
112366,0,0.03304047
112367,0,0.03304047
112368,0,0.03304037
112369,0,0.03304037
112370,0,0.03304037
112371,0,0.03304037
112372,0,0.03304037
112373,0,0.03304037
112374,0,0.03304037
112375,0,0.03304037
112376,0,0.03304038
112377,0,0.03304038
112378,0,0.033040486
112379,0,0.033040486
112380,0,0.033040486
112381,0,0.0330405
112382,0,0.0330405
112383,0,0.0330405
112384,0,0.0330405
112385,0,0.0330405
112386,0,0.033040583
112387,0,0.033040363
112388,0,0.033040363
112389,0,0.033040363
112390,0,0.033040363
112391,0,0.03304037
112392,0,0.033040363
112393,0,0.033040363
112394,0,0.033040363
112395,0,0.033040363
112396,0,0.033040363
112397,0,0.03304057
112398,0,0.033040605
112399,0,0.03304061
112400,0,0.033040605
112401,0,0.03304043
112402,0,0.03304042
112403,0,0.03304042
112404,0,0.03304042
112405,0,0.03304042
112406,0,0.033040415
112407,0,0.0330404
112408,0,0.033040393
112409,0,0.033040393
112410,0,0.033040393
112411,0,0.033040393
112412,0,0.033040486
112413,0,0.033040486
112414,0,0.033040486
112415,0,0.033040486
112416,0,0.03304063
112417,0,0.03304063
112418,0,0.033040583
112419,0,0.033040583
112420,0,0.033040587
112421,0,0.033040587
112422,0,0.033040587
112423,0,0.033040345
112424,0,0.033040345
112425,0,0.033040345
112426,0,0.033040345
112427,0,0.03304035
112428,0,0.03304035
112429,0,0.033040345
112430,0,0.033040345
112431,0,0.033040345
112432,0,0.033040345
112433,0,0.03304034
112434,0,0.03304034
112435,0,0.033040345
112436,0,0.033040345
112437,0,0.033040337
112438,0,0.033040337
112439,0,0.03304044
112440,0,0.03304044
112441,0,0.03304044
112442,0,0.03304044
112443,0,0.03304044
112444,0,0.03304044
112445,0,0.033040605
112446,0,0.03304044
112447,0,0.03304044
112448,0,0.03304044
112449,0,0.03304046
112450,0,0.03304046
112451,0,0.03304046
112452,0,0.03304046
112453,0,0.03304046
112454,0,0.03304046
112455,0,0.03304045
112456,0,0.033040546
112457,0,0.033040546
112458,0,0.033040546
112459,0,0.033040546
112460,0,0.03304052
112461,0,0.033040557
112462,0,0.033040583
112463,0,0.033040583
112464,0,0.033040583
112465,0,0.033040583
112466,0,0.033040583
112467,0,0.033040583
112468,0,0.033040583
112469,0,0.03304059
112470,0,0.03304059
112471,0,0.03304059
112472,0,0.033040572
112473,0,0.033040572
112474,0,0.033040572
112475,0,0.033040475
112476,0,0.03304053
112477,0,0.03304053
112478,0,0.03304053
112479,0,0.03304053
112480,0,0.03304053
112481,0,0.03304053
112482,0,0.033040542
112483,0,0.033040542
112484,0,0.03304057
112485,0,0.03304057
112486,0,0.03304056
112487,0,0.03304045
112488,0,0.03304045
112489,0,0.03304045
112490,0,0.03304045
112491,0,0.03304045
112492,0,0.03304045
112493,0,0.03304045
112494,0,0.033040427
112495,0,0.033040285
112496,0,0.033040285
112497,0,0.033040285
112498,0,0.033040285
112499,0,0.033040285
112500,0,0.033040304
112501,0,0.033040304
112502,0,0.033040304
112503,0,0.033040304
112504,0,0.033040304
112505,0,0.033040583
112506,0,0.033040583
112507,0,0.033040583
112508,0,0.033040583
112509,0,0.033040583
112510,0,0.033040583
112511,0,0.03304041
112512,0,0.03304041
112513,0,0.03304041
112514,0,0.03304041
112515,0,0.03304041
112516,0,0.03304041
112517,0,0.03304042
112518,0,0.03304042
112519,0,0.03304042
112520,0,0.03304042
112521,0,0.033040557
112522,0,0.033040557
112523,0,0.033040557
112524,0,0.03304057
112525,0,0.03304057
112526,0,0.03304057
112527,0,0.03304057
112528,0,0.03304057
112529,0,0.03304057
112530,0,0.03304057
112531,0,0.03304057
112532,0,0.03304057
112533,0,0.03304057
112534,0,0.03304054
112535,0,0.033040576
112536,0,0.033040576
112537,0,0.033040576
112538,0,0.03304049
112539,0,0.03304049
112540,0,0.03304049
112541,0,0.03304049
112542,0,0.03304049
112543,0,0.03304049
112544,0,0.033040486
112545,0,0.033040486
112546,0,0.033040486
112547,0,0.0330405
112548,0,0.03304058
112549,0,0.03304058
112550,0,0.0330406
112551,0,0.03304058
112552,0,0.03304058
112553,0,0.033040613
112554,0,0.033040613
112555,0,0.033040557
112556,0,0.033040553
112557,0,0.033040553
112558,0,0.033040553
112559,0,0.033040553
112560,0,0.033040527
112561,0,0.033040527
112562,0,0.033040527
112563,0,0.033040535
112564,0,0.033040535
112565,0,0.033040535
112566,0,0.033040535
112567,0,0.03304056
112568,0,0.03304056
112569,0,0.033040565
112570,0,0.033040565
112571,0,0.033040565
112572,0,0.033040565
112573,0,0.03304057
112574,0,0.03304057
112575,0,0.03304057
112576,0,0.03304057
112577,0,0.033040557
112578,0,0.033040557
112579,0,0.033040557
112580,0,0.033040557
112581,0,0.03304058
112582,0,0.03304058
112583,0,0.033040576
112584,0,0.033040576
112585,0,0.033040576
112586,0,0.033040576
112587,0,0.033040576
112588,0,0.033040594
112589,0,0.033040594
112590,0,0.033040594
112591,0,0.03304056
112592,0,0.03304056
112593,0,0.033040635
112594,0,0.033040635
112595,0,0.033040635
112596,0,0.033040285
112597,0,0.033040285
112598,0,0.033040304
112599,0,0.033040296
112600,0,0.033040296
112601,0,0.033040315
112602,0,0.033040315
112603,0,0.033040315
112604,0,0.033040315
112605,0,0.033040285
112606,0,0.033040352
112607,0,0.033040352
112608,0,0.033040363
112609,0,0.033040363
112610,0,0.033040363
112611,0,0.033040363
112612,0,0.033040363
112613,0,0.033040363
112614,0,0.033040363
112615,0,0.033040363
112616,0,0.033040363
112617,0,0.033040363
112618,0,0.033040438
112619,0,0.033040438
112620,0,0.033040438
112621,0,0.03304048
112622,0,0.033040576
112623,0,0.033040576
112624,0,0.03304042
112625,0,0.03304042
112626,0,0.03304042
112627,0,0.03304042
112628,0,0.03304042
112629,0,0.03304042
112630,0,0.03304042
112631,0,0.03304042
112632,0,0.033040434
112633,0,0.033040434
112634,0,0.033040542
112635,0,0.033040542
112636,0,0.033040542
112637,0,0.033040483
112638,0,0.033040345
112639,0,0.033040345
112640,0,0.03304034
112641,0,0.03304035
112642,0,0.033040356
112643,0,0.033040322
112644,0,0.033040322
112645,0,0.033040322
112646,0,0.033040322
112647,0,0.033040322
112648,0,0.03304047
112649,0,0.03304047
112650,0,0.03304047
112651,0,0.03304047
112652,0,0.03304047
112653,0,0.033040464
112654,0,0.033040464
112655,0,0.033040464
112656,0,0.033040464
112657,0,0.03304049
112658,0,0.03304049
112659,0,0.03304051
112660,0,0.03304051
112661,0,0.033040542
112662,0,0.033040542
112663,0,0.033040605
112664,0,0.033040605
112665,0,0.033040605
112666,0,0.033040605
112667,0,0.033040605
112668,0,0.033040605
112669,0,0.033040605
112670,0,0.03304062
112671,0,0.03304062
112672,0,0.03304062
112673,0,0.033040572
112674,0,0.033040572
112675,0,0.033040572
112676,0,0.033040572
112677,0,0.033040572
112678,0,0.033040572
112679,0,0.033040572
112680,0,0.033040576
112681,0,0.033040576
112682,0,0.033040576
112683,0,0.033040572
112684,0,0.03304055
112685,0,0.033040546
112686,0,0.03304054
112687,0,0.03304054
112688,0,0.03304054
112689,0,0.03304054
112690,0,0.03304054
112691,0,0.033040546
112692,0,0.033040546
112693,0,0.033040546
112694,0,0.033040542
112695,0,0.033040542
112696,0,0.033040576
112697,0,0.033040576
112698,0,0.0330406
112699,0,0.0330406
112700,0,0.0330406
112701,0,0.03304055
112702,0,0.03304055
112703,0,0.03304055
112704,0,0.03304055
112705,0,0.03304055
112706,0,0.033040557
112707,0,0.033040557
112708,0,0.033040557
112709,0,0.033040557
112710,0,0.033040557
112711,0,0.033040594
112712,0,0.033040594
112713,0,0.033040594
112714,0,0.033040594
112715,0,0.033040594
112716,0,0.033040587
112717,0,0.033040587
112718,0,0.03304056
112719,0,0.03304056
112720,0,0.03304056
112721,0,0.03304056
112722,0,0.03304056
112723,0,0.033040553
112724,0,0.033040553
112725,0,0.033040546
112726,0,0.033040546
112727,0,0.033040546
112728,0,0.033040546
112729,0,0.033040546
112730,0,0.03304057
112731,0,0.03304057
112732,0,0.03304057
112733,0,0.03304057
112734,0,0.03304056
112735,0,0.033040587
112736,0,0.033040587
112737,0,0.033040587
112738,0,0.03304059
112739,0,0.03304059
112740,0,0.03304059
112741,0,0.03304059
112742,0,0.03304059
112743,0,0.03304059
112744,0,0.03304059
112745,0,0.03304057
112746,0,0.03304057
112747,0,0.03304057
112748,0,0.0330406
112749,0,0.0330406
112750,0,0.0330406
112751,0,0.033040617
112752,0,0.033040617
112753,0,0.03304055
112754,0,0.03304055
112755,0,0.03304055
112756,0,0.03304055
112757,0,0.03304055
112758,0,0.03304055
112759,0,0.03304055
112760,0,0.03304055
112761,0,0.03304055
112762,0,0.03304055
112763,0,0.033040613
112764,0,0.033040605
112765,0,0.033040605
112766,0,0.03304056
112767,0,0.03304056
112768,0,0.03304056
112769,0,0.033040553
112770,0,0.033040553
112771,0,0.033040553
112772,0,0.03304056
112773,0,0.03304056
112774,0,0.03304056
112775,0,0.03304056
112776,0,0.03304056
112777,0,0.03304056
112778,0,0.03304056
112779,0,0.03304053
112780,0,0.03304053
112781,0,0.03304056
112782,0,0.03304056
112783,0,0.03304056
112784,0,0.03304056
112785,0,0.03304056
112786,0,0.03304057
112787,0,0.033040542
112788,0,0.033040546
112789,0,0.033040546
112790,0,0.033040546
112791,0,0.033040546
112792,0,0.033040535
112793,0,0.03304055
112794,0,0.03304055
112795,0,0.03304055
112796,0,0.03304055
112797,0,0.033040557
112798,0,0.033040553
112799,0,0.033040553
112800,0,0.03304055
112801,0,0.03304055
112802,0,0.03304055
112803,0,0.033040546
112804,0,0.033040546
112805,0,0.033040546
112806,0,0.033040546
112807,0,0.033040505
112808,0,0.033040505
112809,0,0.03304027
112810,0,0.03304027
112811,0,0.03304027
112812,0,0.03304027
112813,0,0.03304027
112814,0,0.03304027
112815,0,0.03304027
112816,0,0.03304027
112817,0,0.03304027
112818,0,0.03304027
112819,0,0.033040617
112820,0,0.033040617
112821,0,0.033040617
112822,0,0.0330406
112823,0,0.0330406
112824,0,0.0330406
112825,0,0.033040565
112826,0,0.03304056
112827,0,0.03304056
112828,0,0.03304055
112829,0,0.03304055
112830,0,0.03304055
112831,0,0.033040546
112832,0,0.03304055
112833,0,0.03304055
112834,0,0.03304055
112835,0,0.03304055
112836,0,0.03304055
112837,0,0.03304055
112838,0,0.033040553
112839,0,0.033040553
112840,0,0.033040553
112841,0,0.033040553
112842,0,0.033040553
112843,0,0.033040553
112844,0,0.033040553
112845,0,0.033040553
112846,0,0.033040587
112847,0,0.033040587
112848,0,0.033040587
112849,0,0.033040587
112850,0,0.03304059
112851,0,0.03304059
112852,0,0.03304059
112853,0,0.03304059
112854,0,0.033040583
112855,0,0.03304059
112856,0,0.03304059
112857,0,0.033040598
112858,0,0.033040598
112859,0,0.033040598
112860,0,0.033040598
112861,0,0.033040598
112862,0,0.033040598
112863,0,0.033040587
112864,0,0.033040598
112865,0,0.033040598
112866,0,0.033040598
112867,0,0.033040598
112868,0,0.033040598
112869,0,0.033040598
112870,0,0.033040598
112871,0,0.033040598
112872,0,0.03304055
112873,0,0.03304055
112874,0,0.03304055
112875,0,0.03304055
112876,0,0.03304055
112877,0,0.03304055
112878,0,0.033040542
112879,0,0.033040553
112880,0,0.033040553
112881,0,0.033040553
112882,0,0.03304057
112883,0,0.03304057
112884,0,0.03304057
112885,0,0.03304057
112886,0,0.03304057
112887,0,0.03304047
112888,0,0.03304047
112889,0,0.03304047
112890,0,0.033040356
112891,0,0.033040356
112892,0,0.033040356
112893,0,0.033040356
112894,0,0.033040356
112895,0,0.033040356
112896,0,0.033040363
112897,0,0.033040363
112898,0,0.033040363
112899,0,0.033040363
112900,0,0.0330405
112901,0,0.0330405
112902,0,0.03304049
112903,0,0.033040382
112904,0,0.033040375
112905,0,0.033040375
112906,0,0.033040375
112907,0,0.033040375
112908,0,0.03304038
112909,0,0.03304038
112910,0,0.03304038
112911,0,0.033040386
112912,0,0.033040386
112913,0,0.033040408
112914,0,0.033040565
112915,0,0.033040565
112916,0,0.033040565
112917,0,0.033040565
112918,0,0.033040565
112919,0,0.033040565
112920,0,0.033040565
112921,0,0.033040553
112922,0,0.033040572
112923,0,0.033040572
112924,0,0.033040572
112925,0,0.033040572
112926,0,0.033040572
112927,0,0.033040572
112928,0,0.033040572
112929,0,0.033040572
112930,0,0.033040576
112931,0,0.033040576
112932,0,0.033040542
112933,0,0.03304056
112934,0,0.03304056
112935,0,0.033040553
112936,0,0.033040553
112937,0,0.033040553
112938,0,0.033040553
112939,0,0.033040553
112940,0,0.033040553
112941,0,0.033040553
112942,0,0.033040553
112943,0,0.03304061
112944,0,0.03304061
112945,0,0.033040572
112946,0,0.033040572
112947,0,0.03304058
112948,0,0.03304058
112949,0,0.03304058
112950,0,0.03304058
112951,0,0.03304058
112952,0,0.03304058
112953,0,0.03304058
112954,0,0.03304059
112955,0,0.03304059
112956,0,0.033040594
112957,0,0.033040594
112958,0,0.033040594
112959,0,0.033040594
112960,0,0.033040594
112961,0,0.033040594
112962,0,0.033040516
112963,0,0.033040516
112964,0,0.033040512
112965,0,0.033040512
112966,0,0.033040512
112967,0,0.033040512
112968,0,0.033040512
112969,0,0.033040512
112970,0,0.033040512
112971,0,0.03304051
112972,0,0.033040483
112973,0,0.03304049
112974,0,0.03304049
112975,0,0.03304049
112976,0,0.03304049
112977,0,0.03304049
112978,0,0.03304049
112979,0,0.03304049
112980,0,0.033040453
112981,0,0.033040453
112982,0,0.033040453
112983,0,0.033040423
112984,0,0.033040423
112985,0,0.033040423
112986,0,0.033040423
112987,0,0.03304045
112988,0,0.033040445
112989,0,0.033040445
112990,0,0.033040423
112991,0,0.033040423
112992,0,0.033040423
112993,0,0.033040583
112994,0,0.033040583
112995,0,0.033040535
112996,0,0.033040535
112997,0,0.033040535
112998,0,0.03304053
112999,0,0.03304053
113000,0,0.03304053
113001,0,0.03304054
113002,0,0.03304054
113003,0,0.03304054
113004,0,0.033040535
113005,0,0.033040605
113006,0,0.033040605
113007,0,0.033040605
113008,0,0.033040598
113009,0,0.033040587
113010,0,0.033040173
113011,0,0.033040185
113012,0,0.03304017
113013,0,0.033040166
113014,0,0.033040218
113015,0,0.03304017
113016,0,0.03304018
113017,0,0.033040177
113018,0,0.03304015
113019,0,0.03304017
113020,0,0.03304015
113021,0,0.033040185
113022,0,0.03304018
113023,0,0.033040185
113024,0,0.033040173
113025,0,0.033040162
113026,0,0.033040162
113027,0,0.03304016
113028,0,0.03304017
113029,0,0.033040162
113030,0,0.033040155
113031,0,0.033040147
113032,0,0.033040155
113033,0,0.03304015
113034,0,0.033040147
113035,0,0.03304015
113036,0,0.033040144
113037,0,0.033040155
113038,0,0.03304015
113039,0,0.033040147
113040,0,0.033040162
113041,0,0.033040147
113042,0,0.033040155
113043,0,0.033040155
113044,0,0.033040162
113045,0,0.03304015
113046,0,0.033040147
113047,0,0.033040166
113048,0,0.03304017
113049,0,0.033040162
113050,0,0.033040166
113051,0,0.033040166
113052,0,0.033040155
113053,0,0.033040144
113054,0,0.033040155
113055,0,0.033040166
113056,0,0.03304016
113057,0,0.033040162
113058,0,0.033040144
113059,0,0.033040147
113060,0,0.033040144
113061,0,0.033040144
113062,0,0.03304014
113063,0,0.033040162
113064,0,0.033040147
113065,0,0.03304014
113066,0,0.033040147
113067,0,0.03304016
113068,0,0.03304016
113069,0,0.033040173
113070,0,0.03304017
113071,0,0.033040155
113072,0,0.03304015
113073,0,0.033040155
113074,0,0.033040147
113075,0,0.033040155
113076,0,0.03304017
113077,0,0.03304019
113078,0,0.033040166
113079,0,0.033040162
113080,0,0.033040155
113081,0,0.03304016
113082,0,0.033040173
113083,0,0.033040155
113084,0,0.03304016
113085,0,0.03304015
113086,0,0.033040155
113087,0,0.03304017
113088,0,0.03304018
113089,0,0.033040147
113090,0,0.033040144
113091,0,0.033040147
113092,0,0.03304014
113093,0,0.03304015
113094,0,0.033040147
113095,0,0.03304014
113096,0,0.03304015
113097,0,0.033040155
113098,0,0.033040155
113099,0,0.03304015
113100,0,0.033040162
113101,0,0.03304016
113102,0,0.033040147
113103,0,0.033040147
113104,0,0.033040147
113105,0,0.03304014
113106,0,0.033040147
113107,0,0.03304015
113108,0,0.03304015
113109,0,0.03304015
113110,0,0.033040155
113111,0,0.033040166
113112,0,0.033040166
113113,0,0.03304015
113114,0,0.033040155
113115,0,0.033040166
113116,0,0.03304015
113117,0,0.03304015
113118,0,0.03304016
113119,0,0.03304016
113120,0,0.033040147
113121,0,0.03304016
113122,0,0.033040162
113123,0,0.03304016
113124,0,0.03304015
113125,0,0.03304015
113126,0,0.033040166
113127,0,0.033040147
113128,0,0.03304017
113129,0,0.033040173
113130,0,0.033040166
113131,0,0.033040166
113132,0,0.03304015
113133,0,0.033040155
113134,0,0.03304018
113135,0,0.03304019
113136,0,0.033040166
113137,0,0.03304018
113138,0,0.03304021
113139,0,0.03304018
113140,0,0.033040185
113141,0,0.033040203
113142,0,0.033040218
113143,0,0.03304018
113144,0,0.033040214
113145,0,0.03304018
113146,0,0.03304018
113147,0,0.033040196
113148,0,0.033040196
113149,0,0.03304017
113150,0,0.03304021
113151,0,0.033040192
113152,0,0.033040196
113153,0,0.033040207
113154,0,0.033040214
113155,0,0.033040162
113156,0,0.033040203
113157,0,0.033040166
113158,0,0.033040162
113159,0,0.0330402
113160,0,0.033040177
113161,0,0.033040173
113162,0,0.033040214
113163,0,0.03304017
113164,0,0.033040177
113165,0,0.033040196
113166,0,0.033040173
113167,0,0.03304018
113168,0,0.033040177
113169,0,0.03304017
113170,0,0.03304018
113171,0,0.033040192
113172,0,0.033040185
113173,0,0.033040185
113174,0,0.033040185
113175,0,0.0330402
113176,0,0.033040192
113177,0,0.0330402
113178,0,0.033040177
113179,0,0.03304019
113180,0,0.033040192
113181,0,0.03304018
113182,0,0.03304018
113183,0,0.03304019
113184,0,0.033040162
113185,0,0.033040173
113186,0,0.03304022
113187,0,0.033040155
113188,0,0.033040166
113189,0,0.03304019
113190,0,0.033040185
113191,0,0.033040177
113192,0,0.033040192
113193,0,0.033040166
113194,0,0.033040196
113195,0,0.033040147
113196,0,0.033040144
113197,0,0.033040147
113198,0,0.03304015
113199,0,0.033040147
113200,0,0.033040147
113201,0,0.033040144
113202,0,0.033040144
113203,0,0.03304014
113204,0,0.033040147
113205,0,0.033040147
113206,0,0.03304018
113207,0,0.033040166
113208,0,0.033040162
113209,0,0.033040203
113210,0,0.033040173
113211,0,0.033040173
113212,0,0.033040207
113213,0,0.033040173
113214,0,0.033040136
113215,0,0.033040214
113216,0,0.033040173
113217,0,0.033040144
113218,0,0.033040203
113219,0,0.033040173
113220,0,0.033040136
113221,0,0.033040196
113222,0,0.033040185
113223,0,0.03304021
113224,0,0.033040218
113225,0,0.033040173
113226,0,0.03304014
113227,0,0.033040136
113228,0,0.033040136
113229,0,0.033040136
113230,0,0.033040136
113231,0,0.033040136
113232,0,0.033040136
113233,0,0.033040136
113234,0,0.033040136
113235,0,0.033040136
113236,0,0.033040136
113237,0,0.033040136
113238,0,0.033040136
113239,0,0.033040136
113240,0,0.033040136
113241,0,0.033040136
113242,0,0.033040136
113243,0,0.033040136
113244,0,0.033040136
113245,0,0.033040136
113246,0,0.033040136
113247,0,0.033040136
113248,0,0.033040136
113249,0,0.033040136
113250,0,0.033040136
113251,0,0.033040136
113252,0,0.033040136
113253,0,0.033040136
113254,0,0.033040136
113255,0,0.033040136
113256,0,0.033040136
113257,0,0.033040136
113258,0,0.033040136
113259,0,0.033040136
113260,0,0.033040136
113261,0,0.033040136
113262,0,0.033040136
113263,0,0.033040136
113264,0,0.033040136
113265,0,0.033040136
113266,0,0.033040136
113267,0,0.033040136
113268,0,0.033040136
113269,0,0.033040136
113270,0,0.033040136
113271,0,0.033040136
113272,0,0.033040136
113273,0,0.033040136
113274,0,0.033040136
113275,0,0.033040136
113276,0,0.033040136
113277,0,0.033040136
113278,0,0.033040136
113279,0,0.033040136
113280,0,0.033040136
113281,0,0.033040136
113282,0,0.033040136
113283,0,0.033040136
113284,0,0.033040136
113285,0,0.033040136
113286,0,0.033040136
113287,0,0.033040136
113288,0,0.033040136
113289,0,0.033040136
113290,0,0.033040136
113291,0,0.033040136
113292,0,0.033040136
113293,0,0.033040136
113294,0,0.033040136
113295,0,0.033040136
113296,0,0.033040136
113297,0,0.033040136
113298,0,0.033040136
113299,0,0.033040136
113300,0,0.033040136
113301,0,0.033040136
113302,0,0.033040136
113303,0,0.033040136
113304,0,0.033040136
113305,0,0.033040136
113306,0,0.033040136
113307,0,0.033040136
113308,0,0.033040136
113309,0,0.033040136
113310,0,0.033040136
113311,0,0.033040136
113312,0,0.033040136
113313,0,0.033040136
113314,0,0.033040144
113315,0,0.03304014
113316,0,0.033040196
113317,0,0.033040196
113318,0,0.03304021
113319,0,0.033040274
113320,0,0.033040173
113321,0,0.033040147
113322,0,0.033040207
113323,0,0.03304018
113324,0,0.033040177
113325,0,0.033040166
113326,0,0.033040203
113327,0,0.033040177
113328,0,0.033040214
113329,0,0.03304017
113330,0,0.03304015
113331,0,0.033040218
113332,0,0.03304023
113333,0,0.033040173
113334,0,0.03304021
113335,0,0.033040196
113336,0,0.03304015
113337,0,0.033040196
113338,0,0.033040177
113339,0,0.033040192
113340,0,0.03304018
113341,0,0.033040166
113342,0,0.033040144
113343,0,0.03304017
113344,0,0.033040166
113345,0,0.033040144
113346,0,0.033040266
113347,0,0.033040166
113348,0,0.03304016
113349,0,0.033040233
113350,0,0.033040166
113351,0,0.03304015
113352,0,0.03304022
113353,0,0.03304017
113354,0,0.03304016
113355,0,0.033040207
113356,0,0.033040177
113357,0,0.03304016
113358,0,0.033040196
113359,0,0.03304015
113360,0,0.033040144
113361,0,0.033040162
113362,0,0.03304015
113363,0,0.03304015
113364,0,0.03304019
113365,0,0.03304017
113366,0,0.033040166
113367,0,0.033040203
113368,0,0.033040162
113369,0,0.03304017
113370,0,0.033040226
113371,0,0.033040173
113372,0,0.033040144
113373,0,0.03304017
113374,0,0.033040136
113375,0,0.03304016
113376,0,0.033040185
113377,0,0.033040147
113378,0,0.033040136
113379,0,0.033040173
113380,0,0.033040177
113381,0,0.033040136
113382,0,0.033040196
113383,0,0.033040166
113384,0,0.033040144
113385,0,0.033040203
113386,0,0.03304019
113387,0,0.033040136
113388,0,0.0330402
113389,0,0.033040166
113390,0,0.033040147
113391,0,0.033040185
113392,0,0.033040162
113393,0,0.03304017
113394,0,0.033040185
113395,0,0.033040173
113396,0,0.033040147
113397,0,0.03304024
113398,0,0.033040192
113399,0,0.03304017
113400,0,0.03304018
113401,0,0.033040192
113402,0,0.03304017
113403,0,0.0330402
113404,0,0.033040166
113405,0,0.03304014
113406,0,0.03304022
113407,0,0.033040196
113408,0,0.03304017
113409,0,0.033040214
113410,0,0.03304018
113411,0,0.033040147
113412,0,0.033040185
113413,0,0.033040173
113414,0,0.033040136
113415,0,0.033040218
113416,0,0.03304017
113417,0,0.033040155
113418,0,0.033040192
113419,0,0.03304016
113420,0,0.033040136
113421,0,0.033040226
113422,0,0.033040162
113423,0,0.033040136
113424,0,0.0330402
113425,0,0.033040185
113426,0,0.03304016
113427,0,0.033040192
113428,0,0.033040177
113429,0,0.033040166
113430,0,0.0330402
113431,0,0.033040185
113432,0,0.033040166
113433,0,0.033040196
113434,0,0.033040162
113435,0,0.033040136
113436,0,0.03304022
113437,0,0.03304016
113438,0,0.033040155
113439,0,0.03304018
113440,0,0.03304018
113441,0,0.03304018
113442,0,0.033040203
113443,0,0.03304017
113444,0,0.033040166
113445,0,0.0330402
113446,0,0.033040196
113447,0,0.033040136
113448,0,0.033040207
113449,0,0.033040177
113450,0,0.03304016
113451,0,0.033040192
113452,0,0.033040192
113453,0,0.033040136
113454,0,0.03304022
113455,0,0.033040166
113456,0,0.033040147
113457,0,0.033040192
113458,0,0.033040173
113459,0,0.03304014
113460,0,0.033040203
113461,1,0.36532098
113462,1,0.36532098
113463,0,0.17624566
113464,0,0.17624566
113465,0,0.17624566
113466,0,0.17624566
113467,0,0.17624566
113468,0,0.17624566
113469,0,0.17624566
113470,0,0.17624566
113471,0,0.17624566
113472,0,0.17624566
113473,0,0.17624566
113474,0,0.17624566
113475,0,0.17624566
113476,0,0.17624566
113477,0,0.17624566
113478,0,0.17624566
113479,0,0.17624566
113480,0,0.17624566
113481,0,0.17624566
113482,0,0.17624566
113483,0,0.17624566
113484,0,0.17624566
113485,0,0.17624566
113486,0,0.17624566
113487,0,0.17624566
113488,0,0.17624566
113489,0,0.17624566
113490,0,0.17624566
113491,0,0.17624566
113492,0,0.17624566
113493,0,0.17624566
113494,0,0.17624566
113495,0,0.17624566
113496,0,0.17624566
113497,0,0.17624566
113498,0,0.17624566
113499,0,0.17624566
113500,0,0.17624566
113501,0,0.17624566
113502,0,0.17624566
113503,0,0.17624566
113504,0,0.17624566
113505,0,0.17624566
113506,0,0.17624566
113507,0,0.17624566
113508,0,0.17624566
113509,0,0.17624566
113510,0,0.17624566
113511,0,0.17624566
113512,0,0.17624566
113513,0,0.17624566
113514,0,0.17624566
113515,0,0.17624566
113516,0,0.17624566
113517,0,0.17624566
113518,0,0.17624566
113519,0,0.17624566
113520,0,0.17624566
113521,0,0.17624566
113522,0,0.17624566
113523,0,0.17624566
113524,0,0.17624566
113525,0,0.17624566
113526,0,0.17624566
113527,0,0.17624566
113528,0,0.17624566
113529,0,0.17624566
113530,0,0.17624566
113531,0,0.17624566
113532,0,0.17624566
113533,0,0.17624566
113534,0,0.17624566
113535,0,0.17624566
113536,0,0.17624566
113537,0,0.17624566
113538,0,0.17624566
113539,0,0.17624566
113540,0,0.17624566
113541,0,0.17624566
113542,0,0.17624566
113543,0,0.17624566
113544,0,0.17624566
113545,0,0.17624566
113546,0,0.17624566
113547,0,0.17624566
113548,0,0.17624566
113549,0,0.17624566
113550,0,0.17624566
113551,0,0.17624566
113552,0,0.17624566
113553,0,0.17624566
113554,0,0.17624566
113555,0,0.17624566
113556,0,0.17624566
113557,0,0.17624566
113558,0,0.17624566
113559,0,0.17624566
113560,0,0.17624566
113561,0,0.17624566
113562,0,0.17624566
113563,0,0.17624566
113564,0,0.17624566
113565,0,0.17624566
113566,0,0.17624566
113567,0,0.17624566
113568,0,0.17624566
113569,0,0.17624566
113570,0,0.17624566
113571,0,0.17624566
113572,0,0.17624566
113573,0,0.17624566
113574,0,0.17624566
113575,0,0.17624566
113576,0,0.17624566
113577,0,0.17624566
113578,0,0.17624566
113579,0,0.17624566
113580,0,0.17624566
113581,0,0.17624566
113582,0,0.17624566
113583,0,0.17624566
113584,0,0.17624566
113585,0,0.17624566
113586,0,0.17624566
113587,0,0.17624566
113588,0,0.17624566
113589,0,0.17624566
113590,0,0.17624566
113591,0,0.17624566
113592,0,0.17624566
113593,0,0.17624566
113594,0,0.17624566
113595,0,0.17624566
113596,0,0.17624566
113597,0,0.17624566
113598,0,0.17624566
113599,0,0.17624566
113600,0,0.17624566
113601,0,0.17624566
113602,0,0.17624566
113603,0,0.17624566
113604,0,0.17624566
113605,0,0.17624566
113606,0,0.17624566
113607,0,0.17624566
113608,0,0.17624566
113609,0,0.17624566
113610,0,0.17624566
113611,0,0.17624566
113612,0,0.17624566
113613,0,0.17624566
113614,0,0.17624566
113615,0,0.17624566
113616,0,0.17624566
113617,0,0.17624566
113618,0,0.17624566
113619,0,0.17624566
113620,0,0.17624566
113621,0,0.17624566
113622,0,0.17624566
113623,0,0.17624566
113624,0,0.17624566
113625,0,0.17624566
113626,0,0.17624566
113627,0,0.17624566
113628,0,0.17624566
113629,0,0.17624566
113630,0,0.17624566
113631,0,0.17624566
113632,0,0.17624566
113633,0,0.17624566
113634,0,0.17624566
113635,0,0.17624566
113636,0,0.17624566
113637,0,0.17624566
113638,0,0.17624566
113639,0,0.17624566
113640,0,0.17624566
113641,0,0.17624566
113642,0,0.17624566
113643,0,0.17624566
113644,0,0.17624566
113645,0,0.17624566
113646,0,0.17624566
113647,0,0.17624566
113648,0,0.17624566
113649,0,0.17624566
113650,0,0.17624566
113651,0,0.17624566
113652,0,0.17624566
113653,0,0.17624566
113654,0,0.17624566
113655,0,0.17624566
113656,0,0.17624566
113657,0,0.17624566
113658,0,0.17624566
113659,0,0.17624566
113660,0,0.17624566
113661,0,0.17624566
113662,0,0.17624566
113663,0,0.17624566
113664,0,0.17624566
113665,0,0.17624566
113666,0,0.17624566
113667,0,0.17624566
113668,0,0.17624566
113669,0,0.17624566
113670,0,0.17624566
113671,0,0.17624566
113672,0,0.17624566
113673,0,0.17624566
113674,0,0.17624566
113675,0,0.17624566
113676,0,0.17624566
113677,0,0.17624566
113678,0,0.17624566
113679,0,0.17624566
113680,0,0.17624566
113681,0,0.17624566
113682,0,0.17624566
113683,0,0.17624566
113684,0,0.17624566
113685,0,0.17624566
113686,0,0.17624566
113687,0,0.17624566
113688,0,0.17624566
113689,0,0.17624566
113690,0,0.17624566
113691,0,0.17624566
113692,0,0.17624566
113693,0,0.17624566
113694,0,0.17624566
113695,0,0.17624566
113696,0,0.17624566
113697,0,0.17624566
113698,0,0.17624566
113699,0,0.17624566
113700,0,0.17624566
113701,0,0.17624566
113702,0,0.17624566
113703,0,0.17624566
113704,0,0.17624566
113705,0,0.17624566
113706,0,0.17624566
113707,0,0.17624566
113708,0,0.17624566
113709,0,0.17624566
113710,0,0.17624566
113711,0,0.17624566
113712,0,0.17624566
113713,0,0.17624566
113714,0,0.17624566
113715,0,0.17624566
113716,0,0.17624566
113717,0,0.17624566
113718,0,0.17624566
113719,0,0.17624566
113720,0,0.17624566
113721,0,0.17624566
113722,0,0.17624566
113723,0,0.17624566
113724,0,0.17624566
113725,0,0.17624566
113726,0,0.17624566
113727,0,0.17624566
113728,0,0.17624566
113729,0,0.17624566
113730,0,0.17624566
113731,0,0.17624566
113732,0,0.17624566
113733,0,0.17624566
113734,0,0.17624566
113735,0,0.17624566
113736,0,0.17624566
113737,0,0.17624566
113738,0,0.17624566
113739,0,0.17624566
113740,0,0.17624566
113741,0,0.17624566
113742,0,0.17624566
113743,0,0.17624566
113744,0,0.17624566
113745,0,0.17624566
113746,0,0.17624566
113747,0,0.17624566
113748,0,0.17624566
113749,0,0.17624566
113750,0,0.17624566
113751,0,0.17624566
113752,0,0.17624566
113753,0,0.17624566
113754,0,0.17624566
113755,0,0.17624566
113756,0,0.17624566
113757,0,0.17624566
113758,0,0.17624566
113759,0,0.17624566
113760,0,0.17624566
113761,0,0.17624566
113762,0,0.17624566
113763,0,0.17624566
113764,0,0.17624566
113765,0,0.17624566
113766,0,0.17624566
113767,0,0.17624566
113768,0,0.17624566
113769,0,0.17624566
113770,0,0.17624566
113771,0,0.17624566
113772,0,0.17624566
113773,0,0.17624566
113774,0,0.17624566
113775,0,0.17624566
113776,0,0.17624566
113777,0,0.17624566
113778,0,0.17624566
113779,0,0.17624566
113780,0,0.17624566
113781,0,0.17624566
113782,0,0.17624566
113783,0,0.17624566
113784,0,0.17624566
113785,0,0.17624566
113786,0,0.17624566
113787,0,0.17624566
113788,0,0.17624566
113789,0,0.17624566
113790,0,0.17624566
113791,0,0.17624566
113792,0,0.17624566
113793,0,0.17624566
113794,0,0.17624566
113795,0,0.17624566
113796,0,0.17624566
113797,0,0.17624566
113798,0,0.17624566
113799,0,0.17624566
113800,0,0.17624566
113801,0,0.17624566
113802,0,0.17624566
113803,0,0.17624566
113804,0,0.17624566
113805,0,0.17624566
113806,0,0.17624566
113807,0,0.17624566
113808,0,0.17624566
113809,0,0.17624566
113810,0,0.17624566
113811,0,0.17624566
113812,0,0.17624566
113813,0,0.17624566
113814,0,0.17624566
113815,0,0.17624566
113816,0,0.17624566
113817,0,0.17624566
113818,0,0.17624566
113819,0,0.17624566
113820,0,0.17624566
113821,0,0.17624566
113822,0,0.17624566
113823,0,0.17624566
113824,0,0.17624566
113825,0,0.17624566
113826,0,0.17624566
113827,0,0.17624566
113828,0,0.17624566
113829,0,0.17624566
113830,0,0.17624566
113831,0,0.17624566
113832,0,0.17624566
113833,0,0.17624566
113834,0,0.17624566
113835,0,0.17624566
113836,0,0.17624566
113837,0,0.17624566
113838,0,0.17624566
113839,0,0.17624566
113840,0,0.17624566
113841,0,0.17624566
113842,0,0.17624566
113843,0,0.17624566
113844,0,0.17624566
113845,0,0.17624566
113846,0,0.17624566
113847,0,0.17624566
113848,0,0.17624566
113849,0,0.17624566
113850,0,0.17624566
113851,0,0.17624566
113852,0,0.17624566
113853,0,0.17624566
113854,0,0.17624566
113855,0,0.17624566
113856,0,0.17624566
113857,0,0.17624566
113858,0,0.17624566
113859,0,0.17624566
113860,0,0.17624566
113861,0,0.17624566
113862,0,0.17624566
113863,0,0.17624566
113864,0,0.17624566
113865,0,0.17624566
113866,0,0.17624566
113867,0,0.17624566
113868,0,0.17624566
113869,0,0.17624566
113870,0,0.17624566
113871,0,0.17624566
113872,0,0.17624566
113873,0,0.17624566
113874,0,0.17624566
113875,0,0.17624566
113876,0,0.17624566
113877,0,0.17624566
113878,0,0.17624566
113879,0,0.17624566
113880,0,0.17624566
113881,0,0.17624566
113882,0,0.17624566
113883,0,0.17624566
113884,0,0.17624566
113885,0,0.17624566
113886,0,0.17624566
113887,0,0.17624566
113888,0,0.17624566
113889,0,0.17624566
113890,0,0.17624566
113891,0,0.17624566
113892,0,0.17624566
113893,0,0.17624566
113894,0,0.17624566
113895,0,0.17624566
113896,0,0.17624566
113897,0,0.17624566
113898,0,0.17624566
113899,0,0.17624566
113900,0,0.17624566
113901,0,0.17624566
113902,0,0.17624566
113903,0,0.17624566
113904,0,0.17624566
113905,0,0.17624566
113906,0,0.17624566
113907,0,0.17624566
113908,0,0.17624566
113909,0,0.17624566
113910,0,0.17624566
113911,0,0.17624566
113912,0,0.17624566
113913,0,0.17624566
113914,0,0.17624566
113915,0,0.17624566
113916,0,0.17624566
113917,0,0.17624566
113918,0,0.17624566
113919,0,0.17624566
113920,0,0.17624566
113921,0,0.17624566
113922,0,0.17624566
113923,0,0.17624566
113924,0,0.17624566
113925,0,0.17624566
113926,0,0.17624566
113927,0,0.17624566
113928,0,0.17624566
113929,0,0.17624566
113930,0,0.17624566
113931,0,0.17624566
113932,0,0.17624566
113933,0,0.17624566
113934,0,0.17624566
113935,0,0.17624566
113936,0,0.17624566
113937,0,0.17624566
113938,0,0.17624566
113939,0,0.17624566
113940,0,0.17624566
113941,0,0.17624566
113942,0,0.17624566
113943,0,0.17624566
113944,0,0.17624566
113945,0,0.17624566
113946,0,0.17624566
113947,0,0.17624566
113948,0,0.17624566
113949,0,0.17624566
113950,0,0.17624566
113951,0,0.17624566
113952,0,0.17624566
113953,0,0.17624566
113954,0,0.17624566
113955,0,0.17624566
113956,0,0.17624566
113957,0,0.17624566
113958,0,0.17624566
113959,0,0.17624566
113960,0,0.17624566
113961,0,0.17624566
113962,0,0.17624566
113963,0,0.17624566
113964,0,0.17624566
113965,0,0.17624566
113966,0,0.17624566
113967,0,0.17624566
113968,0,0.17624566
113969,0,0.17624566
113970,0,0.17624566
113971,0,0.17624566
113972,0,0.17624566
113973,0,0.17624566
113974,0,0.17624566
113975,0,0.17624566
113976,0,0.17624566
113977,0,0.17624566
113978,0,0.17624566
113979,0,0.17624566
113980,0,0.17624566
113981,0,0.17624566
113982,0,0.17624566
113983,0,0.17624566
113984,0,0.17624566
113985,0,0.17624566
113986,0,0.17624566
113987,0,0.17624566
113988,0,0.17624566
113989,0,0.17624566
113990,0,0.17624566
113991,0,0.17624566
113992,0,0.17624566
113993,0,0.17624566
113994,0,0.17624566
113995,0,0.17624566
113996,0,0.17624566
113997,0,0.17624566
113998,0,0.17624566
113999,0,0.17624566
114000,0,0.17624566
114001,0,0.17624566
114002,0,0.17624566
114003,0,0.17624566
114004,0,0.17624566
114005,0,0.17624566
114006,0,0.17624566
114007,0,0.17624566
114008,0,0.17624566
114009,0,0.17624566
114010,0,0.17624566
114011,0,0.17624566
114012,0,0.17624566
114013,0,0.17624566
114014,0,0.17624566
114015,0,0.17624566
114016,0,0.17624566
114017,0,0.17624566
114018,0,0.17624566
114019,0,0.17624566
114020,0,0.17624566
114021,0,0.17624566
114022,0,0.17624566
114023,0,0.17624566
114024,0,0.17624566
114025,0,0.17624566
114026,0,0.17624566
114027,0,0.17624566
114028,0,0.17624566
114029,0,0.17624566
114030,0,0.17624566
114031,0,0.17624566
114032,0,0.17624566
114033,0,0.17624566
114034,0,0.17624566
114035,0,0.17624566
114036,0,0.17624566
114037,0,0.17624566
114038,0,0.17624566
114039,0,0.17624566
114040,0,0.17624566
114041,0,0.17624566
114042,0,0.17624566
114043,0,0.17624566
114044,0,0.17624566
114045,0,0.17624566
114046,0,0.17624566
114047,0,0.17624566
114048,0,0.17624566
114049,0,0.17624566
114050,0,0.17624566
114051,0,0.17624566
114052,0,0.17624566
114053,0,0.17624566
114054,0,0.17624566
114055,0,0.17624566
114056,0,0.17624566
114057,0,0.17624566
114058,0,0.17624566
114059,0,0.17624566
114060,0,0.17624566
114061,0,0.17624566
114062,0,0.17624566
114063,0,0.17624566
114064,0,0.17624566
114065,0,0.17624566
114066,0,0.17624566
114067,0,0.17624566
114068,0,0.17624566
114069,0,0.17624566
114070,0,0.17624566
114071,0,0.17624566
114072,0,0.17624566
114073,0,0.17624566
114074,0,0.17624566
114075,0,0.17624566
114076,0,0.17624566
114077,0,0.17624566
114078,0,0.17624566
114079,0,0.17624566
114080,0,0.17624566
114081,0,0.17624566
114082,0,0.17624566
114083,0,0.17624566
114084,0,0.17624566
114085,0,0.17624566
114086,0,0.17624566
114087,0,0.17624566
114088,0,0.17624566
114089,0,0.17624566
114090,0,0.17624566
114091,0,0.17624566
114092,0,0.17624566
114093,0,0.17624566
114094,0,0.17624566
114095,0,0.17624566
114096,0,0.17624566
114097,0,0.17624566
114098,0,0.17624566
114099,0,0.17624566
114100,0,0.17624566
114101,0,0.17624566
114102,0,0.17624566
114103,0,0.17624566
114104,0,0.17624566
114105,0,0.17624566
114106,0,0.17624566
114107,0,0.17624566
114108,0,0.17624566
114109,0,0.17624566
114110,0,0.17624566
114111,0,0.17624566
114112,0,0.17624566
114113,0,0.17624566
114114,0,0.17624566
114115,0,0.17624566
114116,0,0.17624566
114117,0,0.17624566
114118,0,0.17624566
114119,0,0.17624566
114120,0,0.17624566
114121,0,0.17624566
114122,0,0.17624566
114123,0,0.17624566
114124,0,0.17624566
114125,0,0.17624566
114126,0,0.17624566
114127,0,0.17624566
114128,0,0.17624566
114129,0,0.17624566
114130,0,0.17624566
114131,0,0.17624566
114132,0,0.17624566
114133,0,0.17624566
114134,0,0.17624566
114135,0,0.17624566
114136,0,0.17624566
114137,0,0.17624566
114138,0,0.17624566
114139,0,0.17624566
114140,0,0.17624566
114141,0,0.17624566
114142,0,0.17624566
114143,0,0.17624566
114144,0,0.17624566
114145,0,0.17624566
114146,0,0.17624566
114147,0,0.17624566
114148,0,0.17624566
114149,0,0.17624566
114150,0,0.17624566
114151,0,0.17624566
114152,0,0.17624566
114153,0,0.17624566
114154,0,0.17624566
114155,0,0.17624566
114156,0,0.17624566
114157,0,0.17624566
114158,0,0.17624566
114159,0,0.17624566
114160,0,0.17624566
114161,0,0.17624566
114162,0,0.17624566
114163,0,0.17624566
114164,0,0.17624566
114165,0,0.17624566
114166,0,0.17624566
114167,0,0.17624566
114168,0,0.17624566
114169,0,0.17624566
114170,0,0.17624566
114171,0,0.17624566
114172,0,0.17624566
114173,0,0.17624566
114174,0,0.17624566
114175,0,0.17624566
114176,0,0.17624566
114177,0,0.17624566
114178,0,0.17624566
114179,0,0.17624566
114180,0,0.17624566
114181,0,0.17624566
114182,0,0.17624566
114183,0,0.17624566
114184,0,0.17624566
114185,0,0.17624566
114186,0,0.17624566
114187,0,0.17624566
114188,0,0.17624566
114189,0,0.17624566
114190,0,0.17624566
114191,0,0.17624566
114192,0,0.17624566
114193,0,0.17624566
114194,0,0.17624566
114195,0,0.17624566
114196,0,0.17624566
114197,0,0.17624566
114198,0,0.17624566
114199,0,0.17624566
114200,0,0.17624566
114201,0,0.17624566
114202,0,0.17624566
114203,0,0.17624566
114204,0,0.17624566
114205,0,0.17624566
114206,0,0.17624566
114207,0,0.17624566
114208,0,0.17624566
114209,0,0.17624566
114210,0,0.17624566
114211,0,0.17624566
114212,0,0.17624566
114213,0,0.17624566
114214,0,0.17624566
114215,0,0.17624566
114216,0,0.17624566
114217,0,0.17624566
114218,0,0.17624566
114219,0,0.17624566
114220,0,0.17624566
114221,0,0.17624566
114222,0,0.17624566
114223,0,0.17624566
114224,0,0.17624566
114225,0,0.17624566
114226,0,0.17624566
114227,0,0.17624566
114228,0,0.17624566
114229,0,0.17624566
114230,0,0.17624566
114231,0,0.17624566
114232,0,0.17624566
114233,0,0.17624566
114234,0,0.17624566
114235,0,0.17624566
114236,0,0.17624566
114237,0,0.17624566
114238,0,0.17624566
114239,0,0.17624566
114240,0,0.17624566
114241,0,0.17624566
114242,0,0.17624566
114243,0,0.17624566
114244,0,0.17624566
114245,0,0.17624566
114246,0,0.17624566
114247,0,0.17624566
114248,0,0.17624566
114249,0,0.17624566
114250,0,0.17624566
114251,0,0.17624566
114252,0,0.17624566
114253,0,0.17624566
114254,0,0.17624566
114255,0,0.17624566
114256,0,0.17624566
114257,0,0.17624566
114258,0,0.17624566
114259,0,0.17624566
114260,0,0.17624566
114261,0,0.17624566
114262,0,0.17624566
114263,0,0.17624566
114264,0,0.17624566
114265,0,0.17624566
114266,0,0.17624566
114267,0,0.17624566
114268,0,0.17624566
114269,0,0.17624566
114270,0,0.17624566
114271,0,0.17624566
114272,0,0.17624566
114273,0,0.17624566
114274,0,0.17624566
114275,0,0.17624566
114276,0,0.17624566
114277,0,0.17624566
114278,0,0.17624566
114279,0,0.17624566
114280,0,0.17624566
114281,0,0.17624566
114282,0,0.17624566
114283,0,0.17624566
114284,0,0.17624566
114285,0,0.17624566
114286,0,0.17624566
114287,0,0.17624566
114288,0,0.17624566
114289,0,0.17624566
114290,0,0.17624566
114291,0,0.17624566
114292,0,0.17624566
114293,0,0.17624566
114294,0,0.17624566
114295,0,0.17624566
114296,0,0.17624566
114297,0,0.17624566
114298,0,0.17624566
114299,0,0.17624566
114300,0,0.17624566
114301,0,0.17624566
114302,0,0.17624566
114303,0,0.17624566
114304,0,0.17624566
114305,0,0.17624566
114306,0,0.17624566
114307,0,0.17624566
114308,0,0.17624566
114309,0,0.17624566
114310,0,0.17624566
114311,0,0.17624566
114312,0,0.17624566
114313,0,0.17624566
114314,0,0.17624566
114315,0,0.17624566
114316,0,0.17624566
114317,0,0.17624566
114318,0,0.17624566
114319,0,0.17624566
114320,0,0.17624566
114321,0,0.17624566
114322,0,0.17624566
114323,0,0.17624566
114324,0,0.17624566
114325,0,0.17624566
114326,0,0.17624566
114327,0,0.17624566
114328,0,0.17624566
114329,0,0.17624566
114330,0,0.17624566
114331,0,0.17624566
114332,0,0.17624566
114333,0,0.17624566
114334,0,0.17624566
114335,0,0.17624566
114336,0,0.17624566
114337,0,0.17624566
114338,0,0.17624566
114339,0,0.17624566
114340,0,0.17624566
114341,0,0.17624566
114342,0,0.17624566
114343,0,0.17624566
114344,0,0.17624566
114345,0,0.17624566
114346,0,0.17624566
114347,0,0.17624566
114348,0,0.17624566
114349,0,0.17624566
114350,0,0.17624566
114351,0,0.17624566
114352,0,0.17624566
114353,0,0.17624566
114354,0,0.17624566
114355,0,0.17624566
114356,0,0.17624566
114357,0,0.17624566
114358,0,0.17624566
114359,0,0.17624566
114360,0,0.17624566
114361,0,0.17624566
114362,0,0.17624566
114363,0,0.17624566
114364,0,0.17624566
114365,0,0.17624566
114366,0,0.17624566
114367,0,0.17624566
114368,0,0.17624566
114369,0,0.17624566
114370,0,0.17624566
114371,0,0.17624566
114372,0,0.17624566
114373,0,0.17624566
114374,0,0.17624566
114375,0,0.17624566
114376,0,0.17624566
114377,0,0.17624566
114378,0,0.17624566
114379,0,0.17624566
114380,0,0.17624566
114381,0,0.17624566
114382,0,0.17624566
114383,0,0.17624566
114384,0,0.17624566
114385,0,0.17624566
114386,0,0.17624566
114387,0,0.17624566
114388,0,0.17624566
114389,0,0.17624566
114390,0,0.17624566
114391,0,0.17624566
114392,0,0.17624566
114393,0,0.17624566
114394,0,0.17624566
114395,0,0.17624566
114396,0,0.17624566
114397,0,0.17624566
114398,0,0.17624566
114399,0,0.17624566
114400,0,0.17624566
114401,0,0.17624566
114402,0,0.17624566
114403,0,0.17624566
114404,0,0.17624566
114405,0,0.17624566
114406,0,0.17624566
114407,0,0.17624566
114408,0,0.17624566
114409,0,0.17624566
114410,0,0.17624566
114411,0,0.17624566
114412,0,0.17624566
114413,0,0.17624566
114414,0,0.17624566
114415,0,0.17624566
114416,0,0.17624566
114417,0,0.17624566
114418,0,0.17624566
114419,0,0.17624566
114420,0,0.17624566
114421,0,0.17624566
114422,0,0.17624566
114423,0,0.17624566
114424,0,0.17624566
114425,0,0.17624566
114426,0,0.17624566
114427,0,0.17624566
114428,0,0.17624566
114429,0,0.17624566
114430,0,0.17624566
114431,0,0.17624566
114432,0,0.17624566
114433,0,0.17624566
114434,0,0.17624566
114435,0,0.17624566
114436,0,0.17624566
114437,0,0.17624566
114438,0,0.17624566
114439,0,0.17624566
114440,0,0.17624566
114441,0,0.17624566
114442,0,0.17624566
114443,0,0.17624566
114444,0,0.17624566
114445,0,0.17624566
114446,0,0.17624566
114447,0,0.17624566
114448,0,0.17624566
114449,0,0.17624566
114450,0,0.17624566
114451,0,0.17624566
114452,0,0.17624566
114453,0,0.17624566
114454,0,0.17624566
114455,0,0.17624566
114456,0,0.17624566
114457,0,0.17624566
114458,0,0.17624566
114459,0,0.17624566
114460,0,0.17624566
114461,0,0.17624566
114462,0,0.17624566
114463,0,0.17624566
114464,0,0.17624566
114465,0,0.17624566
114466,0,0.17624566
114467,0,0.17624566
114468,0,0.17624566
114469,0,0.17624566
114470,0,0.17624566
114471,0,0.17624566
114472,0,0.17624566
114473,0,0.17624566
114474,0,0.17624566
114475,0,0.17624566
114476,0,0.17624566
114477,0,0.17624566
114478,0,0.17624566
114479,0,0.17624566
114480,0,0.17624566
114481,0,0.17624566
114482,0,0.17624566
114483,0,0.17624566
114484,0,0.17624566
114485,0,0.17624566
114486,0,0.17624566
114487,0,0.17624566
114488,0,0.17624566
114489,0,0.17624566
114490,0,0.17624566
114491,0,0.17624566
114492,0,0.17624566
114493,0,0.17624566
114494,0,0.17624566
114495,0,0.17624566
114496,0,0.17624566
114497,0,0.17624566
114498,0,0.17624566
114499,0,0.17624566
114500,0,0.17624566
114501,0,0.17624566
114502,0,0.17624566
114503,0,0.17624566
114504,0,0.17624566
114505,0,0.17624566
114506,0,0.17624566
114507,0,0.17624566
114508,0,0.17624566
114509,0,0.17624566
114510,0,0.17624566
114511,0,0.17624566
114512,0,0.17624566
114513,0,0.17624566
114514,0,0.17624566
114515,0,0.17624566
114516,0,0.17624566
114517,0,0.17624566
114518,0,0.17624566
114519,0,0.17624566
114520,0,0.17624566
114521,0,0.17624566
114522,0,0.17624566
114523,0,0.17624566
114524,0,0.17624566
114525,0,0.17624566
114526,0,0.17624566
114527,0,0.17624566
114528,0,0.17624566
114529,0,0.17624566
114530,0,0.17624566
114531,0,0.17624566
114532,0,0.17624566
114533,0,0.17624566
114534,0,0.17624566
114535,0,0.17624566
114536,0,0.17624566
114537,0,0.17624566
114538,0,0.17624566
114539,0,0.17624566
114540,0,0.17624566
114541,0,0.17624566
114542,0,0.17624566
114543,0,0.17624566
114544,0,0.17624566
114545,0,0.17624566
114546,0,0.17624566
114547,0,0.17624566
114548,0,0.17624566
114549,0,0.17624566
114550,0,0.17624566
114551,0,0.17624566
114552,0,0.17624566
114553,0,0.17624566
114554,0,0.17624566
114555,0,0.17624566
114556,0,0.17624566
114557,0,0.17624566
114558,0,0.17624566
114559,0,0.17624566
114560,0,0.17624566
114561,0,0.17624566
114562,0,0.17624566
114563,0,0.17624566
114564,0,0.17624566
114565,0,0.17624566
114566,0,0.17624566
114567,0,0.17624566
114568,0,0.17624566
114569,0,0.17624566
114570,0,0.17624566
114571,0,0.17624566
114572,0,0.17624566
114573,0,0.17624566
114574,0,0.17624566
114575,0,0.17624566
114576,0,0.17624566
114577,0,0.17624566
114578,0,0.17624566
114579,0,0.17624566
114580,0,0.17624566
114581,0,0.17624566
114582,0,0.17624566
114583,0,0.17624566
114584,0,0.17624566
114585,0,0.17624566
114586,0,0.17624566
114587,0,0.17624566
114588,0,0.17624566
114589,0,0.17624566
114590,0,0.17624566
114591,0,0.17624566
114592,0,0.17624566
114593,0,0.17624566
114594,0,0.17624566
114595,0,0.17624566
114596,0,0.17624566
114597,0,0.17624566
114598,0,0.17624566
114599,0,0.17624566
114600,0,0.17624566
114601,0,0.17624566
114602,0,0.17624566
114603,0,0.17624566
114604,0,0.17624566
114605,0,0.17624566
114606,0,0.17624566
114607,0,0.17624566
114608,0,0.17624566
114609,0,0.17624566
114610,0,0.17624566
114611,0,0.17624566
114612,0,0.17624566
114613,0,0.17624566
114614,0,0.17624566
114615,0,0.17624566
114616,0,0.17624566
114617,0,0.17624566
114618,0,0.17624566
114619,0,0.17624566
114620,0,0.17624566
114621,0,0.17624566
114622,0,0.17624566
114623,0,0.17624566
114624,0,0.17624566
114625,0,0.17624566
114626,0,0.17624566
114627,0,0.17624566
114628,0,0.17624566
114629,0,0.17624566
114630,0,0.17624566
114631,0,0.17624566
114632,0,0.17624566
114633,0,0.17624566
114634,0,0.17624566
114635,0,0.17624566
114636,0,0.17624566
114637,0,0.17624566
114638,0,0.17624566
114639,0,0.17624566
114640,0,0.17624566
114641,0,0.17624566
114642,0,0.17624566
114643,0,0.17624566
114644,0,0.17624566
114645,0,0.17624566
114646,0,0.17624566
114647,0,0.17624566
114648,0,0.17624566
114649,0,0.17624566
114650,0,0.17624566
114651,0,0.17624566
114652,0,0.17624566
114653,0,0.17624566
114654,0,0.17624566
114655,0,0.17624566
114656,0,0.17624566
114657,0,0.17624566
114658,0,0.17624566
114659,0,0.17624566
114660,0,0.17624566
114661,0,0.17624566
114662,0,0.17624566
114663,0,0.17624566
114664,0,0.17624566
114665,0,0.17624566
114666,0,0.17624566
114667,0,0.17624566
114668,0,0.17624566
114669,0,0.17624566
114670,0,0.17624566
114671,0,0.17624566
114672,0,0.17624566
114673,0,0.17624566
114674,0,0.17624566
114675,0,0.17624566
114676,0,0.17624566
114677,0,0.17624566
114678,0,0.17624566
114679,0,0.17624566
114680,0,0.17624566
114681,0,0.17624566
114682,0,0.17624566
114683,0,0.17624566
114684,0,0.17624566
114685,0,0.17624566
114686,0,0.17624566
114687,0,0.17624566
114688,0,0.17624566
114689,0,0.17624566
114690,0,0.17624566
114691,0,0.17624566
114692,0,0.17624566
114693,0,0.17624566
114694,0,0.17624566
114695,0,0.17624566
114696,0,0.17624566
114697,0,0.17624566
114698,0,0.17624566
114699,0,0.17624566
114700,0,0.17624566
114701,0,0.17624566
114702,0,0.17624566
114703,0,0.17624566
114704,0,0.17624566
114705,0,0.17624566
114706,0,0.17624566
114707,0,0.17624566
114708,0,0.17624566
114709,0,0.17624566
114710,0,0.17624566
114711,0,0.17624566
114712,0,0.17624566
114713,0,0.17624566
114714,0,0.17624566
114715,0,0.17624566
114716,0,0.17624566
114717,0,0.17624566
114718,0,0.17624566
114719,0,0.17624566
114720,0,0.17624566
114721,0,0.17624566
114722,0,0.17624566
114723,0,0.17624566
114724,0,0.17624566
114725,0,0.17624566
114726,0,0.17624566
114727,0,0.17624566
114728,0,0.17624566
114729,0,0.17624566
114730,0,0.17624566
114731,0,0.17624566
114732,0,0.17624566
114733,0,0.17624566
114734,0,0.17624566
114735,0,0.17624566
114736,0,0.17624566
114737,0,0.17624566
114738,0,0.17624566
114739,0,0.17624566
114740,0,0.17624566
114741,0,0.17624566
114742,0,0.17624566
114743,0,0.17624566
114744,0,0.17624566
114745,0,0.17624566
114746,0,0.17624566
114747,0,0.17624566
114748,0,0.17624566
114749,0,0.17624566
114750,0,0.17624566
114751,0,0.17624566
114752,0,0.17624566
114753,0,0.17624566
114754,0,0.17624566
114755,0,0.17624566
114756,0,0.17624566
114757,0,0.17624566
114758,0,0.17624566
114759,0,0.17624566
114760,0,0.17624566
114761,0,0.17624566
114762,0,0.17624566
114763,0,0.17624566
114764,0,0.17624566
114765,0,0.17624566
114766,0,0.17624566
114767,0,0.17624566
114768,0,0.17624566
114769,0,0.17624566
114770,0,0.17624566
114771,0,0.17624566
114772,0,0.17624566
114773,0,0.17624566
114774,0,0.17624566
114775,0,0.17624566
114776,0,0.17624566
114777,0,0.17624566
114778,0,0.17624566
114779,0,0.17624566
114780,0,0.17624566
114781,0,0.17624566
114782,0,0.17624566
114783,0,0.17624566
114784,0,0.17624566
114785,0,0.17624566
114786,0,0.17624566
114787,0,0.17624566
114788,0,0.17624566
114789,0,0.17624566
114790,0,0.17624566
114791,0,0.17624566
114792,0,0.17624566
114793,0,0.17624566
114794,0,0.17624566
114795,0,0.17624566
114796,0,0.17624566
114797,0,0.17624566
114798,0,0.17624566
114799,0,0.17624566
114800,0,0.17624566
114801,0,0.17624566
114802,0,0.17624566
114803,0,0.17624566
114804,0,0.17624566
114805,0,0.17624566
114806,0,0.17624566
114807,0,0.17624566
114808,0,0.17624566
114809,0,0.17624566
114810,0,0.17624566
114811,0,0.17624566
114812,0,0.17624566
114813,0,0.17624566
114814,0,0.17624566
114815,0,0.17624566
114816,0,0.17624566
114817,0,0.17624566
114818,0,0.17624566
114819,0,0.17624566
114820,0,0.17624566
114821,0,0.17624566
114822,0,0.17624566
114823,0,0.17624566
114824,0,0.17624566
114825,0,0.17624566
114826,0,0.17624566
114827,0,0.17624566
114828,0,0.17624566
114829,0,0.17624566
114830,0,0.17624566
114831,0,0.17624566
114832,0,0.17624566
114833,0,0.17624566
114834,0,0.17624566
114835,0,0.17624566
114836,0,0.17624566
114837,0,0.17624566
114838,0,0.17624566
114839,0,0.17624566
114840,0,0.17624566
114841,0,0.17624566
114842,0,0.17624566
114843,0,0.17624566
114844,0,0.17624566
114845,0,0.17624566
114846,0,0.17624566
114847,0,0.17624566
114848,0,0.17624566
114849,0,0.17624566
114850,0,0.17624566
114851,0,0.17624566
114852,0,0.17624566
114853,0,0.17624566
114854,0,0.17624566
114855,0,0.17624566
114856,0,0.17624566
114857,0,0.17624566
114858,0,0.17624566
114859,0,0.17624566
114860,0,0.17624566
114861,0,0.17624566
114862,0,0.17624566
114863,0,0.17624566
114864,0,0.17624566
114865,0,0.17624566
114866,0,0.17624566
114867,0,0.17624566
114868,0,0.17624566
114869,0,0.17624566
114870,0,0.17624566
114871,0,0.17624566
114872,0,0.17624566
114873,0,0.17624566
114874,0,0.17624566
114875,0,0.17624566
114876,0,0.17624566
114877,0,0.17624566
114878,0,0.17624566
114879,0,0.17624566
114880,0,0.17624566
114881,0,0.17624566
114882,0,0.17624566
114883,0,0.17624566
114884,0,0.17624566
114885,0,0.17624566
114886,0,0.17624566
114887,0,0.17624566
114888,0,0.17624566
114889,0,0.17624566
114890,0,0.17624566
114891,0,0.17624566
114892,0,0.17624566
114893,0,0.17624566
114894,0,0.17624566
114895,0,0.17624566
114896,0,0.17624566
114897,0,0.17624566
114898,0,0.17624566
114899,0,0.17624566
114900,0,0.17624566
114901,0,0.17624566
114902,0,0.17624566
114903,0,0.17624566
114904,0,0.17624566
114905,0,0.17624566
114906,0,0.17624566
114907,0,0.17624566
114908,0,0.17624566
114909,0,0.17624566
114910,0,0.17624566
114911,0,0.17624566
114912,0,0.17624566
114913,0,0.17624566
114914,0,0.17624566
114915,0,0.17624566
114916,0,0.17624566
114917,0,0.17624566
114918,0,0.17624566
114919,0,0.17624566
114920,0,0.17624566
114921,0,0.17624566
114922,0,0.17624566
114923,0,0.17624566
114924,0,0.17624566
114925,0,0.17624566
114926,0,0.17624566
114927,0,0.17624566
114928,0,0.17624566
114929,0,0.17624566
114930,0,0.17624566
114931,0,0.17624566
114932,0,0.17624566
114933,0,0.17624566
114934,0,0.17624566
114935,0,0.17624566
114936,0,0.17624566
114937,0,0.17624566
114938,0,0.17624566
114939,0,0.17624566
114940,0,0.17624566
114941,0,0.17624566
114942,0,0.17624566
114943,0,0.17624566
114944,0,0.17624566
114945,0,0.17624566
114946,0,0.17624566
114947,0,0.17624566
114948,0,0.17624566
114949,0,0.17624566
114950,0,0.17624566
114951,0,0.17624566
114952,0,0.17624566
114953,0,0.17624566
114954,0,0.17624566
114955,0,0.17624566
114956,0,0.17624566
114957,0,0.17624566
114958,0,0.17624566
114959,0,0.17624566
114960,0,0.17624566
114961,0,0.17624566
114962,0,0.17624566
114963,0,0.17624566
114964,0,0.17624566
114965,0,0.17624566
114966,0,0.17624566
114967,0,0.17624566
114968,0,0.17624566
114969,0,0.17624566
114970,0,0.17624566
114971,0,0.17624566
114972,0,0.17624566
114973,0,0.17624566
114974,0,0.17624566
114975,0,0.17624566
114976,0,0.17624566
114977,0,0.17624566
114978,0,0.17624566
114979,0,0.17624566
114980,0,0.17624566
114981,0,0.17624566
114982,0,0.17624566
114983,0,0.17624566
114984,0,0.17624566
114985,0,0.17624566
114986,0,0.17624566
114987,0,0.17624566
114988,0,0.17624566
114989,0,0.17624566
114990,0,0.17624566
114991,0,0.17624566
114992,0,0.17624566
114993,0,0.17624566
114994,0,0.17624566
114995,0,0.17624566
114996,0,0.17624566
114997,0,0.17624566
114998,0,0.17624566
114999,0,0.17624566
115000,0,0.17624566
115001,0,0.17624566
115002,0,0.17624566
115003,0,0.17624566
115004,0,0.17624566
115005,0,0.17624566
115006,0,0.17624566
115007,0,0.17624566
115008,0,0.17624566
115009,0,0.17624566
115010,0,0.17624566
115011,0,0.17624566
115012,0,0.17624566
115013,0,0.17624566
115014,0,0.17624566
115015,0,0.17624566
115016,0,0.17624566
115017,0,0.17624566
115018,0,0.17624566
115019,0,0.17624566
115020,0,0.17624566
115021,0,0.17624566
115022,0,0.17624566
115023,0,0.17624566
115024,0,0.17624566
115025,0,0.17624566
115026,0,0.17624566
115027,0,0.17624566
115028,0,0.17624566
115029,0,0.17624566
115030,0,0.17624566
115031,0,0.17624566
115032,0,0.17624566
115033,0,0.17624566
115034,0,0.17624566
115035,0,0.17624566
115036,0,0.17624566
115037,0,0.17624566
115038,0,0.17624566
115039,0,0.17624566
115040,0,0.17624566
115041,0,0.17624566
115042,0,0.17624566
115043,0,0.17624566
115044,0,0.17624566
115045,0,0.17624566
115046,0,0.17624566
115047,0,0.17624566
115048,0,0.17624566
115049,0,0.17624566
115050,0,0.17624566
115051,0,0.17624566
115052,0,0.17624566
115053,0,0.17624566
115054,0,0.17624566
115055,0,0.17624566
115056,0,0.17624566
115057,0,0.17624566
115058,0,0.17624566
115059,0,0.17624566
115060,0,0.17624566
115061,0,0.17624566
115062,0,0.17624566
115063,0,0.17624566
115064,0,0.17624566
115065,0,0.17624566
115066,0,0.17624566
115067,0,0.17624566
115068,0,0.17624566
115069,0,0.17624566
115070,0,0.17624566
115071,0,0.17624566
115072,0,0.17624566
115073,0,0.17624566
115074,0,0.17624566
115075,0,0.17624566
115076,0,0.17624566
115077,0,0.17624566
115078,0,0.17624566
115079,0,0.17624566
115080,0,0.17624566
115081,0,0.17624566
115082,0,0.17624566
115083,0,0.17624566
115084,0,0.17624566
115085,0,0.17624566
115086,0,0.17624566
115087,0,0.17624566
115088,0,0.17624566
115089,0,0.17624566
115090,0,0.17624566
115091,0,0.17624566
115092,0,0.17624566
115093,0,0.17624566
115094,0,0.17624566
115095,0,0.17624566
115096,0,0.17624566
115097,0,0.17624566
115098,0,0.17624566
115099,0,0.17624566
115100,0,0.17624566
115101,0,0.17624566
115102,0,0.17624566
115103,0,0.17624566
115104,0,0.17624566
115105,0,0.17624566
115106,0,0.17624566
115107,0,0.17624566
115108,0,0.17624566
115109,0,0.17624566
115110,0,0.17624566
115111,0,0.17624566
115112,0,0.17624566
115113,0,0.17624566
115114,0,0.17624566
115115,0,0.17624566
115116,0,0.17624566
115117,0,0.17624566
115118,0,0.17624566
115119,0,0.17624566
115120,0,0.17624566
115121,0,0.17624566
115122,0,0.17624566
115123,0,0.17624566
115124,0,0.17624566
115125,0,0.17624566
115126,0,0.17624566
115127,0,0.17624566
115128,0,0.17624566
115129,0,0.17624566
115130,0,0.17624566
115131,0,0.17624566
115132,0,0.17624566
115133,0,0.17624566
115134,0,0.17624566
115135,0,0.17624566
115136,0,0.17624566
115137,0,0.17624566
115138,0,0.17624566
115139,0,0.17624566
115140,0,0.17624566
115141,0,0.17624566
115142,0,0.17624566
115143,0,0.17624566
115144,0,0.17624566
115145,0,0.17624566
115146,0,0.17624566
115147,0,0.17624566
115148,0,0.17624566
115149,0,0.17624566
115150,0,0.17624566
115151,0,0.17624566
115152,0,0.17624566
115153,0,0.17624566
115154,0,0.17624566
115155,0,0.17624566
115156,0,0.17624566
115157,0,0.17624566
115158,0,0.17624566
115159,0,0.17624566
115160,0,0.17624566
115161,0,0.17624566
115162,0,0.17624566
115163,0,0.17624566
115164,0,0.17624566
115165,0,0.17624566
115166,0,0.17624566
115167,0,0.17624566
115168,0,0.17624566
115169,0,0.17624566
115170,0,0.17624566
115171,0,0.17624566
115172,0,0.17624566
115173,0,0.17624566
115174,0,0.17624566
115175,0,0.17624566
115176,0,0.17624566
115177,0,0.17624566
115178,0,0.17624566
115179,0,0.17624566
115180,0,0.17624566
115181,0,0.17624566
115182,0,0.17624566
115183,0,0.17624566
115184,0,0.17624566
115185,0,0.17624566
115186,0,0.17624566
115187,0,0.17624566
115188,0,0.17624566
115189,0,0.17624566
115190,0,0.17624566
115191,0,0.17624566
115192,0,0.17624566
115193,0,0.17624566
115194,0,0.17624566
115195,0,0.17624566
115196,0,0.17624566
115197,0,0.17624566
115198,0,0.17624566
115199,0,0.17624566
115200,0,0.17624566
115201,0,0.17624566
115202,0,0.17624566
115203,0,0.17624566
115204,0,0.17624566
115205,0,0.17624566
115206,0,0.17624566
115207,0,0.17624566
115208,0,0.17624566
115209,0,0.17624566
115210,0,0.17624566
115211,0,0.17624566
115212,0,0.17624566
115213,0,0.17624566
115214,0,0.17624566
115215,0,0.17624566
115216,0,0.17624566
115217,0,0.17624566
115218,0,0.17624566
115219,0,0.17624566
115220,0,0.17624566
115221,0,0.17624566
115222,0,0.17624566
115223,0,0.17624566
115224,0,0.17624566
115225,0,0.17624566
115226,0,0.17624566
115227,0,0.17624566
115228,0,0.17624566
115229,0,0.17624566
115230,0,0.17624566
115231,0,0.17624566
115232,0,0.17624566
115233,0,0.17624566
115234,0,0.17624566
115235,0,0.17624566
115236,0,0.17624566
115237,0,0.17624566
115238,0,0.17624566
115239,0,0.17624566
115240,0,0.17624566
115241,0,0.17624566
115242,0,0.17624566
115243,0,0.17624566
115244,0,0.17624566
115245,0,0.17624566
115246,0,0.17624566
115247,0,0.17624566
115248,0,0.17624566
115249,0,0.17624566
115250,0,0.17624566
115251,0,0.17624566
115252,0,0.17624566
115253,0,0.17624566
115254,0,0.17624566
115255,0,0.17624566
115256,0,0.17624566
115257,0,0.17624566
115258,0,0.17624566
115259,0,0.17624566
115260,0,0.17624566
115261,0,0.033041585
115262,0,0.033040848
115263,0,0.03304198
115264,0,0.033042114
115265,0,0.03304156
115266,0,0.033042327
115267,0,0.033041935
115268,0,0.033042207
115269,0,0.03304191
115270,0,0.03304124
115271,0,0.033041704
115272,0,0.033041317
115273,0,0.033041976
115274,0,0.03304105
115275,0,0.033040702
115276,0,0.03304051
115277,0,0.033040572
115278,0,0.033040706
115279,0,0.033040673
115280,0,0.033040453
115281,0,0.03304044
115282,0,0.033040743
115283,0,0.033040497
115284,0,0.033040874
115285,0,0.033040658
115286,0,0.033040978
115287,0,0.03304093
115288,0,0.033040695
115289,0,0.033040706
115290,0,0.033040978
115291,0,0.033041097
115292,0,0.033040736
115293,0,0.033041112
115294,0,0.033040874
115295,0,0.033041023
115296,0,0.0330416
115297,0,0.03304116
115298,0,0.033041667
115299,0,0.033041827
115300,0,0.03304281
115301,0,0.033041194
115302,0,0.033040915
115303,0,0.033041354
115304,0,0.03304161
115305,0,0.033042043
115306,0,0.033042103
115307,0,0.033041947
115308,0,0.03304353
115309,0,0.033042658
115310,0,0.033041816
115311,0,0.033041775
115312,0,0.033042032
115313,0,0.033042766
115314,0,0.033043314
115315,0,0.033043034
115316,0,0.033043716
115317,0,0.033043038
115318,0,0.033043347
115319,0,0.03304393
115320,0,0.03304302
115321,0,0.03304368
115322,0,0.033043552
115323,0,0.033043396
115324,0,0.0330434
115325,0,0.03304278
115326,0,0.03304227
115327,0,0.033042368
115328,0,0.033042192
115329,0,0.033042584
115330,0,0.033042796
115331,0,0.033043046
115332,0,0.033043753
115333,0,0.03304372
115334,0,0.03304386
115335,0,0.033043224
115336,0,0.033043195
115337,0,0.033043355
115338,0,0.033043172
115339,0,0.033042513
115340,0,0.033045124
115341,0,0.0330448
115342,0,0.033041902
115343,0,0.033041935
115344,0,0.033043247
115345,0,0.033042956
115346,0,0.03304325
115347,0,0.033043083
115348,0,0.0330447
115349,0,0.033044342
115350,0,0.03304313
115351,0,0.033042975
115352,0,0.03304332
115353,0,0.03304366
115354,0,0.033043906
115355,0,0.03304396
115356,0,0.03304409
115357,0,0.033044133
115358,0,0.033043444
115359,0,0.033044647
115360,0,0.033044267
115361,0,0.033043616
115362,0,0.03304388
115363,0,0.03304404
115364,0,0.033046506
115365,0,0.03304398
115366,0,0.03304337
115367,0,0.033044137
115368,0,0.033044938
115369,0,0.0330437
115370,0,0.033044238
115371,0,0.033045184
115372,0,0.033044193
115373,0,0.03304569
115374,0,0.033045292
115375,0,0.0330433
115376,0,0.033043705
115377,0,0.03304376
115378,0,0.033043753
115379,0,0.03304367
115380,0,0.033045284
115381,0,0.03304375
115382,0,0.033042975
115383,0,0.033043895
115384,0,0.033043854
115385,0,0.03304396
115386,0,0.033045523
115387,0,0.03304539
115388,0,0.03304334
115389,0,0.033043694
115390,0,0.033044413
115391,0,0.033044267
115392,0,0.03304385
115393,0,0.033044368
115394,0,0.033043694
115395,0,0.03304519
115396,0,0.033043567
115397,0,0.033044856
115398,0,0.03304583
115399,0,0.033044424
115400,0,0.033046007
115401,0,0.03304342
115402,0,0.033044234
115403,0,0.03304465
115404,0,0.03304532
115405,0,0.033044416
115406,0,0.033044286
115407,0,0.033044554
115408,0,0.03304432
115409,0,0.033044413
115410,0,0.033045035
115411,0,0.03304445
115412,0,0.0330445
115413,0,0.033045176
115414,0,0.033043142
115415,0,0.03304536
115416,0,0.033043943
115417,0,0.033044193
115418,0,0.033044282
115419,0,0.033045117
115420,0,0.033044502
115421,0,0.033045374
115422,0,0.033045292
115423,0,0.033044647
115424,0,0.033044126
115425,0,0.03304448
115426,0,0.03304428
115427,0,0.03304478
115428,0,0.033043955
115429,0,0.033043254
115430,0,0.033043258
115431,0,0.03304502
115432,0,0.03304347
115433,0,0.03304383
115434,0,0.03304405
115435,0,0.03304466
115436,0,0.03304495
115437,0,0.033044126
115438,0,0.033043656
115439,0,0.033044897
115440,0,0.033044055
115441,0,0.033044312
115442,0,0.03304435
115443,0,0.03304579
115444,0,0.033045232
115445,0,0.03304538
115446,0,0.033045217
115447,0,0.033044208
115448,0,0.033044413
115449,0,0.03304531
115450,0,0.033045005
115451,0,0.03304453
115452,0,0.03304373
115453,0,0.03304378
115454,0,0.033044834
115455,0,0.033046346
115456,0,0.033044484
115457,0,0.033044968
115458,0,0.033045903
115459,0,0.03304362
115460,0,0.033043288
115461,0,0.03304329
115462,0,0.033044137
115463,0,0.03304361
115464,0,0.033044737
115465,0,0.033043627
115466,0,0.03304362
115467,0,0.03304539
115468,0,0.03304485
115469,0,0.033044353
115470,0,0.033045877
115471,0,0.033044565
115472,0,0.033044767
115473,0,0.033044674
115474,0,0.033045046
115475,0,0.03304339
115476,0,0.033044048
115477,0,0.03304368
115478,0,0.03304427
115479,0,0.033044685
115480,0,0.033043087
115481,0,0.0330445
115482,0,0.033045508
115483,0,0.03304367
115484,0,0.03304381
115485,0,0.033044975
115486,0,0.03304368
115487,0,0.033044714
115488,0,0.033044867
115489,0,0.033043656
115490,0,0.03304357
115491,0,0.03304372
115492,0,0.033043113
115493,0,0.03304432
115494,0,0.033044294
115495,0,0.033043567
115496,0,0.03304351
115497,0,0.03304472
115498,0,0.03304602
115499,0,0.03304379
115500,0,0.033044197
115501,0,0.033044335
115502,0,0.033045027
115503,0,0.033045888
115504,0,0.033044487
115505,0,0.03304503
115506,0,0.033044744
115507,0,0.033044565
115508,0,0.033043083
115509,0,0.0330448
115510,0,0.03304474
115511,0,0.033044703
115512,0,0.033044327
115513,0,0.033043254
115514,0,0.03304398
115515,0,0.033044476
115516,0,0.033043995
115517,0,0.033044387
115518,0,0.03304345
115519,0,0.03304309
115520,0,0.033043463
115521,0,0.03304465
115522,0,0.03304302
115523,0,0.033043686
115524,0,0.033043474
115525,0,0.033043645
115526,0,0.03304383
115527,0,0.033044897
115528,0,0.03304365
115529,0,0.03304652
115530,0,0.033044796
115531,0,0.033043563
115532,0,0.0330444
115533,0,0.033043902
115534,0,0.033044446
115535,0,0.033044577
115536,0,0.03304545
115537,0,0.0330442
115538,0,0.033043545
115539,0,0.033044532
115540,0,0.03304315
115541,0,0.03304365
115542,0,0.033045262
115543,0,0.033044156
115544,0,0.033045065
115545,0,0.03304336
115546,0,0.033043694
115547,0,0.033044435
115548,0,0.03304434
115549,0,0.03304424
115550,0,0.033043362
115551,0,0.033046655
115552,0,0.0330458
115553,0,0.033044685
115554,0,0.03304452
115555,0,0.03304494
115556,0,0.033045497
115557,0,0.03304613
115558,0,0.03304556
115559,0,0.033044856
115560,0,0.03304366
115561,0,0.033044863
115562,0,0.033045165
115563,0,0.033044007
115564,0,0.033045147
115565,0,0.033043545
115566,0,0.03304498
115567,0,0.033042584
115568,0,0.033042308
115569,0,0.033043124
115570,0,0.03304326
115571,0,0.03304219
115572,0,0.033043038
115573,0,0.033043012
115574,0,0.033043455
115575,0,0.033042632
115576,0,0.033043638
115577,0,0.033043567
115578,0,0.033043154
115579,0,0.03304304
115580,0,0.033043686
115581,0,0.03304314
115582,0,0.033043772
115583,0,0.03304293
115584,0,0.033043038
115585,0,0.033042617
115586,0,0.03304399
115587,0,0.033044744
115588,0,0.033042807
115589,0,0.033042934
115590,0,0.03304302
115591,0,0.03304386
115592,0,0.033043228
115593,0,0.03304263
115594,0,0.033042703
115595,0,0.033041183
115596,0,0.03304096
115597,0,0.03304116
115598,0,0.033040863
115599,0,0.033040892
115600,0,0.033040937
115601,0,0.03304091
115602,0,0.033040676
115603,0,0.033042353
115604,0,0.033042166
115605,0,0.033042856
115606,0,0.033043355
115607,0,0.03304259
115608,0,0.03304277
115609,0,0.033042908
115610,0,0.033044294
115611,0,0.033044264
115612,0,0.03304397
115613,0,0.033043053
115614,0,0.033042282
115615,0,0.033043817
115616,0,0.033042647
115617,0,0.03304251
115618,0,0.03304202
115619,0,0.033042807
115620,0,0.033042204
115621,0,0.033042423
115622,0,0.033042774
115623,0,0.03304289
115624,0,0.03304273
115625,0,0.03304273
115626,0,0.03304079
115627,0,0.0330408
115628,0,0.033040788
115629,0,0.03304084
115630,0,0.033041652
115631,0,0.03304093
115632,0,0.033041067
115633,0,0.033040915
115634,0,0.03304096
115635,0,0.033040963
115636,0,0.033040836
115637,0,0.03304096
115638,0,0.03304093
115639,0,0.033040855
115640,0,0.033040944
115641,0,0.033041026
115642,0,0.033040922
115643,0,0.033041053
115644,0,0.033040844
115645,0,0.033040795
115646,0,0.033040885
115647,0,0.033040922
115648,0,0.03304085
115649,0,0.033041004
115650,0,0.033041477
115651,0,0.033041015
115652,0,0.03304108
115653,0,0.03304092
115654,0,0.033040978
115655,0,0.03304103
115656,0,0.03304106
115657,0,0.03304068
115658,0,0.033040978
115659,0,0.033041008
115660,0,0.033041093
115661,0,0.033041134
115662,0,0.033041134
115663,0,0.03304101
115664,0,0.03304108
115665,0,0.033041008
115666,0,0.033040844
115667,0,0.033041075
115668,0,0.033040803
115669,0,0.03304093
115670,0,0.03304077
115671,0,0.033041324
115672,0,0.033042077
115673,0,0.033042237
115674,0,0.0330416
115675,0,0.033041462
115676,0,0.033041805
115677,0,0.033043846
115678,0,0.0330438
115679,0,0.033041954
115680,0,0.03304291
115681,0,0.03304247
115682,0,0.033043582
115683,0,0.033042215
115684,0,0.033043504
115685,0,0.03304306
115686,0,0.03304371
115687,0,0.033044133
115688,0,0.0330432
115689,0,0.033043485
115690,0,0.033044092
115691,0,0.03304469
115692,0,0.0330438
115693,0,0.0330436
115694,0,0.03304345
115695,0,0.033043187
115696,0,0.033043873
115697,0,0.033043962
115698,0,0.033043973
115699,0,0.03304394
115700,0,0.03304401
115701,0,0.033042803
115702,0,0.033043806
115703,0,0.033043314
115704,0,0.033043142
115705,0,0.033042345
115706,0,0.033042174
115707,0,0.033042427
115708,0,0.03304328
115709,0,0.033043027
115710,0,0.033043835
115711,0,0.033044297
115712,0,0.033043813
115713,0,0.03304516
115714,0,0.03304395
115715,0,0.033042476
115716,0,0.033042375
115717,0,0.03304179
115718,0,0.03304202
115719,0,0.03304224
115720,0,0.033042323
115721,0,0.033043616
115722,0,0.03304316
115723,0,0.033043608
115724,0,0.03304284
115725,0,0.033043228
115726,0,0.033043496
115727,0,0.033043668
115728,0,0.033044156
115729,0,0.033043884
115730,0,0.033043824
115731,0,0.03304336
115732,0,0.033044044
115733,0,0.033043448
115734,0,0.033043128
115735,0,0.033044983
115736,0,0.033044048
115737,0,0.03304387
115738,0,0.033043627
115739,0,0.03304269
115740,0,0.033043113
115741,0,0.03304377
115742,0,0.0330444
115743,0,0.03304365
115744,0,0.033043705
115745,0,0.033043172
115746,0,0.033043113
115747,0,0.03304315
115748,0,0.03304405
115749,0,0.033043735
115750,0,0.033042762
115751,0,0.033043485
115752,0,0.033043686
115753,0,0.033043645
115754,0,0.03304359
115755,0,0.03304336
115756,0,0.03304305
115757,0,0.033044074
115758,0,0.033044755
115759,0,0.03304367
115760,0,0.03304372
115761,0,0.033043172
115762,0,0.033043206
115763,0,0.03304251
115764,0,0.03304311
115765,0,0.033042997
115766,0,0.03304388
115767,0,0.033042096
115768,0,0.03304299
115769,0,0.03304282
115770,0,0.033043962
115771,0,0.03304338
115772,0,0.033042897
115773,0,0.033042118
115774,0,0.033043526
115775,0,0.033042822
115776,0,0.033042774
115777,0,0.03304294
115778,0,0.033043075
115779,0,0.033044364
115780,0,0.033043876
115781,0,0.033042997
115782,0,0.033042848
115783,0,0.033043034
115784,0,0.03304364
115785,0,0.03304347
115786,0,0.03304315
115787,0,0.033043995
115788,0,0.033043854
115789,0,0.033044536
115790,0,0.03304369
115791,0,0.033043403
115792,0,0.033042952
115793,0,0.033043876
115794,0,0.033044446
115795,0,0.033044502
115796,0,0.03304425
115797,0,0.033042956
115798,0,0.033041414
115799,0,0.033040956
115800,0,0.033042137
115801,0,0.033041816
115802,0,0.03304117
115803,0,0.033041067
115804,0,0.03304078
115805,0,0.033040993
115806,0,0.03304117
115807,0,0.033040773
115808,0,0.03304097
115809,0,0.03304084
115810,0,0.033041578
115811,0,0.033042233
115812,0,0.033042926
115813,0,0.033042904
115814,0,0.03304364
115815,0,0.033043783
115816,0,0.033043563
115817,0,0.033043656
115818,0,0.03304218
115819,0,0.033042707
115820,0,0.03304092
115821,0,0.03304169
115822,0,0.033041745
115823,0,0.03304109
115824,0,0.033040904
115825,0,0.033041093
115826,0,0.03304077
115827,0,0.03304076
115828,0,0.03304088
115829,0,0.03304073
115830,0,0.033040766
115831,0,0.033041187
115832,0,0.033041526
115833,0,0.033040725
115834,0,0.033040807
115835,0,0.03304085
115836,0,0.033041276
115837,0,0.033040807
115838,0,0.033040978
115839,0,0.033041008
115840,0,0.03304087
115841,0,0.033041056
115842,0,0.033041347
115843,0,0.033041056
115844,0,0.0330411
115845,0,0.033041
115846,0,0.03304116
115847,0,0.033041045
115848,0,0.03304103
115849,0,0.03304083
115850,0,0.033040866
115851,0,0.033040807
115852,0,0.033040795
115853,0,0.033040818
115854,0,0.033040836
115855,0,0.03304104
115856,0,0.03304105
115857,0,0.033041038
115858,0,0.033041026
115859,0,0.033040754
115860,0,0.033041015
115861,0,0.03304096
115862,0,0.033041365
115863,0,0.033041105
115864,0,0.0330411
115865,0,0.03304098
115866,0,0.033040937
115867,0,0.033041243
115868,0,0.03304104
115869,0,0.03304093
115870,0,0.033041112
115871,0,0.03304086
115872,0,0.033040795
115873,0,0.033040922
115874,0,0.03304114
115875,0,0.033040863
115876,0,0.033041663
115877,0,0.033042017
115878,0,0.033043195
115879,0,0.03304398
115880,0,0.03304399
115881,0,0.03304397
115882,0,0.03304385
115883,0,0.03304357
115884,0,0.033043556
115885,0,0.033044744
115886,0,0.033043645
115887,0,0.033043783
115888,0,0.0330436
115889,0,0.033044294
115890,0,0.033043586
115891,0,0.033042945
115892,0,0.03304304
115893,0,0.03304365
115894,0,0.033043068
115895,0,0.033043336
115896,0,0.03304413
115897,0,0.03304311
115898,0,0.033043504
115899,0,0.033043224
115900,0,0.033043325
115901,0,0.033043563
115902,0,0.03304377
115903,0,0.033043128
115904,0,0.033043046
115905,0,0.03304333
115906,0,0.033043347
115907,0,0.033043854
115908,0,0.03304306
115909,0,0.03304419
115910,0,0.033042908
115911,0,0.033044696
115912,0,0.033044804
115913,0,0.03304372
115914,0,0.033044096
115915,0,0.0330441
115916,0,0.03304442
115917,0,0.03304544
115918,0,0.033045113
115919,0,0.0330454
115920,0,0.03304438
115921,0,0.033044357
115922,0,0.03304502
115923,0,0.033043977
115924,0,0.033044472
115925,0,0.033044312
115926,0,0.033043206
115927,0,0.03304325
115928,0,0.033042956
115929,0,0.03304408
115930,0,0.03304314
115931,0,0.033043455
115932,0,0.033043604
115933,0,0.03304418
115934,0,0.03304352
115935,0,0.033043563
115936,0,0.03304291
115937,0,0.033043656
115938,0,0.033044294
115939,0,0.033043955
115940,0,0.033042748
115941,0,0.033043616
115942,0,0.033042394
115943,0,0.033043455
115944,0,0.03304388
115945,0,0.033043414
115946,0,0.033043813
115947,0,0.033043787
115948,0,0.03304369
115949,0,0.033044025
115950,0,0.03304439
115951,0,0.033043522
115952,0,0.033043545
115953,0,0.033043314
115954,0,0.033043448
115955,0,0.033043314
115956,0,0.03304412
115957,0,0.03304363
115958,0,0.03304317
115959,0,0.033044018
115960,0,0.033043988
115961,0,0.033043314
115962,0,0.033044375
115963,0,0.033043254
115964,0,0.033043027
115965,0,0.033043817
115966,0,0.033043437
115967,0,0.033044282
115968,0,0.033042964
115969,0,0.033043575
115970,0,0.033044394
115971,0,0.033044063
115972,0,0.033045962
115973,0,0.033044025
115974,0,0.0330438
115975,0,0.0330438
115976,0,0.033044145
115977,0,0.033043448
115978,0,0.033043988
115979,0,0.033043794
115980,0,0.03304407
115981,0,0.033043653
115982,0,0.033044793
115983,0,0.03304359
115984,0,0.03304385
115985,0,0.033043887
115986,0,0.033041894
115987,0,0.033043254
115988,0,0.03304246
115989,0,0.03304308
115990,0,0.033043377
115991,0,0.033043027
115992,0,0.03304343
115993,0,0.03304322
115994,0,0.033042908
115995,0,0.03304338
115996,0,0.03304274
115997,0,0.033043567
115998,0,0.03304341
115999,0,0.03304404
116000,0,0.033043455
116001,0,0.033043962
116002,0,0.03304372
116003,0,0.03304356
116004,0,0.033043098
116005,0,0.033042572
116006,0,0.033043977
116007,0,0.033044122
116008,0,0.033044044
116009,0,0.033045035
116010,0,0.0330425
116011,0,0.033042435
116012,0,0.033042613
116013,0,0.033041943
116014,0,0.03304276
116015,0,0.03304147
116016,0,0.033041805
116017,0,0.03304116
116018,0,0.0330414
116019,0,0.033040635
116020,0,0.033040896
116021,0,0.033040993
116022,0,0.033040974
116023,0,0.033040944
116024,0,0.03304086
116025,0,0.033041056
116026,0,0.033041023
116027,0,0.033041026
116028,0,0.03304102
116029,0,0.03304101
116030,0,0.033040926
116031,0,0.033041287
116032,0,0.033041157
116033,0,0.033041053
116034,0,0.03304077
116035,0,0.033041056
116036,0,0.033040933
116037,0,0.03304082
116038,0,0.033041276
116039,0,0.033041105
116040,0,0.033040825
116041,0,0.03304104
116042,0,0.033041075
116043,0,0.03304132
116044,0,0.033041053
116045,0,0.03304092
116046,0,0.0330409
116047,0,0.03304088
116048,0,0.03304123
116049,0,0.033041093
116050,0,0.03304114
116051,0,0.033040963
116052,0,0.033041064
116053,0,0.033041004
116054,0,0.033041164
116055,0,0.0330411
116056,0,0.033041097
116057,0,0.033040967
116058,0,0.03304111
116059,0,0.033041082
116060,0,0.033041272
116061,0,0.033040985
116062,0,0.033040985
116063,0,0.03304091
116064,0,0.033040848
116065,0,0.033041053
116066,0,0.03304087
116067,0,0.0330412
116068,0,0.03304109
116069,0,0.033041086
116070,0,0.033040814
116071,0,0.03304085
116072,0,0.033040985
116073,0,0.033040885
116074,0,0.03304091
116075,0,0.033041045
116076,0,0.03304104
116077,0,0.033040892
116078,0,0.033041023
116079,0,0.033041064
116080,0,0.033041082
116081,0,0.033040777
116082,0,0.033040762
116083,0,0.03304096
116084,0,0.033040978
116085,0,0.033041157
116086,0,0.033042066
116087,0,0.03304075
116088,0,0.033040933
116089,0,0.033040926
116090,0,0.03304109
116091,0,0.033041038
116092,0,0.033040687
116093,0,0.033040717
116094,0,0.033040773
116095,0,0.03304107
116096,0,0.033041008
116097,0,0.033040963
116098,0,0.03304096
116099,0,0.03304103
116100,0,0.033040937
116101,0,0.033041
116102,0,0.033040937
116103,0,0.033041056
116104,0,0.033040795
116105,0,0.03304084
116106,0,0.03304079
116107,0,0.033040658
116108,0,0.033040877
116109,0,0.033040892
116110,0,0.033040773
116111,0,0.033040825
116112,0,0.033040944
116113,0,0.03304134
116114,0,0.033040717
116115,0,0.033040933
116116,0,0.03304167
116117,0,0.033040695
116118,0,0.033040915
116119,0,0.0330411
116120,0,0.03304159
116121,0,0.033042047
116122,0,0.03304233
116123,0,0.033043135
116124,0,0.033043087
116125,0,0.03304253
116126,0,0.03304375
116127,0,0.033043623
116128,0,0.033042654
116129,0,0.0330429
116130,0,0.033042815
116131,0,0.03304284
116132,0,0.033042192
116133,0,0.033041902
116134,0,0.033042416
116135,0,0.033042725
116136,0,0.033040635
116137,0,0.03304098
116138,0,0.033040967
116139,0,0.033040933
116140,0,0.033040855
116141,0,0.033040944
116142,0,0.033041075
116143,0,0.033040725
116144,0,0.033040904
116145,0,0.033040665
116146,0,0.033040814
116147,0,0.033041324
116148,0,0.033040885
116149,0,0.033040885
116150,0,0.033041067
116151,0,0.03304035
116152,0,0.033040334
116153,0,0.033040296
116154,0,0.033040322
116155,0,0.033040352
116156,0,0.033040337
116157,0,0.03304026
116158,0,0.033040266
116159,0,0.033040397
116160,0,0.03304033
116161,0,0.033040445
116162,0,0.03304051
116163,0,0.03304071
116164,0,0.03304037
116165,0,0.033040337
116166,0,0.03304029
116167,0,0.033040285
116168,0,0.03304028
116169,0,0.033040255
116170,0,0.03304031
116171,0,0.033040315
116172,0,0.03304026
116173,0,0.033040274
116174,0,0.033040315
116175,0,0.033040337
116176,0,0.03304035
116177,0,0.033040322
116178,0,0.03304028
116179,0,0.0330403
116180,0,0.033040337
116181,0,0.033040263
116182,0,0.033040326
116183,0,0.03304028
116184,0,0.033040352
116185,0,0.033040345
116186,0,0.033040345
116187,0,0.033040535
116188,0,0.033040646
116189,0,0.03304067
116190,0,0.033040658
116191,0,0.033040594
116192,0,0.033040583
116193,0,0.033040542
116194,0,0.033040665
116195,0,0.033040665
116196,0,0.033040702
116197,0,0.033040695
116198,0,0.033040684
116199,0,0.033040654
116200,0,0.033040613
116201,0,0.033040613
116202,0,0.03304061
116203,0,0.03304066
116204,0,0.033040687
116205,0,0.033040483
116206,0,0.03304069
116207,0,0.033040676
116208,0,0.033040848
116209,0,0.03304075
116210,0,0.033040624
116211,0,0.03304064
116212,0,0.03304083
116213,0,0.03304093
116214,0,0.03304061
116215,0,0.033040505
116216,0,0.03304055
116217,0,0.033040646
116218,0,0.033040624
116219,0,0.033040665
116220,0,0.03304066
116221,0,0.033040702
116222,0,0.03304065
116223,0,0.033040747
116224,0,0.033040673
116225,0,0.033040695
116226,0,0.03304077
116227,0,0.033040702
116228,0,0.033040714
116229,0,0.033040836
116230,0,0.033040788
116231,0,0.033040777
116232,0,0.033040643
116233,0,0.033040714
116234,0,0.03304073
116235,0,0.033040974
116236,0,0.033040967
116237,0,0.033040848
116238,0,0.0330409
116239,0,0.033040915
116240,0,0.03304078
116241,0,0.033041194
116242,0,0.033040814
116243,0,0.033040877
116244,0,0.033040702
116245,0,0.033040885
116246,0,0.033040915
116247,0,0.033040904
116248,0,0.033040833
116249,0,0.033040896
116250,0,0.03304092
116251,0,0.033040773
116252,0,0.03304074
116253,0,0.03304088
116254,0,0.033040985
116255,0,0.033040706
116256,0,0.033040866
116257,0,0.033040874
116258,0,0.03304099
116259,0,0.03304092
116260,0,0.033040784
116261,0,0.033040658
116262,0,0.033040866
116263,0,0.03304077
116264,0,0.03304081
116265,0,0.033040844
116266,0,0.03304088
116267,0,0.033040747
116268,0,0.03304084
116269,0,0.03304107
116270,0,0.033040714
116271,0,0.03304049
116272,0,0.0330408
116273,0,0.033040863
116274,0,0.03304085
116275,0,0.033040762
116276,0,0.03304089
116277,0,0.033040773
116278,0,0.03304088
116279,0,0.033040613
116280,0,0.033040915
116281,0,0.03304078
116282,0,0.033040795
116283,0,0.03304073
116284,0,0.033040825
116285,0,0.033040907
116286,0,0.033040833
116287,0,0.033040784
116288,0,0.033040635
116289,0,0.033040658
116290,0,0.033040762
116291,0,0.033040833
116292,0,0.033040624
116293,0,0.033040702
116294,0,0.03304062
116295,0,0.033040706
116296,0,0.033040654
116297,0,0.033040747
116298,0,0.033040643
116299,0,0.033040706
116300,0,0.033040784
116301,0,0.03304088
116302,0,0.0330406
116303,0,0.03304071
116304,0,0.033040594
116305,0,0.03304073
116306,0,0.03304075
116307,0,0.033040613
116308,0,0.03304059
116309,0,0.033040695
116310,0,0.03304079
116311,0,0.033040695
116312,0,0.033040695
116313,0,0.033040684
116314,0,0.033040684
116315,0,0.033040617
116316,0,0.033040624
116317,0,0.03304064
116318,0,0.033040576
116319,0,0.033040617
116320,0,0.033040624
116321,0,0.03304054
116322,0,0.033040475
116323,0,0.03304048
116324,0,0.033040464
116325,0,0.0330405
116326,0,0.033040326
116327,0,0.03304045
116328,0,0.033040557
116329,0,0.03304051
116330,0,0.033040725
116331,0,0.03304061
116332,0,0.03304077
116333,0,0.033040695
116334,0,0.033040524
116335,0,0.03304073
116336,0,0.033040617
116337,0,0.033040524
116338,0,0.033040382
116339,0,0.033040352
116340,0,0.03304033
116341,0,0.033040363
116342,0,0.033040322
116343,0,0.03304038
116344,0,0.033040397
116345,0,0.03304038
116346,0,0.033040285
116347,0,0.03304038
116348,0,0.033040434
116349,0,0.03304034
116350,0,0.0330403
116351,0,0.033040293
116352,0,0.03304033
116353,0,0.033040337
116354,0,0.033040322
116355,0,0.033040315
116356,0,0.0330403
116357,0,0.03304031
116358,0,0.033040363
116359,0,0.0330404
116360,0,0.033040315
116361,0,0.03304029
116362,0,0.033040334
116363,0,0.033040375
116364,0,0.033040542
116365,0,0.033040605
116366,0,0.0330407
116367,0,0.033040695
116368,0,0.03304059
116369,0,0.033040684
116370,0,0.033040635
116371,0,0.033040646
116372,0,0.033040494
116373,0,0.033040654
116374,0,0.0330406
116375,0,0.033040676
116376,0,0.03304067
116377,0,0.033040773
116378,0,0.033040393
116379,0,0.033040397
116380,0,0.033040475
116381,0,0.03304041
116382,0,0.033040363
116383,0,0.033040382
116384,0,0.03304031
116385,0,0.033040293
116386,0,0.033040278
116387,0,0.03304037
116388,0,0.033040263
116389,0,0.033040322
116390,0,0.03304041
116391,0,0.033040415
116392,0,0.033040542
116393,0,0.033040553
116394,0,0.033040516
116395,0,0.03304073
116396,0,0.033040464
116397,0,0.03304045
116398,0,0.033040553
116399,0,0.0330405
116400,0,0.03304068
116401,0,0.0330405
116402,0,0.03304061
116403,0,0.033040475
116404,0,0.033040415
116405,0,0.03304053
116406,0,0.03304056
116407,0,0.03304036
116408,0,0.03304033
116409,0,0.033040404
116410,0,0.033040404
116411,0,0.033040278
116412,0,0.033040334
116413,0,0.033040274
116414,0,0.03304029
116415,0,0.033040263
116416,0,0.033040293
116417,0,0.033040315
116418,0,0.03304032
116419,0,0.033040304
116420,0,0.0330403
116421,0,0.033040307
116422,0,0.033040255
116423,0,0.03304024
116424,0,0.03304033
116425,0,0.0330403
116426,0,0.033040307
116427,0,0.033040278
116428,0,0.033040367
116429,0,0.033040326
116430,0,0.03304034
116431,0,0.03304026
116432,0,0.03304029
116433,0,0.033040296
116434,0,0.033040334
116435,0,0.03304029
116436,0,0.03304032
116437,0,0.03304034
116438,0,0.033040382
116439,0,0.0330404
116440,0,0.03304026
116441,0,0.033040356
116442,0,0.033040296
116443,0,0.033040244
116444,0,0.03304025
116445,0,0.033040337
116446,0,0.03304033
116447,0,0.03304032
116448,0,0.033040356
116449,0,0.033040393
116450,0,0.033040322
116451,0,0.033040322
116452,0,0.033040375
116453,0,0.033040375
116454,0,0.03304029
116455,0,0.033040307
116456,0,0.033040367
116457,0,0.033040337
116458,0,0.033040352
116459,0,0.033040494
116460,0,0.033040445
116461,0,0.033040334
116462,0,0.03304032
116463,0,0.03304042
116464,0,0.03304034
116465,0,0.033040293
116466,0,0.033040263
116467,0,0.03304034
116468,0,0.03304036
116469,0,0.03304039
116470,0,0.03304046
116471,0,0.033040427
116472,0,0.033040587
116473,0,0.03304047
116474,0,0.033040337
116475,0,0.033040337
116476,0,0.03304035
116477,0,0.033040404
116478,0,0.033040516
116479,0,0.033040684
116480,0,0.033040743
116481,0,0.033040706
116482,0,0.033040784
116483,0,0.033040673
116484,0,0.03304071
116485,0,0.033040542
116486,0,0.033040635
116487,0,0.033040658
116488,0,0.033040635
116489,0,0.03304064
116490,0,0.033040542
116491,0,0.033040643
116492,0,0.033040695
116493,0,0.033040848
116494,0,0.03304095
116495,0,0.03304074
116496,0,0.033040583
116497,0,0.03304069
116498,0,0.033040732
116499,0,0.033040743
116500,0,0.03304096
116501,0,0.033040754
116502,0,0.033040714
116503,0,0.033040583
116504,0,0.033040754
116505,0,0.03304064
116506,0,0.033040747
116507,0,0.03304065
116508,0,0.03304077
116509,0,0.033040743
116510,0,0.03304088
116511,0,0.033040643
116512,0,0.033040628
116513,0,0.033040762
116514,0,0.033040665
116515,0,0.033040706
116516,0,0.03304071
116517,0,0.033040795
116518,0,0.033040762
116519,0,0.033040754
116520,0,0.033040736
116521,0,0.03304067
116522,0,0.0330408
116523,0,0.033040773
116524,0,0.033040762
116525,0,0.033040814
116526,0,0.033040754
116527,0,0.03304079
116528,0,0.033040777
116529,0,0.033040617
116530,0,0.033040725
116531,0,0.033040937
116532,0,0.03304073
116533,0,0.033040818
116534,0,0.033040777
116535,0,0.033041224
116536,0,0.033040836
116537,0,0.033040807
116538,0,0.03304121
116539,0,0.033040952
116540,0,0.03304078
116541,0,0.03304075
116542,0,0.033040896
116543,0,0.033040937
116544,0,0.033040892
116545,0,0.033040874
116546,0,0.03304064
116547,0,0.033040885
116548,0,0.03304106
116549,0,0.033040933
116550,0,0.03304094
116551,0,0.033040993
116552,0,0.03304099
116553,0,0.033040915
116554,0,0.033040937
116555,0,0.03304094
116556,0,0.033040866
116557,0,0.033040814
116558,0,0.03304077
116559,0,0.03304079
116560,0,0.03304077
116561,0,0.033040848
116562,0,0.03304086
116563,0,0.0330407
116564,0,0.033040743
116565,0,0.033041045
116566,0,0.03304087
116567,0,0.033040866
116568,0,0.033040673
116569,0,0.033040643
116570,0,0.03304082
116571,0,0.033040922
116572,0,0.03304073
116573,0,0.033040885
116574,0,0.033040956
116575,0,0.03304105
116576,0,0.033041038
116577,0,0.03304085
116578,0,0.03304088
116579,0,0.033040937
116580,0,0.033040952
116581,0,0.033041086
116582,0,0.033041034
116583,0,0.03304103
116584,0,0.03304079
116585,0,0.033041142
116586,0,0.033040807
116587,0,0.033040687
116588,0,0.033041127
116589,0,0.03304114
116590,0,0.033040985
116591,0,0.03304079
116592,0,0.033041093
116593,0,0.033040956
116594,0,0.033040866
116595,0,0.03304131
116596,0,0.033041097
116597,0,0.03304094
116598,0,0.033040937
116599,0,0.033040795
116600,0,0.033040967
116601,0,0.03304095
116602,0,0.033040613
116603,0,0.033040654
116604,0,0.033040762
116605,0,0.033040747
116606,0,0.033040676
116607,0,0.033040762
116608,0,0.03304093
116609,0,0.033040784
116610,0,0.033040896
116611,0,0.03304087
116612,0,0.033040855
116613,0,0.033040628
116614,0,0.033040807
116615,0,0.03304081
116616,0,0.033040762
116617,0,0.033040676
116618,0,0.033040788
116619,0,0.033040863
116620,0,0.033041
116621,0,0.033040687
116622,0,0.033040654
116623,0,0.033040386
116624,0,0.033040445
116625,0,0.033040367
116626,0,0.033040613
116627,0,0.033040475
116628,0,0.033040397
116629,0,0.03304039
116630,0,0.033040438
116631,0,0.033040404
116632,0,0.033040352
116633,0,0.03304035
116634,0,0.033040285
116635,0,0.033040315
116636,0,0.03304034
116637,0,0.03304039
116638,0,0.033040404
116639,0,0.033040307
116640,0,0.03304032
116641,0,0.033040304
116642,0,0.033040296
116643,0,0.03304027
116644,0,0.03304044
116645,0,0.03304034
116646,0,0.03304031
116647,0,0.03304037
116648,0,0.033040345
116649,0,0.033040352
116650,0,0.03304032
116651,0,0.033040386
116652,0,0.033040315
116653,0,0.033040363
116654,0,0.033040322
116655,0,0.03304039
116656,0,0.033040434
116657,0,0.03304034
116658,0,0.03304043
116659,0,0.03304041
116660,0,0.03304031
116661,0,0.033040483
116662,0,0.033040497
116663,0,0.03304036
116664,0,0.033040352
116665,0,0.033040404
116666,0,0.03304046
116667,0,0.0330405
116668,0,0.033040337
116669,0,0.033040408
116670,0,0.033040434
116671,0,0.033040438
116672,0,0.033040334
116673,0,0.033040475
116674,0,0.03304037
116675,0,0.033040337
116676,0,0.03304045
116677,0,0.033040397
116678,0,0.033040367
116679,0,0.033040553
116680,0,0.03304066
116681,0,0.03304074
116682,0,0.033040624
116683,0,0.033040736
116684,0,0.03304081
116685,0,0.033040937
116686,0,0.033040795
116687,0,0.033040687
116688,0,0.03304072
116689,0,0.0330407
116690,0,0.0330408
116691,0,0.033040825
116692,0,0.033040542
116693,0,0.0330408
116694,0,0.033041112
116695,0,0.033040833
116696,0,0.033040833
116697,0,0.033040613
116698,0,0.033040646
116699,0,0.033040736
116700,0,0.03304103
116701,0,0.033040643
116702,0,0.03304065
116703,0,0.033040673
116704,0,0.033040814
116705,0,0.033040766
116706,0,0.033040818
116707,0,0.03304066
116708,0,0.033040583
116709,0,0.03304051
116710,0,0.03304066
116711,0,0.03304075
116712,0,0.03304062
116713,0,0.033040784
116714,0,0.033040944
116715,0,0.033040807
116716,0,0.03304075
116717,0,0.03304045
116718,0,0.033040263
116719,0,0.03304042
116720,0,0.033040438
116721,0,0.033040345
116722,0,0.033040415
116723,0,0.033040326
116724,0,0.03304049
116725,0,0.033040397
116726,0,0.0330405
116727,0,0.033040747
116728,0,0.033040423
116729,0,0.033040717
116730,0,0.033040915
116731,0,0.03304078
116732,0,0.03304067
116733,0,0.033040617
116734,0,0.03304087
116735,0,0.033040714
116736,0,0.033040754
116737,0,0.03304101
116738,0,0.033040665
116739,0,0.033040788
116740,0,0.03304078
116741,0,0.03304076
116742,0,0.03304055
116743,0,0.03304079
116744,0,0.03304072
116745,0,0.033040803
116746,0,0.033040896
116747,0,0.033040978
116748,0,0.033040736
116749,0,0.03304107
116750,0,0.03304105
116751,0,0.033040915
116752,0,0.033040836
116753,0,0.03304086
116754,0,0.03304106
116755,0,0.033041086
116756,0,0.033041105
116757,0,0.033041
116758,0,0.033040974
116759,0,0.03304082
116760,0,0.033040848
116761,0,0.033040658
116762,0,0.033040717
116763,0,0.033040892
116764,0,0.03304075
116765,0,0.03304083
116766,0,0.033040784
116767,0,0.03304087
116768,0,0.033040997
116769,0,0.033040855
116770,0,0.0330408
116771,0,0.0330408
116772,0,0.033040848
116773,0,0.033040773
116774,0,0.03304078
116775,0,0.03304083
116776,0,0.03304083
116777,0,0.033040676
116778,0,0.03304075
116779,0,0.03304079
116780,0,0.033040818
116781,0,0.03304078
116782,0,0.03304078
116783,0,0.033040766
116784,0,0.033041008
116785,0,0.033040613
116786,0,0.033040736
116787,0,0.033040773
116788,0,0.033040818
116789,0,0.033040736
116790,0,0.03304072
116791,0,0.033040788
116792,0,0.033040773
116793,0,0.033040807
116794,0,0.033040743
116795,0,0.033040866
116796,0,0.03304083
116797,0,0.03304075
116798,0,0.033040773
116799,0,0.033040803
116800,0,0.03304083
116801,0,0.033040818
116802,0,0.0330408
116803,0,0.033040747
116804,0,0.03304071
116805,0,0.03304066
116806,0,0.033040877
116807,0,0.033040795
116808,0,0.033040766
116809,0,0.03304084
116810,0,0.033040605
116811,0,0.033040795
116812,0,0.03304076
116813,0,0.03304063
116814,0,0.03304079
116815,0,0.033040773
116816,0,0.03304078
116817,0,0.033040807
116818,0,0.03304079
116819,0,0.033040825
116820,0,0.033040725
116821,0,0.03304079
116822,0,0.03304094
116823,0,0.033040814
116824,0,0.03304075
116825,0,0.03304087
116826,0,0.033040743
116827,0,0.033040714
116828,0,0.033040814
116829,0,0.03304066
116830,0,0.033040673
116831,0,0.03304079
116832,0,0.033040777
116833,0,0.03304079
116834,0,0.033040855
116835,0,0.03304074
116836,0,0.033040717
116837,0,0.033040676
116838,0,0.033040658
116839,0,0.033040635
116840,0,0.033040754
116841,0,0.03304075
116842,0,0.033040788
116843,0,0.033040673
116844,0,0.03304074
116845,0,0.033040833
116846,0,0.03304087
116847,0,0.033040747
116848,0,0.033040576
116849,0,0.033040375
116850,0,0.033040427
116851,0,0.033040278
116852,0,0.03304037
116853,0,0.03304039
116854,0,0.03304041
116855,0,0.033040438
116856,0,0.03304033
116857,0,0.033040367
116858,0,0.033040427
116859,0,0.03304033
116860,0,0.03304041
116861,0,0.033040468
116862,0,0.033040464
116863,0,0.03304047
116864,0,0.033040386
116865,0,0.033040248
116866,0,0.03304027
116867,0,0.03304038
116868,0,0.033040397
116869,0,0.033040453
116870,0,0.03304057
116871,0,0.033040594
116872,0,0.03304077
116873,0,0.033040795
116874,0,0.033040762
116875,0,0.03304083
116876,0,0.033040617
116877,0,0.033040635
116878,0,0.03304072
116879,0,0.03304073
116880,0,0.03304078
116881,0,0.033040676
116882,0,0.033040784
116883,0,0.033040788
116884,0,0.033040836
116885,0,0.033040944
116886,0,0.033040777
116887,0,0.03304082
116888,0,0.03304078
116889,0,0.033040725
116890,0,0.033040695
116891,0,0.033040497
116892,0,0.033040877
116893,0,0.033040695
116894,0,0.03304068
116895,0,0.03304055
116896,0,0.033040725
116897,0,0.033040788
116898,0,0.033040777
116899,0,0.033040892
116900,0,0.033040967
116901,0,0.03304126
116902,0,0.033040587
116903,0,0.033040617
116904,0,0.033040587
116905,0,0.033040676
116906,0,0.033040795
116907,0,0.03304082
116908,0,0.033040874
116909,0,0.033040825
116910,0,0.033040807
116911,0,0.033040877
116912,0,0.033040524
116913,0,0.033040576
116914,0,0.033040468
116915,0,0.03304045
116916,0,0.033040527
116917,0,0.03304048
116918,0,0.033040512
116919,0,0.033040438
116920,0,0.03304051
116921,0,0.03304057
116922,0,0.0330404
116923,0,0.03304048
116924,0,0.03304043
116925,0,0.03304033
116926,0,0.033040456
116927,0,0.03304027
116928,0,0.03304043
116929,0,0.033040315
116930,0,0.033040334
116931,0,0.033040334
116932,0,0.03304035
116933,0,0.033040255
116934,0,0.03304027
116935,0,0.03304026
116936,0,0.033040293
116937,0,0.033040322
116938,0,0.033040207
116939,0,0.033040218
116940,0,0.033040296
116941,0,0.033040226
116942,0,0.033040334
116943,0,0.033040456
116944,0,0.03304041
116945,0,0.03304033
116946,0,0.03304044
116947,0,0.03304034
116948,0,0.033040427
116949,0,0.033040322
116950,0,0.033040352
116951,0,0.033040248
116952,0,0.03304036
116953,0,0.033040356
116954,0,0.03304033
116955,0,0.033040382
116956,0,0.03304027
116957,0,0.033040356
116958,0,0.03304024
116959,0,0.033040274
116960,0,0.03304026
116961,0,0.03304038
116962,0,0.03304036
116963,0,0.033040397
116964,0,0.03304024
116965,0,0.033040334
116966,0,0.03304022
116967,0,0.03304022
116968,0,0.033040244
116969,0,0.03304034
116970,0,0.03304032
116971,0,0.03304043
116972,0,0.033040404
116973,0,0.0330404
116974,0,0.033040434
116975,0,0.03304038
116976,0,0.0330403
116977,0,0.033040285
116978,0,0.033040322
116979,0,0.033040214
116980,0,0.033040203
116981,0,0.03304027
116982,0,0.03304028
116983,0,0.03304019
116984,0,0.0330402
116985,0,0.033040375
116986,0,0.03304031
116987,0,0.033040386
116988,0,0.03304022
116989,0,0.033040285
116990,0,0.033040326
116991,0,0.033040263
116992,0,0.03304025
116993,0,0.03304024
116994,0,0.033040207
116995,0,0.033040248
116996,0,0.033040326
116997,0,0.033040285
116998,0,0.033040453
116999,0,0.03304052
117000,0,0.033040408
117001,0,0.033040404
117002,0,0.033040456
117003,0,0.033040345
117004,0,0.033040557
117005,0,0.033040334
117006,0,0.033040483
117007,0,0.033040293
117008,0,0.033040386
117009,0,0.03304027
117010,0,0.033040244
117011,0,0.033040453
117012,0,0.033040393
117013,0,0.03304022
117014,0,0.03304025
117015,0,0.03304032
117016,0,0.033040322
117017,0,0.033040266
117018,0,0.033040438
117019,0,0.033040464
117020,0,0.03304038
117021,0,0.033040397
117022,0,0.033040486
117023,0,0.03304043
117024,0,0.033040293
117025,0,0.03304021
117026,0,0.03304021
117027,0,0.03304027
117028,0,0.03304043
117029,0,0.033040397
117030,0,0.033040345
117031,0,0.03304049
117032,0,0.0330404
117033,0,0.033040375
117034,0,0.033040483
117035,0,0.03304043
117036,0,0.033040438
117037,0,0.033040524
117038,0,0.033040468
117039,0,0.033040415
117040,0,0.033040438
117041,0,0.03304046
117042,0,0.033040415
117043,0,0.03304044
117044,0,0.033040386
117045,0,0.033040326
117046,0,0.033040322
117047,0,0.033040233
117048,0,0.03304022
117049,0,0.033040237
117050,0,0.033040226
117051,0,0.03304024
117052,0,0.033040218
117053,0,0.03304036
117054,0,0.03304047
117055,0,0.03304041
117056,0,0.033040468
117057,0,0.03304048
117058,0,0.033040464
117059,0,0.033040334
117060,0,0.033040397
117061,0,0.03304036
117062,0,0.03304043
117063,0,0.033040587
117064,0,0.0330405
117065,0,0.033040505
117066,0,0.033040386
117067,0,0.033040464
117068,0,0.033040456
117069,0,0.033040456
117070,0,0.033040464
117071,0,0.03304048
117072,0,0.0330404
117073,0,0.033040415
117074,0,0.033040304
117075,0,0.033040375
117076,0,0.03304035
117077,0,0.033040434
117078,0,0.033040427
117079,0,0.03304041
117080,0,0.033040453
117081,0,0.033040415
117082,0,0.033040542
117083,0,0.033040494
117084,0,0.033040468
117085,0,0.0330405
117086,0,0.033040404
117087,0,0.033040408
117088,0,0.033040445
117089,0,0.03304042
117090,0,0.03304045
117091,0,0.033040456
117092,0,0.033040546
117093,0,0.033040397
117094,0,0.03304045
117095,0,0.033040438
117096,0,0.033040453
117097,0,0.033040445
117098,0,0.033040497
117099,0,0.033040572
117100,0,0.033040453
117101,0,0.033040483
117102,0,0.033040434
117103,0,0.03304045
117104,0,0.033040453
117105,0,0.033040456
117106,0,0.033040453
117107,0,0.03304033
117108,0,0.033040434
117109,0,0.033040423
117110,0,0.033040408
117111,0,0.033040557
117112,0,0.033040434
117113,0,0.03304041
117114,0,0.033040524
117115,0,0.033040434
117116,0,0.03304042
117117,0,0.03304043
117118,0,0.0330405
117119,0,0.033040497
117120,0,0.03304045
117121,0,0.0330406
117122,0,0.033040617
117123,0,0.03304068
117124,0,0.033040717
117125,0,0.033040434
117126,0,0.0330406
117127,0,0.0330405
117128,0,0.033040527
117129,0,0.033040464
117130,0,0.033040464
117131,0,0.033040605
117132,0,0.033040773
117133,0,0.033040464
117134,0,0.03304045
117135,0,0.03304045
117136,0,0.033040468
117137,0,0.03304046
117138,0,0.033040386
117139,0,0.033040516
117140,0,0.03304042
117141,0,0.033040404
117142,0,0.033040456
117143,0,0.033040524
117144,0,0.033040512
117145,0,0.03304056
117146,0,0.03304055
117147,0,0.03304053
117148,0,0.03304062
117149,0,0.033040665
117150,0,0.033040572
117151,0,0.033040527
117152,0,0.033040453
117153,0,0.033040438
117154,0,0.033040527
117155,0,0.033040594
117156,0,0.03304047
117157,0,0.033040453
117158,0,0.03304045
117159,0,0.033040512
117160,0,0.03304033
117161,0,0.033040345
117162,0,0.0330404
117163,0,0.033040263
117164,0,0.033040322
117165,0,0.03304035
117166,0,0.033040423
117167,0,0.033040445
117168,0,0.033040512
117169,0,0.03304046
117170,0,0.03304045
117171,0,0.03304045
117172,0,0.03304048
117173,0,0.0330405
117174,0,0.03304048
117175,0,0.033040468
117176,0,0.03304052
117177,0,0.03304055
117178,0,0.03304059
117179,0,0.033040617
117180,0,0.033040438
117181,0,0.033040524
117182,0,0.03304055
117183,0,0.03304046
117184,0,0.03304044
117185,0,0.0330405
117186,0,0.03304066
117187,0,0.033040486
117188,0,0.03304039
117189,0,0.03304047
117190,0,0.033040434
117191,0,0.033040453
117192,0,0.03304065
117193,0,0.03304047
117194,0,0.033040673
117195,0,0.033040643
117196,0,0.03304052
117197,0,0.03304052
117198,0,0.033040613
117199,0,0.033040497
117200,0,0.033040628
117201,0,0.033040565
117202,0,0.033040576
117203,0,0.033040598
117204,0,0.033040613
117205,0,0.033040784
117206,0,0.03304075
117207,0,0.033040687
117208,0,0.033040673
117209,0,0.033040535
117210,0,0.03304065
117211,0,0.033040673
117212,0,0.033040583
117213,0,0.033040676
117214,0,0.033040803
117215,0,0.033040658
117216,0,0.033040613
117217,0,0.033040445
117218,0,0.033040587
117219,0,0.0330407
117220,0,0.033040572
117221,0,0.03304056
117222,0,0.033040673
117223,0,0.03304068
117224,0,0.03304056
117225,0,0.03304071
117226,0,0.03304092
117227,0,0.033040714
117228,0,0.033040565
117229,0,0.033040676
117230,0,0.033040635
117231,0,0.033040643
117232,0,0.0330407
117233,0,0.033040512
117234,0,0.03304072
117235,0,0.033040658
117236,0,0.033040594
117237,0,0.033040553
117238,0,0.033040702
117239,0,0.03304054
117240,0,0.033040665
117241,0,0.03304061
117242,0,0.033040617
117243,0,0.033040646
117244,0,0.03304048
117245,0,0.033040512
117246,0,0.033040542
117247,0,0.033040542
117248,0,0.03304068
117249,0,0.033040483
117250,0,0.033040535
117251,0,0.033040497
117252,0,0.033040483
117253,0,0.03304051
117254,0,0.03304046
117255,0,0.033040483
117256,0,0.033040527
117257,0,0.033040524
117258,0,0.03304045
117259,0,0.03304048
117260,0,0.03304039
117261,0,0.03304049
117262,0,0.03304048
117263,0,0.033040524
117264,0,0.033040717
117265,0,0.033040434
117266,0,0.0330404
117267,0,0.033040468
117268,0,0.03304046
117269,0,0.033040352
117270,0,0.033040505
117271,0,0.033040553
117272,0,0.033040736
117273,0,0.03304074
117274,0,0.033040676
117275,0,0.03304064
117276,0,0.03304109
117277,0,0.033040747
117278,0,0.03304082
117279,0,0.03304069
117280,0,0.033040673
117281,0,0.033040736
117282,0,0.033040818
117283,0,0.033040557
117284,0,0.033040673
117285,0,0.03304066
117286,0,0.033040468
117287,0,0.033040524
117288,0,0.03304051
117289,0,0.03304063
117290,0,0.033040732
117291,0,0.0330405
117292,0,0.0330405
117293,0,0.0330406
117294,0,0.033040598
117295,0,0.033040565
117296,0,0.03304064
117297,0,0.033040676
117298,0,0.033040572
117299,0,0.03304062
117300,0,0.033040512
117301,0,0.033040494
117302,0,0.03304061
117303,0,0.033040583
117304,0,0.033040877
117305,0,0.03304065
117306,0,0.03304059
117307,0,0.033040594
117308,0,0.033040494
117309,0,0.03304057
117310,0,0.033040445
117311,0,0.033040468
117312,0,0.03304058
117313,0,0.033040732
117314,0,0.033040676
117315,0,0.033040583
117316,0,0.03304055
117317,0,0.033040565
117318,0,0.03304064
117319,0,0.03304059
117320,0,0.033040617
117321,0,0.033040438
117322,0,0.033040486
117323,0,0.033040788
117324,0,0.033040665
117325,0,0.033040695
117326,0,0.03304084
117327,0,0.033040635
117328,0,0.03304054
117329,0,0.03304055
117330,0,0.033040963
117331,0,0.0330411
117332,0,0.033040777
117333,0,0.033040646
117334,0,0.033040933
117335,0,0.033040836
117336,0,0.033040494
117337,0,0.03304058
117338,0,0.03304058
117339,0,0.033040803
117340,0,0.033040624
117341,0,0.033040825
117342,0,0.033040594
117343,0,0.03304074
117344,0,0.03304072
117345,0,0.03304072
117346,0,0.033040844
117347,0,0.03304093
117348,0,0.033040643
117349,0,0.033040766
117350,0,0.033040885
117351,0,0.0330408
117352,0,0.033040974
117353,0,0.033040687
117354,0,0.033040594
117355,0,0.033040717
117356,0,0.033040654
117357,0,0.033040684
117358,0,0.03304071
117359,0,0.033040743
117360,0,0.033040732
117361,0,0.03304069
117362,0,0.033040754
117363,0,0.03304052
117364,0,0.03304085
117365,0,0.033040572
117366,0,0.03304075
117367,0,0.03304061
117368,0,0.033040762
117369,0,0.033040725
117370,0,0.033040814
117371,0,0.03304093
117372,0,0.03304074
117373,0,0.033040784
117374,0,0.03304082
117375,0,0.033040665
117376,0,0.033040486
117377,0,0.033040598
117378,0,0.03304063
117379,0,0.03304067
117380,0,0.033040732
117381,0,0.033040572
117382,0,0.033040583
117383,0,0.033040695
117384,0,0.03304047
117385,0,0.033040613
117386,0,0.03304055
117387,0,0.033040754
117388,0,0.03304043
117389,0,0.033040475
117390,0,0.033040613
117391,0,0.03304042
117392,0,0.033040468
117393,0,0.033040334
117394,0,0.03304045
117395,0,0.033040483
117396,0,0.033040375
117397,0,0.03304034
117398,0,0.03304047
117399,0,0.03304035
117400,0,0.033040334
117401,0,0.033040397
117402,0,0.033040226
117403,0,0.03304024
117404,0,0.03304022
117405,0,0.033040244
117406,0,0.033040285
117407,0,0.033040255
117408,0,0.033040214
117409,0,0.03304021
117410,0,0.033040248
117411,0,0.033040214
117412,0,0.03304022
117413,0,0.033040244
117414,0,0.033040266
117415,0,0.033040233
117416,0,0.033040266
117417,0,0.033040266
117418,0,0.033040356
117419,0,0.033040266
117420,0,0.033040352
117421,0,0.03304037
117422,0,0.0330403
117423,0,0.0330403
117424,0,0.033040315
117425,0,0.033040296
117426,0,0.033040255
117427,0,0.03304029
117428,0,0.033040248
117429,0,0.033040404
117430,0,0.033040237
117431,0,0.03304038
117432,0,0.033040315
117433,0,0.0330404
117434,0,0.03304027
117435,0,0.033040296
117436,0,0.0330404
117437,0,0.033040438
117438,0,0.033040434
117439,0,0.03304045
117440,0,0.033040453
117441,0,0.033040415
117442,0,0.03304046
117443,0,0.033040468
117444,0,0.03304049
117445,0,0.03304046
117446,0,0.033040393
117447,0,0.03304028
117448,0,0.033040285
117449,0,0.033040322
117450,0,0.033040464
117451,0,0.03304048
117452,0,0.033040486
117453,0,0.033040475
117454,0,0.033040535
117455,0,0.03304065
117456,0,0.033040553
117457,0,0.03304062
117458,0,0.033040464
117459,0,0.03304053
117460,0,0.03304066
117461,0,0.033040464
117462,0,0.03304057
117463,0,0.033040635
117464,0,0.033040643
117465,0,0.03304055
117466,0,0.033040546
117467,0,0.033040673
117468,0,0.033040628
117469,0,0.03304081
117470,0,0.03304059
117471,0,0.03304049
117472,0,0.033040483
117473,0,0.033040576
117474,0,0.03304063
117475,0,0.033040766
117476,0,0.03304047
117477,0,0.033040747
117478,0,0.033040673
117479,0,0.033040605
117480,0,0.0330406
117481,0,0.033040684
117482,0,0.033040654
117483,0,0.03304057
117484,0,0.033040706
117485,0,0.033040605
117486,0,0.033040736
117487,0,0.033040784
117488,0,0.033040423
117489,0,0.033040542
117490,0,0.033040512
117491,0,0.03304065
117492,0,0.033040665
117493,0,0.033040646
117494,0,0.033040605
117495,0,0.033040773
117496,0,0.03304078
117497,0,0.033040788
117498,0,0.033040598
117499,0,0.033040617
117500,0,0.03304059
117501,0,0.033040635
117502,0,0.033040576
117503,0,0.03304058
117504,0,0.033040643
117505,0,0.033040572
117506,0,0.03304065
117507,0,0.033040397
117508,0,0.033040307
117509,0,0.033040237
117510,0,0.033040237
117511,0,0.03304038
117512,0,0.03304043
117513,0,0.033040516
117514,0,0.03304051
117515,0,0.03304056
117516,0,0.03304044
117517,0,0.033040494
117518,0,0.033040807
117519,0,0.03304068
117520,0,0.03304058
117521,0,0.033040635
117522,0,0.03304066
117523,0,0.033040646
117524,0,0.03304064
117525,0,0.03304064
117526,0,0.0330406
117527,0,0.03304039
117528,0,0.033040546
117529,0,0.03304049
117530,0,0.03304045
117531,0,0.033040494
117532,0,0.03304032
117533,0,0.03304031
117534,0,0.03304024
117535,0,0.033040415
117536,0,0.033040337
117537,0,0.03304031
117538,0,0.03304044
117539,0,0.033040438
117540,0,0.033040408
117541,0,0.033040415
117542,0,0.033040483
117543,0,0.03304049
117544,0,0.03304047
117545,0,0.033040307
117546,0,0.033040486
117547,0,0.033040624
117548,0,0.03304048
117549,0,0.033040524
117550,0,0.033040363
117551,0,0.033040307
117552,0,0.033040266
117553,0,0.03304024
117554,0,0.03304039
117555,0,0.033040233
117556,0,0.033040196
117557,0,0.03304046
117558,0,0.033040255
117559,0,0.033040363
117560,0,0.03304033
117561,0,0.033040404
117562,0,0.0330403
117563,0,0.03304036
117564,0,0.033040285
117565,0,0.033040363
117566,0,0.03304047
117567,0,0.03304035
117568,0,0.03304037
117569,0,0.03304042
117570,0,0.03304041
117571,0,0.033040408
117572,0,0.033040445
117573,0,0.033040334
117574,0,0.03304032
117575,0,0.033040304
117576,0,0.0330402
117577,0,0.03304031
117578,0,0.033040296
117579,0,0.033040274
117580,0,0.033040237
117581,0,0.033040285
117582,0,0.033040237
117583,0,0.033040214
117584,0,0.03304041
117585,0,0.033040226
117586,0,0.033040296
117587,0,0.033040274
117588,0,0.033040382
117589,0,0.033040468
117590,0,0.03304057
117591,0,0.03304064
117592,0,0.03304033
117593,0,0.03304035
117594,0,0.033040266
117595,0,0.033040326
117596,0,0.0330403
117597,0,0.033040285
117598,0,0.03304044
117599,0,0.033040393
117600,0,0.033040345
117601,0,0.03304044
117602,0,0.03304052
117603,0,0.03304037
117604,0,0.033040598
117605,0,0.033040497
117606,0,0.033040725
117607,0,0.03304075
117608,0,0.03304072
117609,0,0.033040717
117610,0,0.03304082
117611,0,0.033040397
117612,0,0.03304033
117613,0,0.033040326
117614,0,0.033040285
117615,0,0.033040423
117616,0,0.033040397
117617,0,0.03304046
117618,0,0.03304051
117619,0,0.03304051
117620,0,0.033040807
117621,0,0.033040494
117622,0,0.033040512
117623,0,0.033040628
117624,0,0.03304053
117625,0,0.033040565
117626,0,0.03304058
117627,0,0.033040438
117628,0,0.03304041
117629,0,0.033040475
117630,0,0.033040456
117631,0,0.033040494
117632,0,0.033040535
117633,0,0.03304056
117634,0,0.033040553
117635,0,0.033040565
117636,0,0.03304063
117637,0,0.03304068
117638,0,0.033040594
117639,0,0.03304049
117640,0,0.033040375
117641,0,0.0330402
117642,0,0.033040244
117643,0,0.03304026
117644,0,0.03304026
117645,0,0.033040233
117646,0,0.03304028
117647,0,0.0330403
117648,0,0.033040237
117649,0,0.033040285
117650,0,0.033040278
117651,0,0.033040307
117652,0,0.0330402
117653,0,0.03304021
117654,0,0.03304019
117655,0,0.03304026
117656,0,0.03304024
117657,0,0.03304019
117658,0,0.033040237
117659,0,0.033040214
117660,0,0.033040244
117661,0,0.03304038
117662,0,0.033040497
117663,0,0.033040546
117664,0,0.033040527
117665,0,0.033040363
117666,0,0.03304037
117667,0,0.033040382
117668,0,0.033040542
117669,0,0.033040278
117670,0,0.033040218
117671,0,0.033040248
117672,0,0.033040266
117673,0,0.033040237
117674,0,0.033040226
117675,0,0.033040278
117676,0,0.03304035
117677,0,0.033040307
117678,0,0.033040393
117679,0,0.03304023
117680,0,0.033040248
117681,0,0.03304025
117682,0,0.033040237
117683,0,0.03304023
117684,0,0.03304029
117685,0,0.033040263
117686,0,0.033040352
117687,0,0.03304045
117688,0,0.033040237
117689,0,0.033040244
117690,0,0.033040192
117691,0,0.033040233
117692,0,0.033040375
117693,0,0.03304038
117694,0,0.03304026
117695,0,0.033040244
117696,0,0.033040255
117697,0,0.033040375
117698,0,0.03304051
117699,0,0.033040438
117700,0,0.033040438
117701,0,0.033040356
117702,0,0.033040453
117703,0,0.033040583
117704,0,0.03304079
117705,0,0.033040646
117706,0,0.033040505
117707,0,0.03304052
117708,0,0.03304069
117709,0,0.03304052
117710,0,0.0330406
117711,0,0.033040542
117712,0,0.033040706
117713,0,0.033040848
117714,0,0.033040773
117715,0,0.0330408
117716,0,0.03304075
117717,0,0.033040486
117718,0,0.033040624
117719,0,0.033040673
117720,0,0.03304079
117721,0,0.033040665
117722,0,0.03304059
117723,0,0.03304072
117724,0,0.033040732
117725,0,0.03304068
117726,0,0.033040818
117727,0,0.033040915
117728,0,0.033040613
117729,0,0.03304069
117730,0,0.033040587
117731,0,0.033040635
117732,0,0.03304092
117733,0,0.03304074
117734,0,0.033040624
117735,0,0.033040695
117736,0,0.0330405
117737,0,0.033040833
117738,0,0.03304062
117739,0,0.033040557
117740,0,0.03304088
117741,0,0.03304078
117742,0,0.03304065
117743,0,0.03304076
117744,0,0.03304088
117745,0,0.03304066
117746,0,0.033040673
117747,0,0.033040788
117748,0,0.03304078
117749,0,0.03304056
117750,0,0.033040605
117751,0,0.03304063
117752,0,0.03304075
117753,0,0.03304069
117754,0,0.033040658
117755,0,0.0330405
117756,0,0.03304071
117757,0,0.033040535
117758,0,0.033040617
117759,0,0.03304077
117760,0,0.03304057
117761,0,0.033040486
117762,0,0.03304049
117763,0,0.03304076
117764,0,0.033040736
117765,0,0.033040673
117766,0,0.033040814
117767,0,0.033040877
117768,0,0.03304084
117769,0,0.03304088
117770,0,0.033040766
117771,0,0.033040907
117772,0,0.033040877
117773,0,0.03304091
117774,0,0.03304108
117775,0,0.03304084
117776,0,0.03304058
117777,0,0.03304083
117778,0,0.033040747
117779,0,0.033040777
117780,0,0.03304077
117781,0,0.03304074
117782,0,0.033040736
117783,0,0.03304083
117784,0,0.03304092
117785,0,0.033040676
117786,0,0.033040714
117787,0,0.03304074
117788,0,0.033040714
117789,0,0.033040885
117790,0,0.033040747
117791,0,0.03304061
117792,0,0.033040836
117793,0,0.03304068
117794,0,0.033040676
117795,0,0.03304074
117796,0,0.03304088
117797,0,0.033040795
117798,0,0.03304046
117799,0,0.03304043
117800,0,0.03304049
117801,0,0.03304066
117802,0,0.033041026
117803,0,0.0330409
117804,0,0.033040904
117805,0,0.03304113
117806,0,0.033041086
117807,0,0.033040777
117808,0,0.033040833
117809,0,0.033040676
117810,0,0.03304072
117811,0,0.033040565
117812,0,0.033040483
117813,0,0.0330408
117814,0,0.033040773
117815,0,0.03304102
117816,0,0.033041187
117817,0,0.033041153
117818,0,0.033041228
117819,0,0.03304105
117820,0,0.033041086
117821,0,0.03304097
117822,0,0.03304113
117823,0,0.033041127
117824,0,0.033040848
117825,0,0.033040803
117826,0,0.033040784
117827,0,0.03304058
117828,0,0.033040833
117829,0,0.033041168
117830,0,0.033041257
117831,0,0.033041
117832,0,0.033040944
117833,0,0.03304067
117834,0,0.033041015
117835,0,0.033041175
117836,0,0.03304107
117837,0,0.033040933
117838,0,0.033041034
117839,0,0.033040795
117840,0,0.033040803
117841,0,0.03304117
117842,0,0.03304093
117843,0,0.033041127
117844,0,0.033040706
117845,0,0.033040777
117846,0,0.03304065
117847,0,0.033040773
117848,0,0.0330408
117849,0,0.03304073
117850,0,0.033041064
117851,0,0.03304102
117852,0,0.033040695
117853,0,0.03304081
117854,0,0.033040974
117855,0,0.03304067
117856,0,0.03304065
117857,0,0.033040512
117858,0,0.0330406
117859,0,0.033040594
117860,0,0.033040512
117861,0,0.033040553
117862,0,0.03304074
117863,0,0.033040814
117864,0,0.03304074
117865,0,0.033040512
117866,0,0.03304101
117867,0,0.033040535
117868,0,0.033040635
117869,0,0.033040773
117870,0,0.033040434
117871,0,0.033040505
117872,0,0.03304042
117873,0,0.033040326
117874,0,0.033040248
117875,0,0.03304025
117876,0,0.03304025
117877,0,0.033040315
117878,0,0.033040248
117879,0,0.033040315
117880,0,0.03304029
117881,0,0.033040445
117882,0,0.033040505
117883,0,0.03304053
117884,0,0.033040196
117885,0,0.033040345
117886,0,0.033040214
117887,0,0.033040203
117888,0,0.0330403
117889,0,0.033040367
117890,0,0.03304032
117891,0,0.033040363
117892,0,0.03304031
117893,0,0.033040218
117894,0,0.03304027
117895,0,0.033040382
117896,0,0.03304038
117897,0,0.033040203
117898,0,0.03304032
117899,0,0.033040557
117900,0,0.033040468
117901,0,0.033040315
117902,0,0.033040356
117903,0,0.033040322
117904,0,0.033040304
117905,0,0.03304027
117906,0,0.0330403
117907,0,0.033040214
117908,0,0.03304023
117909,0,0.03304028
117910,0,0.033040315
117911,0,0.033040337
117912,0,0.03304035
117913,0,0.033040304
117914,0,0.0330403
117915,0,0.033040337
117916,0,0.033040285
117917,0,0.033040248
117918,0,0.033040278
117919,0,0.03304029
117920,0,0.033040352
117921,0,0.03304042
117922,0,0.033040326
117923,0,0.033040483
117924,0,0.033040386
117925,0,0.033040397
117926,0,0.033040375
117927,0,0.03304043
117928,0,0.033040367
117929,0,0.033040456
117930,0,0.033040605
117931,0,0.033040535
117932,0,0.03304093
117933,0,0.03304067
117934,0,0.03304059
117935,0,0.033040732
117936,0,0.033040833
117937,0,0.03304062
117938,0,0.03304064
117939,0,0.033040825
117940,0,0.033040673
117941,0,0.033040967
117942,0,0.03304099
117943,0,0.03304074
117944,0,0.03304091
117945,0,0.03304107
117946,0,0.03304083
117947,0,0.033041228
117948,0,0.03304046
117949,0,0.033040453
117950,0,0.03304046
117951,0,0.033040766
117952,0,0.033040676
117953,0,0.03304074
117954,0,0.033040684
117955,0,0.033040628
117956,0,0.0330407
117957,0,0.033040684
117958,0,0.033041056
117959,0,0.03304075
117960,0,0.03304079
117961,0,0.033040848
117962,0,0.033040732
117963,0,0.033040788
117964,0,0.033040673
117965,0,0.033040788
117966,0,0.033040807
117967,0,0.0330407
117968,0,0.033040844
117969,0,0.033040684
117970,0,0.03304071
117971,0,0.033040814
117972,0,0.0330409
117973,0,0.033040985
117974,0,0.033040814
117975,0,0.033040784
117976,0,0.03304083
117977,0,0.033040762
117978,0,0.033040855
117979,0,0.033040833
117980,0,0.033040784
117981,0,0.033040818
117982,0,0.0330408
117983,0,0.033040848
117984,0,0.03304053
117985,0,0.033040565
117986,0,0.03304066
117987,0,0.033040784
117988,0,0.03304066
117989,0,0.03304068
117990,0,0.03304078
117991,0,0.03304075
117992,0,0.033040702
117993,0,0.033040907
117994,0,0.03304089
117995,0,0.03304054
117996,0,0.033040658
117997,0,0.0330409
117998,0,0.03304086
117999,0,0.03304086
118000,0,0.033040747
118001,0,0.033040736
118002,0,0.033040613
118003,0,0.033040907
118004,0,0.0330406
118005,0,0.03304061
118006,0,0.033040434
118007,0,0.033040285
118008,0,0.03304028
118009,0,0.033040255
118010,0,0.033040244
118011,0,0.033040266
118012,0,0.033040274
118013,0,0.03304033
118014,0,0.033040375
118015,0,0.03304025
118016,0,0.033040285
118017,0,0.033040293
118018,0,0.033040307
118019,0,0.033040345
118020,0,0.033040326
118021,0,0.0330404
118022,0,0.033040565
118023,0,0.033040684
118024,0,0.03304061
118025,0,0.03304049
118026,0,0.033040415
118027,0,0.03304039
118028,0,0.033040475
118029,0,0.033040628
118030,0,0.033040676
118031,0,0.033040546
118032,0,0.03304077
118033,0,0.033040736
118034,0,0.033040732
118035,0,0.03304066
118036,0,0.03304067
118037,0,0.033040654
118038,0,0.033040687
118039,0,0.033040866
118040,0,0.03304083
118041,0,0.033040848
118042,0,0.0330409
118043,0,0.033040773
118044,0,0.033040695
118045,0,0.033040505
118046,0,0.03304069
118047,0,0.033040773
118048,0,0.033040855
118049,0,0.03304066
118050,0,0.033040535
118051,0,0.03304053
118052,0,0.033040516
118053,0,0.033040512
118054,0,0.033040475
118055,0,0.03304053
118056,0,0.03304051
118057,0,0.03304065
118058,0,0.033041015
118059,0,0.033040978
118060,0,0.033040464
118061,0,0.03304063
118062,0,0.03304063
118063,0,0.033040415
118064,0,0.033040535
118065,0,0.033040497
118066,0,0.033040583
118067,0,0.033040598
118068,0,0.03304057
118069,0,0.03304086
118070,0,0.033040732
118071,0,0.0330406
118072,0,0.03304071
118073,0,0.03304073
118074,0,0.03304067
118075,0,0.03304066
118076,0,0.033040896
118077,0,0.033040877
118078,0,0.033040836
118079,0,0.033040855
118080,0,0.033040624
118081,0,0.033040654
118082,0,0.033040747
118083,0,0.033040676
118084,0,0.03304081
118085,0,0.033040926
118086,0,0.033040922
118087,0,0.03304083
118088,0,0.0330407
118089,0,0.033040736
118090,0,0.03304122
118091,0,0.033040665
118092,0,0.03304079
118093,0,0.033040665
118094,0,0.033040907
118095,0,0.03304094
118096,0,0.033040848
118097,0,0.033040937
118098,0,0.033040773
118099,0,0.03304085
118100,0,0.033040658
118101,0,0.03304054
118102,0,0.033040393
118103,0,0.033040293
118104,0,0.033040423
118105,0,0.033040572
118106,0,0.033040408
118107,0,0.033040512
118108,0,0.03304043
118109,0,0.03304045
118110,0,0.033040464
118111,0,0.03304044
118112,0,0.033040557
118113,0,0.033040427
118114,0,0.033040445
118115,0,0.03304046
118116,0,0.03304048
118117,0,0.033040464
118118,0,0.03304062
118119,0,0.033040438
118120,0,0.033040427
118121,0,0.033040516
118122,0,0.033040535
118123,0,0.033040497
118124,0,0.03304056
118125,0,0.033040524
118126,0,0.03304043
118127,0,0.033040322
118128,0,0.03304039
118129,0,0.033040445
118130,0,0.033040285
118131,0,0.033040278
118132,0,0.033040274
118133,0,0.03304034
118134,0,0.033040456
118135,0,0.033040512
118136,0,0.0330404
118137,0,0.033040356
118138,0,0.03304036
118139,0,0.033040263
118140,0,0.03304025
118141,0,0.033040415
118142,0,0.03304042
118143,0,0.033040445
118144,0,0.033040307
118145,0,0.03304043
118146,0,0.03304034
118147,0,0.033040423
118148,0,0.03304039
118149,0,0.03304033
118150,0,0.03304033
118151,0,0.033040274
118152,0,0.033040226
118153,0,0.033040233
118154,0,0.03304029
118155,0,0.03304024
118156,0,0.03304028
118157,0,0.033040244
118158,0,0.033040263
118159,0,0.03304038
118160,0,0.033040337
118161,0,0.033040266
118162,0,0.03304033
118163,0,0.03304032
118164,0,0.033040315
118165,0,0.03304028
118166,0,0.033040296
118167,0,0.03304032
118168,0,0.033040494
118169,0,0.03304038
118170,0,0.03304039
118171,0,0.033040382
118172,0,0.03304031
118173,0,0.033040367
118174,0,0.033040415
118175,0,0.03304041
118176,0,0.03304044
118177,0,0.03304033
118178,0,0.033040475
118179,0,0.033040572
118180,0,0.033040684
118181,0,0.03304043
118182,0,0.03304054
118183,0,0.033040658
118184,0,0.033040673
118185,0,0.03304067
118186,0,0.033040613
118187,0,0.033040635
118188,0,0.03304081
118189,0,0.033040397
118190,0,0.033040423
118191,0,0.033040322
118192,0,0.033040382
118193,0,0.033040397
118194,0,0.033040512
118195,0,0.033040434
118196,0,0.03304049
118197,0,0.03304042
118198,0,0.033040427
118199,0,0.03304026
118200,0,0.03304026
118201,0,0.033040386
118202,0,0.03304037
118203,0,0.033040304
118204,0,0.033040382
118205,0,0.033040415
118206,0,0.033040334
118207,0,0.03304037
118208,0,0.03304038
118209,0,0.03304042
118210,0,0.033040434
118211,0,0.03304045
118212,0,0.033040293
118213,0,0.033040352
118214,0,0.033040415
118215,0,0.03304042
118216,0,0.03304045
118217,0,0.033040375
118218,0,0.033040363
118219,0,0.033040818
118220,0,0.03304108
118221,0,0.03304039
118222,0,0.033040486
118223,0,0.033040453
118224,0,0.033040486
118225,0,0.033040512
118226,0,0.033040427
118227,0,0.03304055
118228,0,0.03304062
118229,0,0.03304047
118230,0,0.033040445
118231,0,0.033040535
118232,0,0.033040438
118233,0,0.03304038
118234,0,0.033040315
118235,0,0.03304039
118236,0,0.033040438
118237,0,0.033040524
118238,0,0.033040542
118239,0,0.03304042
118240,0,0.03304038
118241,0,0.033040363
118242,0,0.03304019
118243,0,0.033040244
118244,0,0.033040192
118245,0,0.03304019
118246,0,0.033040203
118247,0,0.033040237
118248,0,0.03304022
118249,0,0.033040185
118250,0,0.033040237
118251,0,0.03304017
118252,0,0.033040233
118253,0,0.033040233
118254,0,0.033040203
118255,0,0.033040285
118256,0,0.0330402
118257,0,0.033040196
118258,0,0.03304029
118259,0,0.03304029
118260,0,0.033040307
118261,0,0.033040322
118262,0,0.03304022
118263,0,0.033040304
118264,0,0.03304028
118265,0,0.03304018
118266,0,0.033040266
118267,0,0.033040203
118268,0,0.03304024
118269,0,0.033040322
118270,0,0.033040345
118271,0,0.033040285
118272,0,0.033040326
118273,0,0.03304035
118274,0,0.033040203
118275,0,0.033040192
118276,0,0.033040203
118277,0,0.033040214
118278,0,0.033040233
118279,0,0.03304026
118280,0,0.033040244
118281,0,0.033040307
118282,0,0.03304027
118283,0,0.033040334
118284,0,0.033040296
118285,0,0.03304028
118286,0,0.03304028
118287,0,0.033040363
118288,0,0.03304027
118289,0,0.03304027
118290,0,0.0330403
118291,0,0.033040363
118292,0,0.03304041
118293,0,0.03304041
118294,0,0.033040475
118295,0,0.033040263
118296,0,0.033040345
118297,0,0.033040278
118298,0,0.033040326
118299,0,0.03304025
118300,0,0.03304031
118301,0,0.033040345
118302,0,0.033040285
118303,0,0.033040274
118304,0,0.033040263
118305,0,0.033040226
118306,0,0.033040307
118307,0,0.03304032
118308,0,0.033040304
118309,0,0.033040505
118310,0,0.033040494
118311,0,0.033040434
118312,0,0.03304045
118313,0,0.033040397
118314,0,0.033040445
118315,0,0.033040326
118316,0,0.033040326
118317,0,0.033040326
118318,0,0.033040326
118319,0,0.033040326
118320,0,0.033040326
118321,0,0.033040326
118322,0,0.03304026
118323,0,0.033040445
118324,0,0.033040494
118325,0,0.033040434
118326,0,0.03304051
118327,0,0.033040497
118328,0,0.03304051
118329,0,0.0330405
118330,0,0.03304052
118331,0,0.0330405
118332,0,0.033040326
118333,0,0.033040326
118334,0,0.033040356
118335,0,0.033040326
118336,0,0.033040326
118337,0,0.033040337
118338,0,0.033040375
118339,0,0.03304049
118340,0,0.03304044
118341,0,0.03304046
118342,0,0.03304045
118343,0,0.033040207
118344,0,0.033040237
118345,0,0.03304034
118346,0,0.03304035
118347,0,0.033040304
118348,0,0.03304026
118349,0,0.033040244
118350,0,0.033040255
118351,0,0.033040244
118352,0,0.033040326
118353,0,0.03304028
118354,0,0.0330403
118355,0,0.033040307
118356,0,0.033040293
118357,0,0.03304025
118358,0,0.033040274
118359,0,0.033040296
118360,0,0.033040255
118361,0,0.033040293
118362,0,0.033040315
118363,0,0.03304022
118364,0,0.03304026
118365,0,0.033040266
118366,0,0.0330404
118367,0,0.033040244
118368,0,0.033040226
118369,0,0.033040255
118370,0,0.033040337
118371,0,0.03304042
118372,0,0.033040393
118373,0,0.033040438
118374,0,0.0330404
118375,0,0.033040456
118376,0,0.033040393
118377,0,0.033040363
118378,0,0.033040375
118379,0,0.033040375
118380,0,0.03304034
118381,0,0.033040345
118382,0,0.033040475
118383,0,0.033040337
118384,0,0.033040345
118385,0,0.03304041
118386,0,0.03304044
118387,0,0.033040497
118388,0,0.033040516
118389,0,0.0330405
118390,0,0.033040594
118391,0,0.033040583
118392,0,0.03304034
118393,0,0.03304028
118394,0,0.033040233
118395,0,0.033040322
118396,0,0.033040278
118397,0,0.033040497
118398,0,0.033040423
118399,0,0.033040233
118400,0,0.03304027
118401,0,0.033040352
118402,0,0.03304037
118403,0,0.03304034
118404,0,0.033040356
118405,0,0.03304036
118406,0,0.03304048
118407,0,0.033040445
118408,0,0.033040658
118409,0,0.03304054
118410,0,0.033040415
118411,0,0.033040594
118412,0,0.03304049
118413,0,0.03304039
118414,0,0.033040572
118415,0,0.03304037
118416,0,0.033040408
118417,0,0.033040326
118418,0,0.033040356
118419,0,0.033040307
118420,0,0.033040345
118421,0,0.033040307
118422,0,0.033040307
118423,0,0.033040393
118424,0,0.033040307
118425,0,0.033040326
118426,0,0.03304034
118427,0,0.033040307
118428,0,0.03304039
118429,0,0.03304054
118430,0,0.03304032
118431,0,0.033040546
118432,0,0.033040434
118433,0,0.03304061
118434,0,0.033040956
118435,0,0.03304129
118436,0,0.033040494
118437,0,0.033040743
118438,0,0.033041317
118439,0,0.033040635
118440,0,0.033040553
118441,0,0.033040732
118442,0,0.033040415
118443,0,0.033040572
118444,0,0.033040676
118445,0,0.033040337
118446,0,0.03304055
118447,0,0.03304046
118448,0,0.033040673
118449,0,0.033040904
118450,0,0.033040375
118451,0,0.0330404
118452,0,0.033040393
118453,0,0.033040483
118454,0,0.033040408
118455,0,0.0330406
118456,0,0.033040486
118457,0,0.033040505
118458,0,0.03304044
118459,0,0.03304065
118460,0,0.033040907
118461,0,0.033040646
118462,0,0.03304059
118463,0,0.033040497
118464,0,0.033040497
118465,0,0.033040296
118466,0,0.0330403
118467,0,0.033040386
118468,0,0.033040427
118469,0,0.03304036
118470,0,0.03304035
118471,0,0.033040464
118472,0,0.033040334
118473,0,0.033040516
118474,0,0.033040382
118475,0,0.033040386
118476,0,0.033040415
118477,0,0.03304051
118478,0,0.033040524
118479,0,0.03304061
118480,0,0.0330406
118481,0,0.033040456
118482,0,0.03304041
118483,0,0.033040345
118484,0,0.03304069
118485,0,0.03304037
118486,0,0.033040334
118487,0,0.03304031
118488,0,0.033040255
118489,0,0.033040356
118490,0,0.033040293
118491,0,0.033040375
118492,0,0.033040337
118493,0,0.033040415
118494,0,0.033040453
118495,0,0.033040434
118496,0,0.033040613
118497,0,0.033040505
118498,0,0.033040464
118499,0,0.03304057
118500,0,0.033040304
118501,0,0.033040363
118502,0,0.033040497
118503,0,0.033040326
118504,0,0.033040363
118505,0,0.03304044
118506,0,0.033040415
118507,0,0.0330404
118508,0,0.03304038
118509,0,0.03304031
118510,0,0.033040438
118511,0,0.033040512
118512,0,0.03304064
118513,0,0.03304073
118514,0,0.03304034
118515,0,0.033040415
118516,0,0.033040375
118517,0,0.033040293
118518,0,0.033040337
118519,0,0.033040352
118520,0,0.03304034
118521,0,0.033040553
118522,0,0.033040855
118523,0,0.033040497
118524,0,0.033040587
118525,0,0.033040658
118526,0,0.033040464
118527,0,0.033040535
118528,0,0.033040684
118529,0,0.033040743
118530,0,0.033040617
118531,0,0.033040456
118532,0,0.03304041
118533,0,0.033040594
118534,0,0.033040475
118535,0,0.033040274
118536,0,0.03304031
118537,0,0.033040397
118538,0,0.03304031
118539,0,0.0330406
118540,0,0.033040747
118541,0,0.033040818
118542,0,0.033040706
118543,0,0.03304068
118544,0,0.03304042
118545,0,0.03304069
118546,0,0.033040624
118547,0,0.033040743
118548,0,0.033040676
118549,0,0.033040546
118550,0,0.03304062
118551,0,0.03304059
118552,0,0.033040535
118553,0,0.033040486
118554,0,0.033040386
118555,0,0.033040408
118556,0,0.033040386
118557,0,0.033040367
118558,0,0.033040617
118559,0,0.033040605
118560,0,0.03304056
118561,0,0.17624566
118562,0,0.17624566
118563,0,0.17624566
118564,0,0.17624566
118565,0,0.17624566
118566,0,0.17624566
118567,0,0.17624566
118568,0,0.17624566
118569,0,0.17624566
118570,0,0.17624566
118571,0,0.17624566
118572,0,0.17624566
118573,0,0.17624566
118574,0,0.17624566
118575,0,0.17624566
118576,0,0.17624566
118577,0,0.17624566
118578,0,0.17624566
118579,0,0.17624566
118580,0,0.17624566
118581,0,0.17624566
118582,0,0.17624566
118583,0,0.17624566
118584,0,0.17624566
118585,0,0.17624566
118586,0,0.17624566
118587,0,0.17624566
118588,0,0.17624566
118589,0,0.17624566
118590,0,0.17624566
118591,0,0.17624566
118592,0,0.17624566
118593,0,0.17624566
118594,0,0.17624566
118595,0,0.17624566
118596,0,0.17624566
118597,0,0.17624566
118598,0,0.17624566
118599,0,0.17624566
118600,0,0.17624566
118601,0,0.17624566
118602,0,0.17624566
118603,0,0.17624566
118604,0,0.17624566
118605,0,0.17624566
118606,0,0.17624566
118607,0,0.17624566
118608,0,0.17624566
118609,0,0.17624566
118610,0,0.17624566
118611,0,0.17624566
118612,0,0.17624566
118613,0,0.17624566
118614,0,0.17624566
118615,0,0.17624566
118616,0,0.17624566
118617,0,0.17624566
118618,0,0.17624566
118619,0,0.17624566
118620,0,0.17624566
118621,0,0.17624566
118622,0,0.17624566
118623,0,0.17624566
118624,0,0.17624566
118625,0,0.17624566
118626,0,0.17624566
118627,0,0.17624566
118628,0,0.17624566
118629,0,0.17624566
118630,0,0.17624566
118631,0,0.17624566
118632,0,0.17624566
118633,0,0.17624566
118634,0,0.17624566
118635,0,0.17624566
118636,0,0.17624566
118637,0,0.17624566
118638,0,0.17624566
118639,0,0.17624566
118640,0,0.17624566
118641,0,0.17624566
118642,0,0.17624566
118643,0,0.17624566
118644,0,0.17624566
118645,0,0.17624566
118646,0,0.17624566
118647,0,0.17624566
118648,0,0.17624566
118649,0,0.17624566
118650,0,0.17624566
118651,0,0.17624566
118652,0,0.17624566
118653,0,0.17624566
118654,0,0.17624566
118655,0,0.17624566
118656,0,0.17624566
118657,0,0.17624566
118658,0,0.17624566
118659,0,0.17624566
118660,0,0.17624566
118661,0,0.17624566
118662,0,0.17624566
118663,0,0.17624566
118664,0,0.17624566
118665,0,0.17624566
118666,0,0.17624566
118667,0,0.17624566
118668,0,0.17624566
118669,0,0.17624566
118670,0,0.17624566
118671,0,0.17624566
118672,0,0.17624566
118673,0,0.17624566
118674,0,0.17624566
118675,0,0.17624566
118676,0,0.17624566
118677,0,0.17624566
118678,0,0.17624566
118679,0,0.17624566
118680,0,0.17624566
118681,0,0.17624566
118682,0,0.17624566
118683,0,0.17624566
118684,0,0.17624566
118685,0,0.17624566
118686,0,0.17624566
118687,0,0.17624566
118688,0,0.17624566
118689,0,0.17624566
118690,0,0.17624566
118691,0,0.17624566
118692,0,0.17624566
118693,0,0.17624566
118694,0,0.17624566
118695,0,0.17624566
118696,0,0.17624566
118697,0,0.17624566
118698,0,0.17624566
118699,0,0.17624566
118700,0,0.17624566
118701,0,0.17624566
118702,0,0.17624566
118703,0,0.17624566
118704,0,0.17624566
118705,0,0.17624566
118706,0,0.17624566
118707,0,0.17624566
118708,0,0.17624566
118709,0,0.17624566
118710,0,0.17624566
118711,0,0.17624566
118712,0,0.17624566
118713,0,0.17624566
118714,0,0.17624566
118715,0,0.17624566
118716,0,0.17624566
118717,0,0.17624566
118718,0,0.17624566
118719,0,0.17624566
118720,0,0.17624566
118721,0,0.17624566
118722,0,0.17624566
118723,0,0.17624566
118724,0,0.17624566
118725,0,0.17624566
118726,0,0.17624566
118727,0,0.17624566
118728,0,0.17624566
118729,0,0.17624566
118730,0,0.17624566
118731,0,0.17624566
118732,0,0.17624566
118733,0,0.17624566
118734,0,0.17624566
118735,0,0.17624566
118736,0,0.17624566
118737,0,0.17624566
118738,0,0.17624566
118739,0,0.17624566
118740,0,0.17624566
118741,0,0.17624566
118742,0,0.17624566
118743,0,0.17624566
118744,0,0.17624566
118745,0,0.17624566
118746,0,0.17624566
118747,0,0.17624566
118748,0,0.17624566
118749,0,0.17624566
118750,0,0.17624566
118751,0,0.17624566
118752,0,0.17624566
118753,0,0.17624566
118754,0,0.17624566
118755,0,0.17624566
118756,0,0.17624566
118757,0,0.17624566
118758,0,0.17624566
118759,0,0.17624566
118760,0,0.17624566
118761,0,0.17624566
118762,0,0.17624566
118763,0,0.17624566
118764,0,0.17624566
118765,0,0.17624566
118766,0,0.17624566
118767,0,0.17624566
118768,0,0.17624566
118769,0,0.17624566
118770,0,0.17624566
118771,0,0.17624566
118772,0,0.17624566
118773,0,0.17624566
118774,0,0.17624566
118775,0,0.17624566
118776,0,0.17624566
118777,0,0.17624566
118778,0,0.17624566
118779,0,0.17624566
118780,0,0.17624566
118781,0,0.17624566
118782,0,0.17624566
118783,0,0.17624566
118784,0,0.17624566
118785,0,0.17624566
118786,0,0.17624566
118787,0,0.17624566
118788,0,0.17624566
118789,0,0.17624566
118790,0,0.17624566
118791,0,0.17624566
118792,0,0.17624566
118793,0,0.17624566
118794,0,0.17624566
118795,0,0.17624566
118796,0,0.17624566
118797,0,0.17624566
118798,0,0.17624566
118799,0,0.17624566
118800,0,0.17624566
118801,0,0.17624566
118802,0,0.17624566
118803,0,0.17624566
118804,0,0.17624566
118805,0,0.17624566
118806,0,0.17624566
118807,0,0.17624566
118808,0,0.17624566
118809,0,0.17624566
118810,0,0.17624566
118811,0,0.17624566
118812,0,0.17624566
118813,0,0.17624566
118814,0,0.17624566
118815,0,0.17624566
118816,0,0.17624566
118817,0,0.17624566
118818,0,0.17624566
118819,0,0.17624566
118820,0,0.17624566
118821,0,0.17624566
118822,0,0.17624566
118823,0,0.17624566
118824,0,0.17624566
118825,0,0.17624566
118826,0,0.17624566
118827,0,0.17624566
118828,0,0.17624566
118829,0,0.17624566
118830,0,0.17624566
118831,0,0.17624566
118832,0,0.17624566
118833,0,0.17624566
118834,0,0.17624566
118835,0,0.17624566
118836,0,0.17624566
118837,0,0.17624566
118838,0,0.17624566
118839,0,0.17624566
118840,0,0.17624566
118841,0,0.17624566
118842,0,0.17624566
118843,0,0.17624566
118844,0,0.17624566
118845,0,0.17624566
118846,0,0.17624566
118847,0,0.17624566
118848,0,0.17624566
118849,0,0.17624566
118850,0,0.17624566
118851,0,0.17624566
118852,0,0.17624566
118853,0,0.17624566
118854,0,0.17624566
118855,0,0.17624566
118856,0,0.17624566
118857,0,0.17624566
118858,0,0.17624566
118859,0,0.17624566
118860,0,0.17624566
118861,0,0.17624566
118862,0,0.17624566
118863,0,0.17624566
118864,0,0.17624566
118865,0,0.17624566
118866,0,0.17624566
118867,0,0.17624566
118868,0,0.17624566
118869,0,0.17624566
118870,0,0.17624566
118871,0,0.17624566
118872,0,0.17624566
118873,0,0.17624566
118874,0,0.17624566
118875,0,0.17624566
118876,0,0.17624566
118877,0,0.17624566
118878,0,0.17624566
118879,0,0.17624566
118880,0,0.17624566
118881,0,0.17624566
118882,0,0.17624566
118883,0,0.17624566
118884,0,0.17624566
118885,0,0.17624566
118886,0,0.17624566
118887,0,0.17624566
118888,0,0.17624566
118889,0,0.17624566
118890,0,0.17624566
118891,0,0.17624566
118892,0,0.17624566
118893,0,0.17624566
118894,0,0.17624566
118895,0,0.17624566
118896,0,0.17624566
118897,0,0.17624566
118898,0,0.17624566
118899,0,0.17624566
118900,0,0.17624566
118901,0,0.17624566
118902,0,0.17624566
118903,0,0.17624566
118904,0,0.17624566
118905,0,0.17624566
118906,0,0.17624566
118907,0,0.17624566
118908,0,0.17624566
118909,0,0.17624566
118910,0,0.17624566
118911,0,0.17624566
118912,0,0.17624566
118913,0,0.17624566
118914,0,0.17624566
118915,0,0.17624566
118916,0,0.17624566
118917,0,0.17624566
118918,0,0.17624566
118919,0,0.17624566
118920,0,0.17624566
118921,0,0.17624566
118922,0,0.17624566
118923,0,0.17624566
118924,0,0.17624566
118925,0,0.17624566
118926,0,0.17624566
118927,0,0.17624566
118928,0,0.17624566
118929,0,0.17624566
118930,0,0.17624566
118931,0,0.17624566
118932,0,0.17624566
118933,0,0.17624566
118934,0,0.17624566
118935,0,0.17624566
118936,0,0.17624566
118937,0,0.17624566
118938,0,0.17624566
118939,0,0.17624566
118940,0,0.17624566
118941,0,0.17624566
118942,0,0.17624566
118943,0,0.17624566
118944,0,0.17624566
118945,0,0.17624566
118946,0,0.17624566
118947,0,0.17624566
118948,0,0.17624566
118949,0,0.17624566
118950,0,0.17624566
118951,0,0.17624566
118952,0,0.17624566
118953,0,0.17624566
118954,0,0.17624566
118955,0,0.17624566
118956,0,0.17624566
118957,0,0.17624566
118958,0,0.17624566
118959,0,0.17624566
118960,0,0.17624566
118961,0,0.17624566
118962,0,0.17624566
118963,0,0.17624566
118964,0,0.17624566
118965,0,0.17624566
118966,0,0.17624566
118967,0,0.17624566
118968,0,0.17624566
118969,0,0.17624566
118970,0,0.17624566
118971,0,0.17624566
118972,0,0.17624566
118973,0,0.17624566
118974,0,0.17624566
118975,0,0.17624566
118976,0,0.17624566
118977,0,0.17624566
118978,0,0.17624566
118979,0,0.17624566
118980,0,0.17624566
118981,0,0.17624566
118982,0,0.17624566
118983,0,0.17624566
118984,0,0.17624566
118985,0,0.17624566
118986,0,0.17624566
118987,0,0.17624566
118988,0,0.17624566
118989,0,0.17624566
118990,0,0.17624566
118991,0,0.17624566
118992,0,0.17624566
118993,0,0.17624566
118994,0,0.17624566
118995,0,0.17624566
118996,0,0.17624566
118997,0,0.17624566
118998,0,0.17624566
118999,0,0.17624566
119000,0,0.17624566
119001,0,0.17624566
119002,0,0.17624566
119003,0,0.17624566
119004,0,0.17624566
119005,0,0.17624566
119006,0,0.17624566
119007,0,0.17624566
119008,0,0.17624566
119009,0,0.17624566
119010,0,0.17624566
119011,0,0.17624566
119012,0,0.17624566
119013,0,0.17624566
119014,0,0.17624566
119015,0,0.17624566
119016,0,0.17624566
119017,0,0.17624566
119018,0,0.17624566
119019,0,0.17624566
119020,0,0.17624566
119021,0,0.17624566
119022,0,0.17624566
119023,0,0.17624566
119024,0,0.17624566
119025,0,0.17624566
119026,0,0.17624566
119027,0,0.17624566
119028,0,0.17624566
119029,0,0.17624566
119030,0,0.17624566
119031,0,0.17624566
119032,0,0.17624566
119033,0,0.17624566
119034,0,0.17624566
119035,0,0.17624566
119036,0,0.17624566
119037,0,0.17624566
119038,0,0.17624566
119039,0,0.17624566
119040,0,0.17624566
119041,0,0.17624566
119042,0,0.17624566
119043,0,0.17624566
119044,0,0.17624566
119045,0,0.17624566
119046,0,0.17624566
119047,0,0.17624566
119048,0,0.17624566
119049,0,0.17624566
119050,0,0.17624566
119051,0,0.17624566
119052,0,0.17624566
119053,0,0.17624566
119054,0,0.17624566
119055,0,0.17624566
119056,0,0.17624566
119057,0,0.17624566
119058,0,0.17624566
119059,0,0.17624566
119060,0,0.17624566
119061,0,0.17624566
119062,0,0.17624566
119063,0,0.17624566
119064,0,0.17624566
119065,0,0.17624566
119066,0,0.17624566
119067,0,0.17624566
119068,0,0.17624566
119069,0,0.17624566
119070,0,0.17624566
119071,0,0.17624566
119072,0,0.17624566
119073,0,0.17624566
119074,0,0.17624566
119075,0,0.17624566
119076,0,0.17624566
119077,0,0.17624566
119078,0,0.17624566
119079,0,0.17624566
119080,0,0.17624566
119081,0,0.17624566
119082,0,0.17624566
119083,0,0.17624566
119084,0,0.17624566
119085,0,0.17624566
119086,0,0.17624566
119087,0,0.17624566
119088,0,0.17624566
119089,0,0.17624566
119090,0,0.17624566
119091,0,0.17624566
119092,0,0.17624566
119093,0,0.17624566
119094,0,0.17624566
119095,0,0.17624566
119096,0,0.17624566
119097,0,0.17624566
119098,0,0.17624566
119099,0,0.17624566
119100,0,0.17624566
119101,0,0.17624566
119102,0,0.17624566
119103,0,0.17624566
119104,0,0.17624566
119105,0,0.17624566
119106,0,0.17624566
119107,0,0.17624566
119108,0,0.17624566
119109,0,0.17624566
119110,0,0.17624566
119111,0,0.17624566
119112,0,0.17624566
119113,0,0.17624566
119114,0,0.17624566
119115,0,0.17624566
119116,0,0.17624566
119117,0,0.17624566
119118,0,0.17624566
119119,0,0.17624566
119120,0,0.17624566
119121,0,0.17624566
119122,0,0.17624566
119123,0,0.17624566
119124,0,0.17624566
119125,0,0.17624566
119126,0,0.17624566
119127,0,0.17624566
119128,0,0.17624566
119129,0,0.17624566
119130,0,0.17624566
119131,0,0.17624566
119132,0,0.17624566
119133,0,0.17624566
119134,0,0.17624566
119135,0,0.17624566
119136,0,0.17624566
119137,0,0.17624566
119138,0,0.17624566
119139,0,0.17624566
119140,0,0.17624566
119141,0,0.17624566
119142,0,0.17624566
119143,0,0.17624566
119144,0,0.17624566
119145,0,0.17624566
119146,0,0.17624566
119147,0,0.17624566
119148,0,0.17624566
119149,0,0.17624566
119150,0,0.17624566
119151,0,0.17624566
119152,0,0.17624566
119153,0,0.17624566
119154,0,0.17624566
119155,0,0.17624566
119156,0,0.17624566
119157,0,0.17624566
119158,0,0.17624566
119159,0,0.17624566
119160,0,0.17624566
119161,0,0.17624566
119162,0,0.17624566
119163,0,0.17624566
119164,0,0.17624566
119165,0,0.17624566
119166,0,0.17624566
119167,0,0.17624566
119168,0,0.17624566
119169,0,0.17624566
119170,0,0.17624566
119171,0,0.17624566
119172,0,0.17624566
119173,0,0.17624566
119174,0,0.17624566
119175,0,0.17624566
119176,0,0.17624566
119177,0,0.17624566
119178,0,0.17624566
119179,0,0.17624566
119180,0,0.17624566
119181,0,0.17624566
119182,0,0.17624566
119183,0,0.17624566
119184,0,0.17624566
119185,0,0.17624566
119186,0,0.17624566
119187,0,0.17624566
119188,0,0.17624566
119189,0,0.17624566
119190,0,0.17624566
119191,0,0.17624566
119192,0,0.17624566
119193,0,0.17624566
119194,0,0.17624566
119195,0,0.17624566
119196,0,0.17624566
119197,0,0.17624566
119198,0,0.17624566
119199,0,0.17624566
119200,0,0.17624566
119201,0,0.17624566
119202,0,0.17624566
119203,0,0.17624566
119204,0,0.17624566
119205,0,0.17624566
119206,0,0.17624566
119207,0,0.17624566
119208,0,0.17624566
119209,0,0.17624566
119210,0,0.17624566
119211,0,0.17624566
119212,0,0.17624566
119213,0,0.17624566
119214,0,0.17624566
119215,0,0.17624566
119216,0,0.17624566
119217,0,0.17624566
119218,0,0.17624566
119219,0,0.17624566
119220,0,0.17624566
119221,0,0.17624566
119222,0,0.17624566
119223,0,0.17624566
119224,0,0.17624566
119225,0,0.17624566
119226,0,0.17624566
119227,0,0.17624566
119228,0,0.17624566
119229,0,0.17624566
119230,0,0.17624566
119231,0,0.17624566
119232,0,0.17624566
119233,0,0.17624566
119234,0,0.17624566
119235,0,0.17624566
119236,0,0.17624566
119237,0,0.17624566
119238,0,0.17624566
119239,0,0.17624566
119240,0,0.17624566
119241,0,0.17624566
119242,0,0.17624566
119243,0,0.17624566
119244,0,0.17624566
119245,0,0.17624566
119246,0,0.17624566
119247,0,0.17624566
119248,0,0.17624566
119249,0,0.17624566
119250,0,0.17624566
119251,0,0.17624566
119252,0,0.17624566
119253,0,0.17624566
119254,0,0.17624566
119255,0,0.17624566
119256,0,0.17624566
119257,0,0.17624566
119258,0,0.17624566
119259,0,0.17624566
119260,0,0.17624566
119261,0,0.17624566
119262,0,0.17624566
119263,0,0.17624566
119264,0,0.17624566
119265,0,0.17624566
119266,0,0.17624566
119267,0,0.17624566
119268,0,0.17624566
119269,0,0.17624566
119270,0,0.17624566
119271,0,0.17624566
119272,0,0.17624566
119273,0,0.17624566
119274,0,0.17624566
119275,0,0.17624566
119276,0,0.17624566
119277,0,0.17624566
119278,0,0.17624566
119279,0,0.17624566
119280,0,0.17624566
119281,0,0.17624566
119282,0,0.17624566
119283,0,0.17624566
119284,0,0.17624566
119285,0,0.17624566
119286,0,0.17624566
119287,0,0.17624566
119288,0,0.17624566
119289,0,0.17624566
119290,0,0.17624566
119291,0,0.17624566
119292,0,0.17624566
119293,0,0.17624566
119294,0,0.17624566
119295,0,0.17624566
119296,0,0.17624566
119297,0,0.17624566
119298,0,0.17624566
119299,0,0.17624566
119300,0,0.17624566
119301,0,0.17624566
119302,0,0.17624566
119303,0,0.17624566
119304,0,0.17624566
119305,0,0.17624566
119306,0,0.17624566
119307,0,0.17624566
119308,0,0.17624566
119309,0,0.17624566
119310,0,0.17624566
119311,0,0.17624566
119312,0,0.17624566
119313,0,0.17624566
119314,0,0.17624566
119315,0,0.17624566
119316,0,0.17624566
119317,0,0.17624566
119318,0,0.17624566
119319,0,0.17624566
119320,0,0.17624566
119321,0,0.17624566
119322,0,0.17624566
119323,0,0.17624566
119324,0,0.17624566
119325,0,0.17624566
119326,0,0.17624566
119327,0,0.17624566
119328,0,0.17624566
119329,0,0.17624566
119330,0,0.17624566
119331,0,0.17624566
119332,0,0.17624566
119333,0,0.17624566
119334,0,0.17624566
119335,0,0.17624566
119336,0,0.17624566
119337,0,0.17624566
119338,0,0.17624566
119339,0,0.17624566
119340,0,0.17624566
119341,0,0.17624566
119342,0,0.17624566
119343,0,0.17624566
119344,0,0.17624566
119345,0,0.17624566
119346,0,0.17624566
119347,0,0.17624566
119348,0,0.17624566
119349,0,0.17624566
119350,0,0.17624566
119351,0,0.17624566
119352,0,0.17624566
119353,0,0.17624566
119354,0,0.17624566
119355,0,0.17624566
119356,0,0.17624566
119357,0,0.17624566
119358,0,0.17624566
119359,0,0.17624566
119360,0,0.17624566
119361,0,0.17624566
119362,0,0.17624566
119363,0,0.17624566
119364,0,0.17624566
119365,0,0.17624566
119366,0,0.17624566
119367,0,0.17624566
119368,0,0.17624566
119369,0,0.17624566
119370,0,0.17624566
119371,0,0.17624566
119372,0,0.17624566
119373,0,0.17624566
119374,0,0.17624566
119375,0,0.17624566
119376,0,0.17624566
119377,0,0.17624566
119378,0,0.17624566
119379,0,0.17624566
119380,0,0.17624566
119381,0,0.17624566
119382,0,0.17624566
119383,0,0.17624566
119384,0,0.17624566
119385,0,0.17624566
119386,0,0.17624566
119387,0,0.17624566
119388,0,0.17624566
119389,0,0.17624566
119390,0,0.17624566
119391,0,0.17624566
119392,0,0.17624566
119393,0,0.17624566
119394,0,0.17624566
119395,0,0.17624566
119396,0,0.17624566
119397,0,0.17624566
119398,0,0.17624566
119399,0,0.17624566
119400,0,0.17624566
119401,0,0.17624566
119402,0,0.17624566
119403,0,0.17624566
119404,0,0.17624566
119405,0,0.17624566
119406,0,0.17624566
119407,0,0.17624566
119408,0,0.17624566
119409,0,0.17624566
119410,0,0.17624566
119411,0,0.17624566
119412,0,0.17624566
119413,0,0.17624566
119414,0,0.17624566
119415,0,0.17624566
119416,0,0.17624566
119417,0,0.17624566
119418,0,0.17624566
119419,0,0.17624566
119420,0,0.17624566
119421,0,0.17624566
119422,0,0.17624566
119423,0,0.17624566
119424,0,0.17624566
119425,0,0.17624566
119426,0,0.17624566
119427,0,0.17624566
119428,0,0.17624566
119429,0,0.17624566
119430,0,0.17624566
119431,0,0.17624566
119432,0,0.17624566
119433,0,0.17624566
119434,0,0.17624566
119435,0,0.17624566
119436,0,0.17624566
119437,0,0.17624566
119438,0,0.17624566
119439,0,0.17624566
119440,0,0.17624566
119441,0,0.17624566
119442,0,0.17624566
119443,0,0.17624566
119444,0,0.17624566
119445,0,0.17624566
119446,0,0.17624566
119447,0,0.17624566
119448,0,0.17624566
119449,0,0.17624566
119450,0,0.17624566
119451,0,0.17624566
119452,0,0.17624566
119453,0,0.17624566
119454,0,0.17624566
119455,0,0.17624566
119456,0,0.17624566
119457,0,0.17624566
119458,0,0.17624566
119459,0,0.17624566
119460,0,0.17624566
119461,0,0.17624566
119462,0,0.17624566
119463,0,0.17624566
119464,0,0.17624566
119465,0,0.17624566
119466,0,0.17624566
119467,0,0.17624566
119468,0,0.17624566
119469,0,0.17624566
119470,0,0.17624566
119471,0,0.17624566
119472,0,0.17624566
119473,0,0.17624566
119474,0,0.17624566
119475,0,0.17624566
119476,0,0.17624566
119477,0,0.17624566
119478,0,0.17624566
119479,0,0.17624566
119480,0,0.17624566
119481,0,0.17624566
119482,0,0.17624566
119483,0,0.17624566
119484,0,0.17624566
119485,0,0.17624566
119486,0,0.17624566
119487,0,0.17624566
119488,0,0.17624566
119489,0,0.17624566
119490,0,0.17624566
119491,0,0.17624566
119492,0,0.17624566
119493,0,0.17624566
119494,0,0.17624566
119495,0,0.17624566
119496,0,0.17624566
119497,0,0.17624566
119498,0,0.17624566
119499,0,0.17624566
119500,0,0.17624566
119501,0,0.17624566
119502,0,0.17624566
119503,0,0.17624566
119504,0,0.17624566
119505,0,0.17624566
119506,0,0.17624566
119507,0,0.17624566
119508,0,0.17624566
119509,0,0.17624566
119510,0,0.17624566
119511,0,0.17624566
119512,0,0.17624566
119513,0,0.17624566
119514,0,0.17624566
119515,0,0.17624566
119516,0,0.17624566
119517,0,0.17624566
119518,0,0.17624566
119519,0,0.17624566
119520,0,0.17624566
119521,0,0.17624566
119522,0,0.17624566
119523,0,0.17624566
119524,0,0.17624566
119525,0,0.17624566
119526,0,0.17624566
119527,0,0.17624566
119528,0,0.17624566
119529,0,0.17624566
119530,0,0.17624566
119531,0,0.17624566
119532,0,0.17624566
119533,0,0.17624566
119534,0,0.17624566
119535,0,0.17624566
119536,0,0.17624566
119537,0,0.17624566
119538,0,0.17624566
119539,0,0.17624566
119540,0,0.17624566
119541,0,0.17624566
119542,0,0.17624566
119543,0,0.17624566
119544,0,0.17624566
119545,0,0.17624566
119546,0,0.17624566
119547,0,0.17624566
119548,0,0.17624566
119549,0,0.17624566
119550,0,0.17624566
119551,0,0.17624566
119552,0,0.17624566
119553,0,0.17624566
119554,0,0.17624566
119555,0,0.17624566
119556,0,0.17624566
119557,0,0.17624566
119558,0,0.17624566
119559,0,0.17624566
119560,0,0.17624566
119561,0,0.17624566
119562,0,0.17624566
119563,0,0.17624566
119564,0,0.17624566
119565,0,0.17624566
119566,0,0.17624566
119567,0,0.17624566
119568,0,0.17624566
119569,0,0.17624566
119570,0,0.17624566
119571,0,0.17624566
119572,0,0.17624566
119573,0,0.17624566
119574,0,0.17624566
119575,0,0.17624566
119576,0,0.17624566
119577,0,0.17624566
119578,0,0.17624566
119579,0,0.17624566
119580,0,0.17624566
119581,0,0.17624566
119582,0,0.17624566
119583,0,0.17624566
119584,0,0.17624566
119585,0,0.17624566
119586,0,0.17624566
119587,0,0.17624566
119588,0,0.17624566
119589,0,0.17624566
119590,0,0.17624566
119591,0,0.17624566
119592,0,0.17624566
119593,0,0.17624566
119594,0,0.17624566
119595,0,0.17624566
119596,0,0.17624566
119597,0,0.17624566
119598,0,0.17624566
119599,0,0.17624566
119600,0,0.17624566
119601,0,0.17624566
119602,0,0.17624566
119603,0,0.17624566
119604,0,0.17624566
119605,0,0.17624566
119606,0,0.17624566
119607,0,0.17624566
119608,0,0.17624566
119609,0,0.17624566
119610,0,0.17624566
119611,0,0.17624566
119612,0,0.17624566
119613,0,0.17624566
119614,0,0.17624566
119615,0,0.17624566
119616,0,0.17624566
119617,0,0.17624566
119618,0,0.17624566
119619,0,0.17624566
119620,0,0.17624566
119621,0,0.17624566
119622,0,0.17624566
119623,0,0.17624566
119624,0,0.17624566
119625,0,0.17624566
119626,0,0.17624566
119627,0,0.17624566
119628,0,0.17624566
119629,0,0.17624566
119630,0,0.17624566
119631,0,0.17624566
119632,0,0.17624566
119633,0,0.17624566
119634,0,0.17624566
119635,0,0.17624566
119636,0,0.17624566
119637,0,0.17624566
119638,0,0.17624566
119639,0,0.17624566
119640,0,0.17624566
119641,0,0.17624566
119642,0,0.17624566
119643,0,0.17624566
119644,0,0.17624566
119645,0,0.17624566
119646,0,0.17624566
119647,0,0.17624566
119648,0,0.17624566
119649,0,0.17624566
119650,0,0.17624566
119651,0,0.17624566
119652,0,0.17624566
119653,0,0.17624566
119654,0,0.17624566
119655,0,0.17624566
119656,0,0.17624566
119657,0,0.17624566
119658,0,0.17624566
119659,0,0.17624566
119660,0,0.17624566
119661,0,0.17624566
119662,0,0.17624566
119663,0,0.17624566
119664,0,0.17624566
119665,0,0.17624566
119666,0,0.17624566
119667,0,0.17624566
119668,0,0.17624566
119669,0,0.17624566
119670,0,0.17624566
119671,0,0.17624566
119672,0,0.17624566
119673,0,0.17624566
119674,0,0.17624566
119675,0,0.17624566
119676,0,0.17624566
119677,0,0.17624566
119678,0,0.17624566
119679,0,0.17624566
119680,0,0.17624566
119681,0,0.17624566
119682,0,0.17624566
119683,0,0.17624566
119684,0,0.17624566
119685,0,0.17624566
119686,0,0.17624566
119687,0,0.17624566
119688,0,0.17624566
119689,0,0.17624566
119690,0,0.17624566
119691,0,0.17624566
119692,0,0.17624566
119693,0,0.17624566
119694,0,0.17624566
119695,0,0.17624566
119696,0,0.17624566
119697,0,0.17624566
119698,0,0.17624566
119699,0,0.17624566
119700,0,0.17624566
119701,0,0.17624566
119702,0,0.17624566
119703,0,0.17624566
119704,0,0.17624566
119705,0,0.17624566
119706,0,0.17624566
119707,0,0.17624566
119708,0,0.17624566
119709,0,0.17624566
119710,0,0.17624566
119711,0,0.17624566
119712,0,0.17624566
119713,0,0.17624566
119714,0,0.17624566
119715,0,0.17624566
119716,0,0.17624566
119717,0,0.17624566
119718,0,0.17624566
119719,0,0.17624566
119720,0,0.17624566
119721,0,0.17624566
119722,0,0.17624566
119723,0,0.17624566
119724,0,0.17624566
119725,0,0.17624566
119726,0,0.17624566
119727,0,0.17624566
119728,0,0.17624566
119729,0,0.17624566
119730,0,0.17624566
119731,0,0.17624566
119732,0,0.17624566
119733,0,0.17624566
119734,0,0.17624566
119735,0,0.17624566
119736,0,0.17624566
119737,0,0.17624566
119738,0,0.17624566
119739,0,0.17624566
119740,0,0.17624566
119741,0,0.17624566
119742,0,0.17624566
119743,0,0.17624566
119744,0,0.17624566
119745,0,0.17624566
119746,0,0.17624566
119747,0,0.17624566
119748,0,0.17624566
119749,0,0.17624566
119750,0,0.17624566
119751,0,0.17624566
119752,0,0.17624566
119753,0,0.17624566
119754,0,0.17624566
119755,0,0.17624566
119756,0,0.17624566
119757,0,0.17624566
119758,0,0.17624566
119759,0,0.17624566
119760,0,0.17624566
119761,0,0.17624566
119762,0,0.17624566
119763,0,0.17624566
119764,0,0.17624566
119765,0,0.17624566
119766,0,0.17624566
119767,0,0.17624566
119768,0,0.17624566
119769,0,0.17624566
119770,0,0.17624566
119771,0,0.17624566
119772,0,0.17624566
119773,0,0.17624566
119774,0,0.17624566
119775,0,0.17624566
119776,0,0.17624566
119777,0,0.17624566
119778,0,0.17624566
119779,0,0.17624566
119780,0,0.17624566
119781,0,0.17624566
119782,0,0.17624566
119783,0,0.17624566
119784,0,0.17624566
119785,0,0.17624566
119786,0,0.17624566
119787,0,0.17624566
119788,0,0.17624566
119789,0,0.17624566
119790,0,0.17624566
119791,0,0.17624566
119792,0,0.17624566
119793,0,0.17624566
119794,0,0.17624566
119795,0,0.17624566
119796,0,0.17624566
119797,0,0.17624566
119798,0,0.17624566
119799,0,0.17624566
119800,0,0.17624566
119801,0,0.17624566
119802,0,0.17624566
119803,0,0.17624566
119804,0,0.17624566
119805,0,0.17624566
119806,0,0.17624566
119807,0,0.17624566
119808,0,0.17624566
119809,0,0.17624566
119810,0,0.17624566
119811,0,0.17624566
119812,0,0.17624566
119813,0,0.17624566
119814,0,0.17624566
119815,0,0.17624566
119816,0,0.17624566
119817,0,0.17624566
119818,0,0.17624566
119819,0,0.17624566
119820,0,0.17624566
119821,0,0.17624566
119822,0,0.17624566
119823,0,0.17624566
119824,0,0.17624566
119825,0,0.17624566
119826,0,0.17624566
119827,0,0.17624566
119828,0,0.17624566
119829,0,0.17624566
119830,0,0.17624566
119831,0,0.17624566
119832,0,0.17624566
119833,0,0.17624566
119834,0,0.17624566
119835,0,0.17624566
119836,0,0.17624566
119837,0,0.17624566
119838,0,0.17624566
119839,0,0.17624566
119840,0,0.17624566
119841,0,0.17624566
119842,0,0.17624566
119843,0,0.17624566
119844,0,0.17624566
119845,0,0.17624566
119846,0,0.17624566
119847,0,0.17624566
119848,0,0.17624566
119849,0,0.17624566
119850,0,0.17624566
119851,0,0.17624566
119852,0,0.17624566
119853,0,0.17624566
119854,0,0.17624566
119855,0,0.17624566
119856,0,0.17624566
119857,0,0.17624566
119858,0,0.17624566
119859,0,0.17624566
119860,0,0.17624566
119861,0,0.17624566
119862,0,0.17624566
119863,0,0.17624566
119864,0,0.17624566
119865,0,0.17624566
119866,0,0.17624566
119867,0,0.17624566
119868,0,0.17624566
119869,0,0.17624566
119870,0,0.17624566
119871,0,0.17624566
119872,0,0.17624566
119873,0,0.17624566
119874,0,0.17624566
119875,0,0.17624566
119876,0,0.17624566
119877,0,0.17624566
119878,0,0.17624566
119879,0,0.17624566
119880,0,0.17624566
119881,0,0.17624566
119882,0,0.17624566
119883,0,0.17624566
119884,0,0.17624566
119885,0,0.17624566
119886,0,0.17624566
119887,0,0.17624566
119888,0,0.17624566
119889,0,0.17624566
119890,0,0.17624566
119891,0,0.17624566
119892,0,0.17624566
119893,0,0.17624566
119894,0,0.17624566
119895,0,0.17624566
119896,0,0.17624566
119897,0,0.17624566
119898,0,0.17624566
119899,0,0.17624566
119900,0,0.17624566
119901,0,0.17624566
119902,0,0.17624566
119903,0,0.17624566
119904,0,0.17624566
119905,0,0.17624566
119906,0,0.17624566
119907,0,0.17624566
119908,0,0.17624566
119909,0,0.17624566
119910,0,0.17624566
119911,0,0.17624566
119912,0,0.17624566
119913,0,0.17624566
119914,0,0.17624566
119915,0,0.17624566
119916,0,0.17624566
119917,0,0.17624566
119918,0,0.17624566
119919,0,0.17624566
119920,0,0.17624566
119921,0,0.17624566
119922,0,0.17624566
119923,0,0.17624566
119924,0,0.17624566
119925,0,0.17624566
119926,0,0.17624566
119927,0,0.17624566
119928,0,0.17624566
119929,0,0.17624566
119930,0,0.17624566
119931,0,0.17624566
119932,0,0.17624566
119933,0,0.17624566
119934,0,0.17624566
119935,0,0.17624566
119936,0,0.17624566
119937,0,0.17624566
119938,0,0.17624566
119939,0,0.17624566
119940,0,0.17624566
119941,0,0.17624566
119942,0,0.17624566
119943,0,0.17624566
119944,0,0.17624566
119945,0,0.17624566
119946,0,0.17624566
119947,0,0.17624566
119948,0,0.17624566
119949,0,0.17624566
119950,0,0.17624566
119951,0,0.17624566
119952,0,0.17624566
119953,0,0.17624566
119954,0,0.17624566
119955,0,0.17624566
119956,0,0.17624566
119957,0,0.17624566
119958,0,0.17624566
119959,0,0.17624566
119960,0,0.17624566
119961,0,0.17624566
119962,0,0.17624566
119963,0,0.17624566
119964,0,0.17624566
119965,0,0.17624566
119966,0,0.17624566
119967,0,0.17624566
119968,0,0.17624566
119969,0,0.17624566
119970,0,0.17624566
119971,0,0.17624566
119972,0,0.17624566
119973,0,0.17624566
119974,0,0.17624566
119975,0,0.17624566
119976,0,0.17624566
119977,0,0.17624566
119978,0,0.17624566
119979,0,0.17624566
119980,0,0.17624566
119981,0,0.17624566
119982,0,0.17624566
119983,0,0.17624566
119984,0,0.17624566
119985,0,0.17624566
119986,0,0.17624566
119987,0,0.17624566
119988,0,0.17624566
119989,0,0.17624566
119990,0,0.17624566
119991,0,0.17624566
119992,0,0.17624566
119993,0,0.17624566
119994,0,0.17624566
119995,0,0.17624566
119996,0,0.17624566
119997,0,0.17624566
119998,0,0.17624566
119999,0,0.17624566
120000,0,0.17624566
120001,0,0.17624566
120002,0,0.17624566
120003,0,0.17624566
120004,0,0.17624566
120005,0,0.17624566
120006,0,0.17624566
120007,0,0.17624566
120008,0,0.17624566
120009,0,0.17624566
120010,0,0.17624566
120011,0,0.17624566
120012,0,0.17624566
120013,0,0.17624566
120014,0,0.17624566
120015,0,0.17624566
120016,0,0.17624566
120017,0,0.17624566
120018,0,0.17624566
120019,0,0.17624566
120020,0,0.17624566
120021,0,0.17624566
120022,0,0.17624566
120023,0,0.17624566
120024,0,0.17624566
120025,0,0.17624566
120026,0,0.17624566
120027,0,0.17624566
120028,0,0.17624566
120029,0,0.17624566
120030,0,0.17624566
120031,0,0.17624566
120032,0,0.17624566
120033,0,0.17624566
120034,0,0.17624566
120035,0,0.17624566
120036,0,0.17624566
120037,0,0.17624566
120038,0,0.17624566
120039,0,0.17624566
120040,0,0.17624566
120041,0,0.17624566
120042,0,0.17624566
120043,0,0.17624566
120044,0,0.17624566
120045,0,0.17624566
120046,0,0.17624566
120047,0,0.17624566
120048,0,0.17624566
120049,0,0.17624566
120050,0,0.17624566
120051,0,0.17624566
120052,0,0.17624566
120053,0,0.17624566
120054,0,0.17624566
120055,0,0.17624566
120056,0,0.17624566
120057,0,0.17624566
120058,0,0.17624566
120059,0,0.17624566
120060,0,0.17624566
120061,0,0.17624566
120062,0,0.17624566
120063,0,0.17624566
120064,0,0.17624566
120065,0,0.17624566
120066,0,0.17624566
120067,0,0.17624566
120068,0,0.17624566
120069,0,0.17624566
120070,0,0.17624566
120071,0,0.17624566
120072,0,0.17624566
120073,0,0.17624566
120074,0,0.17624566
120075,0,0.17624566
120076,0,0.17624566
120077,0,0.17624566
120078,0,0.17624566
120079,0,0.17624566
120080,0,0.17624566
120081,0,0.17624566
120082,0,0.17624566
120083,0,0.17624566
120084,0,0.17624566
120085,0,0.17624566
120086,0,0.17624566
120087,0,0.17624566
120088,0,0.17624566
120089,0,0.17624566
120090,0,0.17624566
120091,0,0.17624566
120092,0,0.17624566
120093,0,0.17624566
120094,0,0.17624566
120095,0,0.17624566
120096,0,0.17624566
120097,0,0.17624566
120098,0,0.17624566
120099,0,0.17624566
120100,0,0.17624566
120101,0,0.17624566
120102,0,0.17624566
120103,0,0.17624566
120104,0,0.17624566
120105,0,0.17624566
120106,0,0.17624566
120107,0,0.17624566
120108,0,0.17624566
120109,0,0.17624566
120110,0,0.17624566
120111,0,0.17624566
120112,0,0.17624566
120113,0,0.17624566
120114,0,0.17624566
120115,0,0.17624566
120116,0,0.17624566
120117,0,0.17624566
120118,0,0.17624566
120119,0,0.17624566
120120,0,0.17624566
120121,0,0.17624566
120122,0,0.17624566
120123,0,0.17624566
120124,0,0.17624566
120125,0,0.17624566
120126,0,0.17624566
120127,0,0.17624566
120128,0,0.17624566
120129,0,0.17624566
120130,0,0.17624566
120131,0,0.17624566
120132,0,0.17624566
120133,0,0.17624566
120134,0,0.17624566
120135,0,0.17624566
120136,0,0.17624566
120137,0,0.17624566
120138,0,0.17624566
120139,0,0.17624566
120140,0,0.17624566
120141,0,0.17624566
120142,0,0.17624566
120143,0,0.17624566
120144,0,0.17624566
120145,0,0.17624566
120146,0,0.17624566
120147,0,0.17624566
120148,0,0.17624566
120149,0,0.17624566
120150,0,0.17624566
120151,0,0.17624566
120152,0,0.17624566
120153,0,0.17624566
120154,0,0.17624566
120155,0,0.17624566
120156,0,0.17624566
120157,0,0.17624566
120158,0,0.17624566
120159,0,0.17624566
120160,0,0.17624566
120161,0,0.17624566
120162,0,0.17624566
120163,0,0.17624566
120164,0,0.17624566
120165,0,0.17624566
120166,0,0.17624566
120167,0,0.17624566
120168,0,0.17624566
120169,0,0.17624566
120170,0,0.17624566
120171,0,0.17624566
120172,0,0.17624566
120173,0,0.17624566
120174,0,0.17624566
120175,0,0.17624566
120176,0,0.17624566
120177,0,0.17624566
120178,0,0.17624566
120179,0,0.17624566
120180,0,0.17624566
120181,0,0.17624566
120182,0,0.17624566
120183,0,0.17624566
120184,0,0.17624566
120185,0,0.17624566
120186,0,0.17624566
120187,0,0.17624566
120188,0,0.17624566
120189,0,0.17624566
120190,0,0.17624566
120191,0,0.17624566
120192,0,0.17624566
120193,0,0.17624566
120194,0,0.17624566
120195,0,0.17624566
120196,0,0.17624566
120197,0,0.17624566
120198,0,0.17624566
120199,0,0.17624566
120200,0,0.17624566
120201,0,0.17624566
120202,0,0.17624566
120203,0,0.17624566
120204,0,0.17624566
120205,0,0.17624566
120206,0,0.17624566
120207,0,0.17624566
120208,0,0.17624566
120209,0,0.17624566
120210,0,0.17624566
120211,0,0.17624566
120212,0,0.17624566
120213,0,0.17624566
120214,0,0.17624566
120215,0,0.17624566
120216,0,0.17624566
120217,0,0.17624566
120218,0,0.17624566
120219,0,0.17624566
120220,0,0.17624566
120221,0,0.17624566
120222,0,0.17624566
120223,0,0.17624566
120224,0,0.17624566
120225,0,0.17624566
120226,0,0.17624566
120227,0,0.17624566
120228,0,0.17624566
120229,0,0.17624566
120230,0,0.17624566
120231,0,0.17624566
120232,0,0.17624566
120233,0,0.17624566
120234,0,0.17624566
120235,0,0.17624566
120236,0,0.17624566
120237,0,0.17624566
120238,0,0.17624566
120239,0,0.17624566
120240,0,0.17624566
120241,0,0.17624566
120242,0,0.17624566
120243,0,0.17624566
120244,0,0.17624566
120245,0,0.17624566
120246,0,0.17624566
120247,0,0.17624566
120248,0,0.17624566
120249,0,0.17624566
120250,0,0.17624566
120251,0,0.17624566
120252,0,0.17624566
120253,0,0.17624566
120254,0,0.17624566
120255,0,0.17624566
120256,0,0.17624566
120257,0,0.17624566
120258,0,0.17624566
120259,0,0.17624566
120260,0,0.17624566
120261,0,0.17624566
120262,0,0.17624566
120263,0,0.17624566
120264,0,0.17624566
120265,0,0.17624566
120266,0,0.17624566
120267,0,0.17624566
120268,0,0.17624566
120269,0,0.17624566
120270,0,0.17624566
120271,0,0.17624566
120272,0,0.17624566
120273,0,0.17624566
120274,0,0.17624566
120275,0,0.17624566
120276,0,0.17624566
120277,0,0.17624566
120278,0,0.17624566
120279,0,0.17624566
120280,0,0.17624566
120281,0,0.17624566
120282,0,0.17624566
120283,0,0.17624566
120284,0,0.17624566
120285,0,0.17624566
120286,0,0.17624566
120287,0,0.17624566
120288,0,0.17624566
120289,0,0.17624566
120290,0,0.17624566
120291,0,0.17624566
120292,0,0.17624566
120293,0,0.17624566
120294,0,0.17624566
120295,0,0.17624566
120296,0,0.17624566
120297,0,0.17624566
120298,0,0.17624566
120299,0,0.17624566
120300,0,0.17624566
120301,0,0.17624566
120302,0,0.17624566
120303,0,0.17624566
120304,0,0.17624566
120305,0,0.17624566
120306,0,0.17624566
120307,0,0.17624566
120308,0,0.17624566
120309,0,0.17624566
120310,0,0.17624566
120311,0,0.17624566
120312,0,0.17624566
120313,0,0.17624566
120314,0,0.17624566
120315,0,0.17624566
120316,0,0.17624566
120317,0,0.17624566
120318,0,0.17624566
120319,0,0.17624566
120320,0,0.17624566
120321,0,0.17624566
120322,0,0.17624566
120323,0,0.17624566
120324,0,0.17624566
120325,0,0.17624566
120326,0,0.17624566
120327,0,0.17624566
120328,0,0.17624566
120329,0,0.17624566
120330,0,0.17624566
120331,0,0.17624566
120332,0,0.17624566
120333,0,0.17624566
120334,0,0.17624566
120335,0,0.17624566
120336,0,0.17624566
120337,0,0.17624566
120338,0,0.17624566
120339,0,0.17624566
120340,0,0.17624566
120341,0,0.17624566
120342,0,0.17624566
120343,0,0.17624566
120344,0,0.17624566
120345,0,0.17624566
120346,0,0.17624566
120347,0,0.17624566
120348,0,0.17624566
120349,0,0.17624566
120350,0,0.17624566
120351,0,0.17624566
120352,0,0.17624566
120353,0,0.17624566
120354,0,0.17624566
120355,0,0.17624566
120356,0,0.17624566
120357,0,0.17624566
120358,0,0.17624566
120359,0,0.17624566
120360,0,0.17624566
120361,0,0.033042513
120362,0,0.0330446
120363,0,0.03304355
120364,0,0.033043675
120365,0,0.033040203
120366,0,0.033040207
120367,0,0.03304019
120368,0,0.033040185
120369,0,0.033040214
120370,0,0.033040207
120371,0,0.03304024
120372,0,0.033040226
120373,0,0.033040226
120374,0,0.033040263
120375,0,0.033040203
120376,0,0.033040173
120377,0,0.03304022
120378,0,0.033040207
120379,0,0.033040218
120380,0,0.03304022
120381,0,0.033040196
120382,0,0.033040192
120383,0,0.033040244
120384,0,0.033040233
120385,0,0.033040226
120386,0,0.03304022
120387,0,0.033040244
120388,0,0.033040226
120389,0,0.033040244
120390,0,0.033040248
120391,0,0.033040226
120392,0,0.033040263
120393,0,0.03304022
120394,0,0.03304025
120395,0,0.033040296
120396,0,0.033040255
120397,0,0.033040207
120398,0,0.033040203
120399,0,0.033040218
120400,0,0.033040255
120401,0,0.03304021
120402,0,0.03304024
120403,0,0.033040255
120404,0,0.0330402
120405,0,0.03304023
120406,0,0.033040218
120407,0,0.033040237
120408,0,0.03304023
120409,0,0.033040237
120410,0,0.033040255
120411,0,0.033040255
120412,0,0.033040263
120413,0,0.033040248
120414,0,0.033040244
120415,0,0.03304024
120416,0,0.033040214
120417,0,0.033040233
120418,0,0.033040226
120419,0,0.033040226
120420,0,0.033040196
120421,0,0.033040207
120422,0,0.033040244
120423,0,0.033040237
120424,0,0.033040226
120425,0,0.033040244
120426,0,0.033040248
120427,0,0.033040233
120428,0,0.033040226
120429,0,0.033040278
120430,0,0.033040218
120431,0,0.03304021
120432,0,0.03304019
120433,0,0.033040255
120434,0,0.033040255
120435,0,0.033040177
120436,0,0.03304023
120437,0,0.033040203
120438,0,0.03304022
120439,0,0.03304018
120440,0,0.03304021
120441,0,0.033040237
120442,0,0.03304022
120443,0,0.03304019
120444,0,0.033040196
120445,0,0.033040233
120446,0,0.03304026
120447,0,0.03304036
120448,0,0.033040326
120449,0,0.033040274
120450,0,0.033040367
120451,0,0.03304033
120452,0,0.03304038
120453,0,0.033040266
120454,0,0.03304037
120455,0,0.03304035
120456,0,0.033040307
120457,0,0.033040386
120458,0,0.033040423
120459,0,0.033040352
120460,0,0.033040345
120461,0,0.03304035
120462,0,0.033040427
120463,0,0.033040367
120464,0,0.03304042
120465,0,0.03304029
120466,0,0.033040408
120467,0,0.03304043
120468,0,0.03304031
120469,0,0.033040352
120470,0,0.033040255
120471,0,0.033040423
120472,0,0.03304038
120473,0,0.033040434
120474,0,0.03304029
120475,0,0.033040367
120476,0,0.03304028
120477,0,0.03304033
120478,0,0.0330404
120479,0,0.03304035
120480,0,0.03304035
120481,0,0.033040307
120482,0,0.033040307
120483,0,0.033040375
120484,0,0.03304032
120485,0,0.033040326
120486,0,0.033040397
120487,0,0.03304034
120488,0,0.03304036
120489,0,0.03304029
120490,0,0.033040404
120491,0,0.033040352
120492,0,0.033040345
120493,0,0.03304038
120494,0,0.03304047
120495,0,0.033040293
120496,0,0.033040296
120497,0,0.03304029
120498,0,0.03304026
120499,0,0.033040237
120500,0,0.033040468
120501,0,0.03304033
120502,0,0.03304037
120503,0,0.033040367
120504,0,0.033040382
120505,0,0.03304065
120506,0,0.033040363
120507,0,0.033040628
120508,0,0.0330405
120509,0,0.033040546
120510,0,0.033040475
120511,0,0.03304033
120512,0,0.03304058
120513,0,0.033040445
120514,0,0.033040542
120515,0,0.033040486
120516,0,0.033040583
120517,0,0.033040587
120518,0,0.033040658
120519,0,0.033040594
120520,0,0.033040754
120521,0,0.033040743
120522,0,0.033040546
120523,0,0.033040468
120524,0,0.03304041
120525,0,0.03304052
120526,0,0.033040803
120527,0,0.03304057
120528,0,0.033040542
120529,0,0.033040736
120530,0,0.033040617
120531,0,0.033040434
120532,0,0.03304075
120533,0,0.033040594
120534,0,0.033040453
120535,0,0.033040464
120536,0,0.03304052
120537,0,0.0330406
120538,0,0.03304071
120539,0,0.03304071
120540,0,0.03304063
120541,0,0.033040658
120542,0,0.033040386
120543,0,0.033040717
120544,0,0.03304055
120545,0,0.033040617
120546,0,0.033040375
120547,0,0.033040486
120548,0,0.03304053
120549,0,0.033040456
120550,0,0.03304039
120551,0,0.0330405
120552,0,0.03304054
120553,0,0.033040605
120554,0,0.03304046
120555,0,0.0330405
120556,0,0.033040408
120557,0,0.03304059
120558,0,0.033040326
120559,0,0.033040512
120560,0,0.033040497
120561,0,0.03304058
120562,0,0.0330407
120563,0,0.033040386
120564,0,0.033040658
120565,0,0.03304049
120566,0,0.033040438
120567,0,0.03304066
120568,0,0.03304049
120569,0,0.033040494
120570,0,0.033040486
120571,0,0.033040393
120572,0,0.033040427
120573,0,0.03304035
120574,0,0.033040456
120575,0,0.033040702
120576,0,0.033040654
120577,0,0.033040468
120578,0,0.033040572
120579,0,0.033040665
120580,0,0.033040524
120581,0,0.033040468
120582,0,0.033040646
120583,0,0.033040628
120584,0,0.033040512
120585,0,0.033040605
120586,0,0.033040673
120587,0,0.033040635
120588,0,0.033040684
120589,0,0.033040654
120590,0,0.033040557
120591,0,0.03304082
120592,0,0.033040695
120593,0,0.033040512
120594,0,0.033040628
120595,0,0.033040445
120596,0,0.033040706
120597,0,0.033040583
120598,0,0.033040624
120599,0,0.03304052
120600,0,0.033040393
120601,0,0.033040594
120602,0,0.033040598
120603,0,0.033040676
120604,0,0.033040445
120605,0,0.033040587
120606,0,0.033040587
120607,0,0.03304062
120608,0,0.03304049
120609,0,0.033040658
120610,0,0.033040397
120611,0,0.033040565
120612,0,0.033040483
120613,0,0.033040624
120614,0,0.033040512
120615,0,0.033040684
120616,0,0.033040687
120617,0,0.033040654
120618,0,0.033040516
120619,0,0.033040542
120620,0,0.033040553
120621,0,0.033040665
120622,0,0.03304048
120623,0,0.033040743
120624,0,0.033040386
120625,0,0.033040475
120626,0,0.033040468
120627,0,0.033040565
120628,0,0.033040553
120629,0,0.0330404
120630,0,0.0330405
120631,0,0.033040438
120632,0,0.03304035
120633,0,0.03304045
120634,0,0.03304038
120635,0,0.03304045
120636,0,0.033040494
120637,0,0.033040535
120638,0,0.033040702
120639,0,0.033040542
120640,0,0.03304044
120641,0,0.033040516
120642,0,0.03304062
120643,0,0.033040468
120644,0,0.03304049
120645,0,0.03304063
120646,0,0.033040576
120647,0,0.033040527
120648,0,0.033040576
120649,0,0.033041004
120650,0,0.033040635
120651,0,0.033040676
120652,0,0.033040565
120653,0,0.0330405
120654,0,0.033040427
120655,0,0.033040613
120656,0,0.033040464
120657,0,0.03304067
120658,0,0.033040576
120659,0,0.033040587
120660,0,0.033040524
120661,0,0.03304053
120662,0,0.03304069
120663,0,0.033040605
120664,0,0.03304056
120665,0,0.03304054
120666,0,0.033040594
120667,0,0.033040546
120668,0,0.033040624
120669,0,0.03304067
120670,0,0.033040643
120671,0,0.033040844
120672,0,0.033040766
120673,0,0.03304057
120674,0,0.03304066
120675,0,0.03304065
120676,0,0.033040527
120677,0,0.03304046
120678,0,0.033040736
120679,0,0.033040505
120680,0,0.033040497
120681,0,0.033040497
120682,0,0.033040475
120683,0,0.033040628
120684,0,0.03304076
120685,0,0.033040456
120686,0,0.033040516
120687,0,0.03304062
120688,0,0.033040527
120689,0,0.033040386
120690,0,0.033040445
120691,0,0.03304067
120692,0,0.033040695
120693,0,0.033040613
120694,0,0.03304083
120695,0,0.033040535
120696,0,0.033040687
120697,0,0.033040512
120698,0,0.03304065
120699,0,0.03304049
120700,0,0.033040624
120701,0,0.033040784
120702,0,0.033040937
120703,0,0.033040877
120704,0,0.033040684
120705,0,0.033040524
120706,0,0.03304061
120707,0,0.03304056
120708,0,0.033040848
120709,0,0.033040646
120710,0,0.033040587
120711,0,0.033040546
120712,0,0.033040848
120713,0,0.033040714
120714,0,0.03304057
120715,0,0.03304053
120716,0,0.033040576
120717,0,0.03304063
120718,0,0.03304063
120719,0,0.033040527
120720,0,0.03304059
120721,0,0.033040684
120722,0,0.03304054
120723,0,0.033040475
120724,0,0.033040643
120725,0,0.033040486
120726,0,0.033040848
120727,0,0.033040844
120728,0,0.033040553
120729,0,0.033040583
120730,0,0.03304049
120731,0,0.0330408
120732,0,0.033041082
120733,0,0.033040572
120734,0,0.033040594
120735,0,0.033040695
120736,0,0.033040773
120737,0,0.033040773
120738,0,0.03304058
120739,0,0.0330408
120740,0,0.033040617
120741,0,0.033040874
120742,0,0.033040896
120743,0,0.03304116
120744,0,0.033040922
120745,0,0.03304067
120746,0,0.033040922
120747,0,0.033040714
120748,0,0.03304087
120749,0,0.03304065
120750,0,0.033040583
120751,0,0.033040535
120752,0,0.03304077
120753,0,0.03304071
120754,0,0.033040565
120755,0,0.03304058
120756,0,0.03304065
120757,0,0.03304092
120758,0,0.033040754
120759,0,0.03304082
120760,0,0.033040818
120761,0,0.033040486
120762,0,0.033040527
120763,0,0.03304079
120764,0,0.03304052
120765,0,0.03304055
120766,0,0.03304061
120767,0,0.0330408
120768,0,0.033040546
120769,0,0.033040665
120770,0,0.033040646
120771,0,0.033040565
120772,0,0.03304058
120773,0,0.033040658
120774,0,0.033040844
120775,0,0.033040773
120776,0,0.03304054
120777,0,0.033040818
120778,0,0.03304065
120779,0,0.033040754
120780,0,0.033040814
120781,0,0.033040665
120782,0,0.03304084
120783,0,0.033040807
120784,0,0.033040497
120785,0,0.033041254
120786,0,0.03304061
120787,0,0.033040836
120788,0,0.033040456
120789,0,0.033040624
120790,0,0.033040747
120791,0,0.033040483
120792,0,0.03304075
120793,0,0.03304064
120794,0,0.033040702
120795,0,0.03304076
120796,0,0.033040907
120797,0,0.03304083
120798,0,0.033040654
120799,0,0.03304071
120800,0,0.033040896
120801,0,0.033041015
120802,0,0.03304071
120803,0,0.033040524
120804,0,0.033040907
120805,0,0.03304061
120806,0,0.033040963
120807,0,0.03304085
120808,0,0.033040676
120809,0,0.033041306
120810,0,0.03304105
120811,0,0.033040643
120812,0,0.033040818
120813,0,0.03304068
120814,0,0.03304089
120815,0,0.033040695
120816,0,0.033040687
120817,0,0.03304105
120818,0,0.03304088
120819,0,0.033041175
120820,0,0.03304074
120821,0,0.033040635
120822,0,0.033040658
120823,0,0.03304107
120824,0,0.033040687
120825,0,0.033040702
120826,0,0.033040613
120827,0,0.033040505
120828,0,0.03304075
120829,0,0.033040915
120830,0,0.033040863
120831,0,0.03304058
120832,0,0.03304103
120833,0,0.0330406
120834,0,0.033040654
120835,0,0.03304089
120836,0,0.033040795
120837,0,0.033040874
120838,0,0.03304092
120839,0,0.033040702
120840,0,0.033040512
120841,0,0.033040717
120842,0,0.033040725
120843,0,0.033040777
120844,0,0.033040725
120845,0,0.03304061
120846,0,0.033040874
120847,0,0.033040635
120848,0,0.033040993
120849,0,0.03304064
120850,0,0.0330407
120851,0,0.033040795
120852,0,0.03304088
120853,0,0.03304053
120854,0,0.033040743
120855,0,0.033040944
120856,0,0.033041112
120857,0,0.03304081
120858,0,0.03304079
120859,0,0.033040926
120860,0,0.033040766
120861,0,0.03304077
120862,0,0.03304093
120863,0,0.03304061
120864,0,0.03304041
120865,0,0.03304059
120866,0,0.033040628
120867,0,0.033040706
120868,0,0.033040833
120869,0,0.033040754
120870,0,0.033040665
120871,0,0.03304078
120872,0,0.033040814
120873,0,0.033040658
120874,0,0.0330407
120875,0,0.033040922
120876,0,0.03304085
120877,0,0.033040483
120878,0,0.03304055
120879,0,0.033040583
120880,0,0.03304061
120881,0,0.033040684
120882,0,0.03304065
120883,0,0.033040833
120884,0,0.033040844
120885,0,0.033041146
120886,0,0.033040684
120887,0,0.03304077
120888,0,0.03304066
120889,0,0.03304094
120890,0,0.033040978
120891,0,0.033040866
120892,0,0.033041112
120893,0,0.03304064
120894,0,0.03304072
120895,0,0.033040673
120896,0,0.033040766
120897,0,0.033040825
120898,0,0.033040717
120899,0,0.033040732
120900,0,0.03304111
120901,0,0.033040702
120902,0,0.033040866
120903,0,0.033040732
120904,0,0.033040736
120905,0,0.033040624
120906,0,0.03304085
120907,0,0.033040717
120908,0,0.033040803
120909,0,0.033041026
120910,0,0.03304052
120911,0,0.033040725
120912,0,0.0330405
120913,0,0.03304091
120914,0,0.03304106
120915,0,0.033040985
120916,0,0.033040848
120917,0,0.033040673
120918,0,0.03304091
120919,0,0.0330407
120920,0,0.0330408
120921,0,0.03304066
120922,0,0.033040658
120923,0,0.033040933
120924,0,0.03304095
120925,0,0.033040926
120926,0,0.033040784
120927,0,0.033040702
120928,0,0.033040937
120929,0,0.03304121
120930,0,0.03304086
120931,0,0.033041127
120932,0,0.03304063
120933,0,0.03304075
120934,0,0.033040814
120935,0,0.03304097
120936,0,0.033040915
120937,0,0.033040844
120938,0,0.033040628
120939,0,0.03304089
120940,0,0.03304071
120941,0,0.03304075
120942,0,0.033040702
120943,0,0.033040598
120944,0,0.033040654
120945,0,0.033040907
120946,0,0.033040486
120947,0,0.033040665
120948,0,0.03304067
120949,0,0.033040803
120950,0,0.033040673
120951,0,0.03304086
120952,0,0.033040654
120953,0,0.033040486
120954,0,0.033040684
120955,0,0.0330405
120956,0,0.033040814
120957,0,0.03304077
120958,0,0.033040613
120959,0,0.033040833
120960,0,0.033040524
120961,0,0.033040658
120962,0,0.033044267
120963,0,0.033043385
120964,0,0.03304247
120965,0,0.033042356
120966,0,0.033043675
120967,0,0.03304376
120968,0,0.033043023
120969,0,0.033044316
120970,0,0.033043448
120971,0,0.033043377
120972,0,0.033044558
120973,0,0.03304378
120974,0,0.033043653
120975,0,0.033043567
120976,0,0.033044092
120977,0,0.033045456
120978,0,0.03304554
120979,0,0.033044547
120980,0,0.033044614
120981,0,0.033044647
120982,0,0.033045117
120983,0,0.033043314
120984,0,0.03304436
120985,0,0.033044815
120986,0,0.03304479
120987,0,0.033044804
120988,0,0.03304343
120989,0,0.03304429
120990,0,0.033044502
120991,0,0.03304523
120992,0,0.033046205
120993,0,0.03304364
120994,0,0.0330441
120995,0,0.03304349
120996,0,0.033044618
120997,0,0.03304497
120998,0,0.033043984
120999,0,0.033043176
121000,0,0.03304364
121001,0,0.033044145
121002,0,0.033045996
121003,0,0.033044066
121004,0,0.033044267
121005,0,0.03304426
121006,0,0.03304475
121007,0,0.03304627
121008,0,0.033044815
121009,0,0.03304446
121010,0,0.033045154
121011,0,0.033043068
121012,0,0.033044245
121013,0,0.033042397
121014,0,0.033043675
121015,0,0.033045445
121016,0,0.03304299
121017,0,0.033043962
121018,0,0.033044875
121019,0,0.03304475
121020,0,0.033045147
121021,0,0.033044826
121022,0,0.033043887
121023,0,0.033044383
121024,0,0.03304495
121025,0,0.033044636
121026,0,0.03304435
121027,0,0.03304432
121028,0,0.033044588
121029,0,0.033044595
121030,0,0.033043668
121031,0,0.03304451
121032,0,0.03304401
121033,0,0.033044305
121034,0,0.033044454
121035,0,0.033043943
121036,0,0.03304302
121037,0,0.033043608
121038,0,0.033044256
121039,0,0.033043988
121040,0,0.03304265
121041,0,0.033043526
121042,0,0.03304456
121043,0,0.033044253
121044,0,0.033045538
121045,0,0.033044785
121046,0,0.03304476
121047,0,0.033044074
121048,0,0.03304423
121049,0,0.033046428
121050,0,0.033043932
121051,0,0.033043794
121052,0,0.03304402
121053,0,0.03304445
121054,0,0.033044323
121055,0,0.033043317
121056,0,0.033044532
121057,0,0.033043575
121058,0,0.033044614
121059,0,0.0330432
121060,0,0.033044226
121061,0,0.033046067
121062,0,0.033043724
121063,0,0.0330446
121064,0,0.03304432
121065,0,0.033043656
121066,0,0.033043783
121067,0,0.033042796
121068,0,0.0330441
121069,0,0.03304291
121070,0,0.033044282
121071,0,0.033043534
121072,0,0.03304304
121073,0,0.03304463
121074,0,0.03304534
121075,0,0.03304337
121076,0,0.033044152
121077,0,0.033044368
121078,0,0.033043575
121079,0,0.03304384
121080,0,0.03304385
121081,0,0.03304378
121082,0,0.03304387
121083,0,0.033043746
121084,0,0.033042803
121085,0,0.033042792
121086,0,0.033043846
121087,0,0.0330435
121088,0,0.03304321
121089,0,0.033044606
121090,0,0.03304448
121091,0,0.03304429
121092,0,0.03304382
121093,0,0.033044532
121094,0,0.0330439
121095,0,0.03304615
121096,0,0.0330452
121097,0,0.033043686
121098,0,0.033043236
121099,0,0.033043906
121100,0,0.03304441
121101,0,0.033043098
121102,0,0.033043846
121103,0,0.033044398
121104,0,0.033044305
121105,0,0.0330459
121106,0,0.033045087
121107,0,0.033044152
121108,0,0.03304429
121109,0,0.033044085
121110,0,0.033043526
121111,0,0.03304487
121112,0,0.033044845
121113,0,0.033045296
121114,0,0.03304411
121115,0,0.03304354
121116,0,0.033043694
121117,0,0.033044904
121118,0,0.03304499
121119,0,0.033044778
121120,0,0.033043794
121121,0,0.03304424
121122,0,0.033044092
121123,0,0.03304356
121124,0,0.03304357
121125,0,0.033043798
121126,0,0.033044618
121127,0,0.03304403
121128,0,0.033044286
121129,0,0.033043507
121130,0,0.033044603
121131,0,0.033044025
121132,0,0.0330438
121133,0,0.033046223
121134,0,0.033043392
121135,0,0.033043843
121136,0,0.03304342
121137,0,0.033043
121138,0,0.0330454
121139,0,0.033043716
121140,0,0.03304391
121141,0,0.033044506
121142,0,0.03304434
121143,0,0.033043604
121144,0,0.033044793
121145,0,0.033042684
121146,0,0.033043563
121147,0,0.033043757
121148,0,0.033044316
121149,0,0.033045083
121150,0,0.033043288
121151,0,0.033043284
121152,0,0.033043735
121153,0,0.03304347
121154,0,0.03304372
121155,0,0.033043128
121156,0,0.033046138
121157,0,0.033043846
121158,0,0.033044737
121159,0,0.033044394
121160,0,0.0330437
121161,0,0.033043277
121162,0,0.033043925
121163,0,0.0330425
121164,0,0.033044238
121165,0,0.033043932
121166,0,0.033044335
121167,0,0.03304478
121168,0,0.033043243
121169,0,0.033044193
121170,0,0.033043798
121171,0,0.033045232
121172,0,0.03304337
121173,0,0.03304448
121174,0,0.0330445
121175,0,0.03304428
121176,0,0.03304332
121177,0,0.033043217
121178,0,0.03304397
121179,0,0.03304575
121180,0,0.033042952
121181,0,0.03304298
121182,0,0.03304422
121183,0,0.03304307
121184,0,0.033043295
121185,0,0.033044644
121186,0,0.03304443
121187,0,0.033042155
121188,0,0.03304349
121189,0,0.0330428
121190,0,0.033042874
121191,0,0.033043146
121192,0,0.033043664
121193,0,0.033043504
121194,0,0.033043012
121195,0,0.033042744
121196,0,0.0330426
121197,0,0.03304262
121198,0,0.033042766
121199,0,0.033043656
121200,0,0.03304349
121201,0,0.033043277
121202,0,0.033043556
121203,0,0.03304417
121204,0,0.03304348
121205,0,0.033042487
121206,0,0.033042565
121207,0,0.033042938
121208,0,0.033043034
121209,0,0.0330424
121210,0,0.033044595
121211,0,0.033043683
121212,0,0.03304286
121213,0,0.03304372
121214,0,0.03304293
121215,0,0.03304425
121216,0,0.03304257
121217,0,0.03304356
121218,0,0.033042282
121219,0,0.033042584
121220,0,0.033042755
121221,0,0.033043496
121222,0,0.03304407
121223,0,0.033043772
121224,0,0.033043165
121225,0,0.033043478
121226,0,0.033043656
121227,0,0.033043396
121228,0,0.033043217
121229,0,0.033043597
121230,0,0.033043865
121231,0,0.033043034
121232,0,0.033043962
121233,0,0.033043977
121234,0,0.033044215
121235,0,0.033043962
121236,0,0.033042077
121237,0,0.033043005
121238,0,0.033042386
121239,0,0.0330426
121240,0,0.03304289
121241,0,0.033042673
121242,0,0.033042513
121243,0,0.033042815
121244,0,0.033042848
121245,0,0.033043787
121246,0,0.03304367
121247,0,0.033043485
121248,0,0.033043522
121249,0,0.03304313
121250,0,0.03304334
121251,0,0.03304382
121252,0,0.033044033
121253,0,0.03304265
121254,0,0.033043336
121255,0,0.03304398
121256,0,0.03304344
121257,0,0.033042453
121258,0,0.033043236
121259,0,0.033043485
121260,0,0.033043526
121261,0,0.033042885
121262,0,0.033043303
121263,0,0.03304429
121264,0,0.033043604
121265,0,0.03304253
121266,0,0.033042498
121267,0,0.033044845
121268,0,0.033043146
121269,0,0.033043604
121270,0,0.033042774
121271,0,0.033044875
121272,0,0.03304348
121273,0,0.033043534
121274,0,0.033043537
121275,0,0.033043176
121276,0,0.033043005
121277,0,0.03304452
121278,0,0.033044238
121279,0,0.033043522
121280,0,0.03304375
121281,0,0.033043012
121282,0,0.033043515
121283,0,0.033042897
121284,0,0.033044524
121285,0,0.033043474
121286,0,0.033042934
121287,0,0.03304374
121288,0,0.033044558
121289,0,0.033042543
121290,0,0.033043467
121291,0,0.033045303
121292,0,0.033043493
121293,0,0.03304374
121294,0,0.033043526
121295,0,0.03304181
121296,0,0.033041902
121297,0,0.033041988
121298,0,0.03304155
121299,0,0.033040658
121300,0,0.033040967
121301,0,0.033041295
121302,0,0.0330413
121303,0,0.03304079
121304,0,0.03304098
121305,0,0.03304087
121306,0,0.03304052
121307,0,0.03304085
121308,0,0.033040613
121309,0,0.033040732
121310,0,0.033041194
121311,0,0.033040926
121312,0,0.033041395
121313,0,0.033040915
121314,0,0.033040952
121315,0,0.03304088
121316,0,0.03304125
121317,0,0.033041093
121318,0,0.03304102
121319,0,0.033040848
121320,0,0.03304086
121321,0,0.033040848
121322,0,0.033040795
121323,0,0.033040818
121324,0,0.033040814
121325,0,0.033040855
121326,0,0.033040717
121327,0,0.03304091
121328,0,0.0330417
121329,0,0.033042245
121330,0,0.03304345
121331,0,0.033043455
121332,0,0.03304304
121333,0,0.0330437
121334,0,0.033041842
121335,0,0.033042528
121336,0,0.03304267
121337,0,0.033042368
121338,0,0.033042
121339,0,0.03304183
121340,0,0.03304195
121341,0,0.033041503
121342,0,0.033041757
121343,0,0.033042114
121344,0,0.033042066
121345,0,0.033042755
121346,0,0.033042554
121347,0,0.033042282
121348,0,0.03304222
121349,0,0.03304221
121350,0,0.033041958
121351,0,0.033041563
121352,0,0.03304161
121353,0,0.0330423
121354,0,0.033041544
121355,0,0.033041865
121356,0,0.033042107
121357,0,0.03304215
121358,0,0.03304227
121359,0,0.033043645
121360,0,0.03304319
121361,0,0.03304329
121362,0,0.03304318
121363,0,0.033043597
121364,0,0.033043716
121365,0,0.033043522
121366,0,0.033045165
121367,0,0.03304398
121368,0,0.033042718
121369,0,0.033043474
121370,0,0.033044547
121371,0,0.03304341
121372,0,0.033043586
121373,0,0.033043314
121374,0,0.033043347
121375,0,0.033043414
121376,0,0.033043195
121377,0,0.033043634
121378,0,0.03304354
121379,0,0.03304393
121380,0,0.033043288
121381,0,0.0330436
121382,0,0.033043396
121383,0,0.033042815
121384,0,0.033044763
121385,0,0.033043634
121386,0,0.033042613
121387,0,0.03304348
121388,0,0.033043515
121389,0,0.03304236
121390,0,0.033043426
121391,0,0.03304325
121392,0,0.03304253
121393,0,0.033041775
121394,0,0.033042856
121395,0,0.03304253
121396,0,0.033043366
121397,0,0.033042688
121398,0,0.033041615
121399,0,0.033040855
121400,0,0.03304101
121401,0,0.033040702
121402,0,0.03304106
121403,0,0.03304078
121404,0,0.033040702
121405,0,0.033040956
121406,0,0.03304095
121407,0,0.03304091
121408,0,0.033040766
121409,0,0.03304073
121410,0,0.033040788
121411,0,0.03304148
121412,0,0.033040997
121413,0,0.03304091
121414,0,0.033040937
121415,0,0.03304102
121416,0,0.03304082
121417,0,0.033040963
121418,0,0.033041
121419,0,0.03304096
121420,0,0.033041198
121421,0,0.033041004
121422,0,0.033041246
121423,0,0.03304081
121424,0,0.033040926
121425,0,0.033040896
121426,0,0.033040933
121427,0,0.03304074
121428,0,0.03304066
121429,0,0.03304073
121430,0,0.033040717
121431,0,0.033040825
121432,0,0.033040673
121433,0,0.033041064
121434,0,0.033041082
121435,0,0.033041015
121436,0,0.03304083
121437,0,0.033041064
121438,0,0.033041053
121439,0,0.033041343
121440,0,0.033040974
121441,0,0.03304105
121442,0,0.033040915
121443,0,0.03304107
121444,0,0.033040933
121445,0,0.033040933
121446,0,0.033041347
121447,0,0.033040952
121448,0,0.033040944
121449,0,0.03304109
121450,0,0.033041015
121451,0,0.03304125
121452,0,0.03304115
121453,0,0.033041
121454,0,0.033040933
121455,0,0.0330412
121456,0,0.033041216
121457,0,0.03304095
121458,0,0.033041053
121459,0,0.033041053
121460,0,0.033040773
121461,0,0.033040907
121462,0,0.033041075
121463,0,0.033040684
121464,0,0.033040978
121465,0,0.033040866
121466,0,0.03304095
121467,0,0.033040795
121468,0,0.033041082
121469,0,0.033040978
121470,0,0.03304097
121471,0,0.033041023
121472,0,0.033040926
121473,0,0.033041008
121474,0,0.033040915
121475,0,0.033040863
121476,0,0.033040892
121477,0,0.033041064
121478,0,0.03304103
121479,0,0.033041216
121480,0,0.03304089
121481,0,0.03304085
121482,0,0.03304088
121483,0,0.033040967
121484,0,0.03304095
121485,0,0.033040788
121486,0,0.033041034
121487,0,0.033040967
121488,0,0.03304087
121489,0,0.03304115
121490,0,0.03304115
121491,0,0.03304093
121492,0,0.03304104
121493,0,0.033040967
121494,0,0.033041008
121495,0,0.03304098
121496,0,0.033041116
121497,0,0.033040915
121498,0,0.033040978
121499,0,0.03304097
121500,0,0.033040743
121501,0,0.033041332
121502,0,0.03304094
121503,0,0.03304121
121504,0,0.03304107
121505,0,0.033041187
121506,0,0.03304091
121507,0,0.033040855
121508,0,0.03304128
121509,0,0.033041812
121510,0,0.033040993
121511,0,0.033040855
121512,0,0.033041418
121513,0,0.033040904
121514,0,0.033041004
121515,0,0.033040766
121516,0,0.033041038
121517,0,0.033040807
121518,0,0.033040922
121519,0,0.033041038
121520,0,0.033041093
121521,0,0.033041086
121522,0,0.033041086
121523,0,0.033041257
121524,0,0.0330411
121525,0,0.03304105
121526,0,0.033041164
121527,0,0.033041377
121528,0,0.033040725
121529,0,0.033041045
121530,0,0.033040933
121531,0,0.033040874
121532,0,0.033041097
121533,0,0.03304082
121534,0,0.033041082
121535,0,0.03304099
121536,0,0.033041123
121537,0,0.033040885
121538,0,0.03304085
121539,0,0.033040777
121540,0,0.033040836
121541,0,0.033041015
121542,0,0.033041056
121543,0,0.03304096
121544,0,0.033041053
121545,0,0.03304096
121546,0,0.033041
121547,0,0.03304148
121548,0,0.033040732
121549,0,0.033040952
121550,0,0.033041142
121551,0,0.033041548
121552,0,0.033042163
121553,0,0.03304264
121554,0,0.03304245
121555,0,0.033042755
121556,0,0.03304283
121557,0,0.03304234
121558,0,0.0330438
121559,0,0.033043858
121560,0,0.033043887
121561,0,0.033043783
121562,0,0.033043846
121563,0,0.03304274
121564,0,0.03304427
121565,0,0.033043943
121566,0,0.03304355
121567,0,0.03304371
121568,0,0.03304391
121569,0,0.03304404
121570,0,0.033043817
121571,0,0.033043943
121572,0,0.033043873
121573,0,0.033042513
121574,0,0.033043414
121575,0,0.03304406
121576,0,0.033043057
121577,0,0.033043258
121578,0,0.033042964
121579,0,0.033042975
121580,0,0.03304359
121581,0,0.033043496
121582,0,0.03304406
121583,0,0.033043906
121584,0,0.03304299
121585,0,0.033042617
121586,0,0.03304309
121587,0,0.0330444
121588,0,0.033042874
121589,0,0.03304277
121590,0,0.03304291
121591,0,0.03304279
121592,0,0.033042673
121593,0,0.03304153
121594,0,0.0330418
121595,0,0.03304103
121596,0,0.033040863
121597,0,0.033040937
121598,0,0.033040952
121599,0,0.033041492
121600,0,0.03304148
121601,0,0.03304196
121602,0,0.03304091
121603,0,0.03304097
121604,0,0.03304079
121605,0,0.03304113
121606,0,0.03304081
121607,0,0.033040844
121608,0,0.033040922
121609,0,0.03304084
121610,0,0.033041004
121611,0,0.033040997
121612,0,0.033040803
121613,0,0.03304089
121614,0,0.033041123
121615,0,0.033041008
121616,0,0.033040978
121617,0,0.03304099
121618,0,0.033040978
121619,0,0.033041157
121620,0,0.033040952
121621,0,0.0330408
121622,0,0.033040997
121623,0,0.033040825
121624,0,0.033041604
121625,0,0.033042666
121626,0,0.033042677
121627,0,0.033044104
121628,0,0.033044197
121629,0,0.033043165
121630,0,0.03304437
121631,0,0.033043165
121632,0,0.033044852
121633,0,0.033043962
121634,0,0.03304496
121635,0,0.0330448
121636,0,0.033044282
121637,0,0.033044703
121638,0,0.033044316
121639,0,0.033043638
121640,0,0.033043243
121641,0,0.03304328
121642,0,0.033044755
121643,0,0.033044487
121644,0,0.03304506
121645,0,0.03304501
121646,0,0.033044472
121647,0,0.033045124
121648,0,0.033044703
121649,0,0.033044536
121650,0,0.03304463
121651,0,0.033044685
121652,0,0.0330443
121653,0,0.033043757
121654,0,0.033044294
121655,0,0.03304427
121656,0,0.033043668
121657,0,0.033043634
121658,0,0.033042822
121659,0,0.033044416
121660,0,0.033044096
121661,0,0.033044554
121662,0,0.03304264
121663,0,0.033043623
121664,0,0.03304427
121665,0,0.03304548
121666,0,0.033043053
121667,0,0.03304454
121668,0,0.03304394
121669,0,0.03304296
121670,0,0.033043243
121671,0,0.033042785
121672,0,0.033042546
121673,0,0.033041887
121674,0,0.033041224
121675,0,0.033040926
121676,0,0.033041637
121677,0,0.033042345
121678,0,0.033041917
121679,0,0.03304265
121680,0,0.033043258
121681,0,0.033043355
121682,0,0.03304364
121683,0,0.033043943
121684,0,0.033044133
121685,0,0.033044014
121686,0,0.03304426
121687,0,0.033044387
121688,0,0.033040803
121689,0,0.033040855
121690,0,0.033040613
121691,0,0.033040542
121692,0,0.033040553
121693,0,0.033040516
121694,0,0.033040673
121695,0,0.033040583
121696,0,0.033040393
121697,0,0.03304057
121698,0,0.03304075
121699,0,0.033040855
121700,0,0.03304082
121701,0,0.0330408
121702,0,0.03304072
121703,0,0.033040866
121704,0,0.03304099
121705,0,0.03304064
121706,0,0.033040613
121707,0,0.033040687
121708,0,0.03304052
121709,0,0.03304055
121710,0,0.033040505
121711,0,0.033040583
121712,0,0.033040456
121713,0,0.033040546
121714,0,0.03304062
121715,0,0.033040635
121716,0,0.033040494
121717,0,0.033040546
121718,0,0.033040624
121719,0,0.033040524
121720,0,0.03304064
121721,0,0.0330407
121722,0,0.033040877
121723,0,0.033040747
121724,0,0.03304077
121725,0,0.033040658
121726,0,0.03304052
121727,0,0.033040784
121728,0,0.033040497
121729,0,0.033040337
121730,0,0.033040512
121731,0,0.033040337
121732,0,0.033040415
121733,0,0.03304047
121734,0,0.033040345
121735,0,0.03304054
121736,0,0.03304048
121737,0,0.033040375
121738,0,0.033040356
121739,0,0.033040356
121740,0,0.033040468
121741,0,0.033040505
121742,0,0.03304072
121743,0,0.033040453
121744,0,0.03304051
121745,0,0.033040725
121746,0,0.033040397
121747,0,0.033040494
121748,0,0.033040475
121749,0,0.033040553
121750,0,0.033040546
121751,0,0.03304057
121752,0,0.033040553
121753,0,0.03304068
121754,0,0.033040658
121755,0,0.03304055
121756,0,0.03304057
121757,0,0.033040695
121758,0,0.033040714
121759,0,0.03304071
121760,0,0.0330407
121761,0,0.033040673
121762,0,0.033040877
121763,0,0.03304053
121764,0,0.033040617
121765,0,0.03304048
121766,0,0.033040497
121767,0,0.03304053
121768,0,0.033040635
121769,0,0.033040747
121770,0,0.033040572
121771,0,0.033040687
121772,0,0.03304052
121773,0,0.033040505
121774,0,0.033040598
121775,0,0.033040386
121776,0,0.03304055
121777,0,0.033040434
121778,0,0.033040546
121779,0,0.033040494
121780,0,0.03304058
121781,0,0.03304069
121782,0,0.033040717
121783,0,0.033040524
121784,0,0.033040687
121785,0,0.03304077
121786,0,0.033040527
121787,0,0.03304073
121788,0,0.03304044
121789,0,0.03304049
121790,0,0.03304044
121791,0,0.03304041
121792,0,0.033040345
121793,0,0.03304039
121794,0,0.03304041
121795,0,0.033040367
121796,0,0.03304041
121797,0,0.033040464
121798,0,0.033040367
121799,0,0.033040393
121800,0,0.033040363
121801,0,0.033040404
121802,0,0.033040427
121803,0,0.033040404
121804,0,0.0330404
121805,0,0.03304041
121806,0,0.033040367
121807,0,0.03304041
121808,0,0.03304036
121809,0,0.033040352
121810,0,0.033040404
121811,0,0.033040434
121812,0,0.03304039
121813,0,0.033040367
121814,0,0.03304032
121815,0,0.033040494
121816,0,0.033040527
121817,0,0.03304056
121818,0,0.033040658
121819,0,0.033040665
121820,0,0.033040594
121821,0,0.03304059
121822,0,0.033040676
121823,0,0.03304072
121824,0,0.033040646
121825,0,0.03304084
121826,0,0.033040624
121827,0,0.0330408
121828,0,0.03304081
121829,0,0.033040788
121830,0,0.033040784
121831,0,0.033040676
121832,0,0.0330407
121833,0,0.033040658
121834,0,0.033040896
121835,0,0.03304076
121836,0,0.033040673
121837,0,0.033040743
121838,0,0.033040896
121839,0,0.033040717
121840,0,0.03304078
121841,0,0.033040646
121842,0,0.033040665
121843,0,0.033040818
121844,0,0.03304069
121845,0,0.033040557
121846,0,0.033040922
121847,0,0.033040952
121848,0,0.033040646
121849,0,0.03304121
121850,0,0.03304072
121851,0,0.033040546
121852,0,0.03304055
121853,0,0.033040788
121854,0,0.033040646
121855,0,0.033040978
121856,0,0.03304068
121857,0,0.03304059
121858,0,0.033040658
121859,0,0.03304067
121860,0,0.03304069
121861,0,0.033040717
121862,0,0.033041205
121863,0,0.0330408
121864,0,0.033040877
121865,0,0.033040825
121866,0,0.033040736
121867,0,0.033041246
121868,0,0.03304113
121869,0,0.033040997
121870,0,0.03304081
121871,0,0.03304096
121872,0,0.033041008
121873,0,0.033040818
121874,0,0.033041008
121875,0,0.03304096
121876,0,0.033040814
121877,0,0.03304086
121878,0,0.033040937
121879,0,0.033040684
121880,0,0.03304093
121881,0,0.033040814
121882,0,0.03304098
121883,0,0.03304102
121884,0,0.033040855
121885,0,0.033040747
121886,0,0.033040762
121887,0,0.0330409
121888,0,0.03304092
121889,0,0.03304095
121890,0,0.033040795
121891,0,0.033040944
121892,0,0.033040803
121893,0,0.033040803
121894,0,0.033041026
121895,0,0.03304069
121896,0,0.033040725
121897,0,0.0330409
121898,0,0.033040907
121899,0,0.033040866
121900,0,0.033040814
121901,0,0.033040762
121902,0,0.033040684
121903,0,0.03304066
121904,0,0.03304087
121905,0,0.033040833
121906,0,0.033040896
121907,0,0.03304134
121908,0,0.03304088
121909,0,0.033040795
121910,0,0.033040848
121911,0,0.03304093
121912,0,0.033041205
121913,0,0.033040863
121914,0,0.03304097
121915,0,0.03304087
121916,0,0.033040967
121917,0,0.033040922
121918,0,0.033040825
121919,0,0.0330409
121920,0,0.033040654
121921,0,0.03304075
121922,0,0.033040706
121923,0,0.03304076
121924,0,0.03304067
121925,0,0.033041093
121926,0,0.03304095
121927,0,0.03304068
121928,0,0.03304077
121929,0,0.033040952
121930,0,0.03304086
121931,0,0.03304076
121932,0,0.033040937
121933,0,0.033040836
121934,0,0.03304068
121935,0,0.033040687
121936,0,0.0330409
121937,0,0.033040907
121938,0,0.033040848
121939,0,0.033040725
121940,0,0.033041023
121941,0,0.0330407
121942,0,0.033040646
121943,0,0.033040762
121944,0,0.03304059
121945,0,0.033040777
121946,0,0.033040665
121947,0,0.033040546
121948,0,0.033040658
121949,0,0.033040754
121950,0,0.03304077
121951,0,0.03304073
121952,0,0.033040732
121953,0,0.033040516
121954,0,0.033040456
121955,0,0.033040464
121956,0,0.033040587
121957,0,0.03304034
121958,0,0.0330404
121959,0,0.033040386
121960,0,0.033040382
121961,0,0.033040356
121962,0,0.03304038
121963,0,0.033040356
121964,0,0.03304035
121965,0,0.033040386
121966,0,0.033040334
121967,0,0.033040464
121968,0,0.0330404
121969,0,0.03304045
121970,0,0.033040557
121971,0,0.033040762
121972,0,0.033040717
121973,0,0.033040624
121974,0,0.033040762
121975,0,0.03304077
121976,0,0.033040646
121977,0,0.033040714
121978,0,0.033040687
121979,0,0.03304067
121980,0,0.033040524
121981,0,0.033040702
121982,0,0.03304062
121983,0,0.0330406
121984,0,0.0330409
121985,0,0.033040702
121986,0,0.033040892
121987,0,0.033040773
121988,0,0.033040553
121989,0,0.033040598
121990,0,0.033040788
121991,0,0.033041205
121992,0,0.033040702
121993,0,0.03304098
121994,0,0.033041026
121995,0,0.033040754
121996,0,0.033040885
121997,0,0.033040807
121998,0,0.03304105
121999,0,0.03304087
122000,0,0.03304115
122001,0,0.033040788
122002,0,0.033040814
122003,0,0.033040762
122004,0,0.033041112
122005,0,0.033040874
122006,0,0.03304053
122007,0,0.033040904
122008,0,0.033040933
122009,0,0.0330408
122010,0,0.03304082
122011,0,0.033040915
122012,0,0.033040963
122013,0,0.033041023
122014,0,0.033040997
122015,0,0.03304078
122016,0,0.033040658
122017,0,0.033040803
122018,0,0.033040762
122019,0,0.033040684
122020,0,0.033040788
122021,0,0.033040754
122022,0,0.03304089
122023,0,0.033040848
122024,0,0.03304083
122025,0,0.0330407
122026,0,0.033040676
122027,0,0.03304072
122028,0,0.033040687
122029,0,0.03304067
122030,0,0.033040695
122031,0,0.033040747
122032,0,0.033040706
122033,0,0.033040743
122034,0,0.033040848
122035,0,0.033040795
122036,0,0.03304075
122037,0,0.033040754
122038,0,0.033040736
122039,0,0.03304073
122040,0,0.03304072
122041,0,0.033040658
122042,0,0.03304059
122043,0,0.033040706
122044,0,0.033040676
122045,0,0.03304069
122046,0,0.03304063
122047,0,0.033040915
122048,0,0.033040706
122049,0,0.033040784
122050,0,0.03304083
122051,0,0.033040754
122052,0,0.033040855
122053,0,0.03304095
122054,0,0.033040736
122055,0,0.033040833
122056,0,0.033040926
122057,0,0.033040863
122058,0,0.03304074
122059,0,0.033040576
122060,0,0.03304074
122061,0,0.033040594
122062,0,0.033040535
122063,0,0.03304039
122064,0,0.033040408
122065,0,0.033040427
122066,0,0.033040363
122067,0,0.033040315
122068,0,0.03304029
122069,0,0.03304042
122070,0,0.033040434
122071,0,0.03304055
122072,0,0.03304053
122073,0,0.0330406
122074,0,0.033040565
122075,0,0.03304045
122076,0,0.03304047
122077,0,0.033040255
122078,0,0.03304031
122079,0,0.03304034
122080,0,0.033040375
122081,0,0.033040304
122082,0,0.033040307
122083,0,0.033040345
122084,0,0.03304028
122085,0,0.033040255
122086,0,0.033040337
122087,0,0.033040334
122088,0,0.033040375
122089,0,0.03304037
122090,0,0.033040315
122091,0,0.033040375
122092,0,0.033040415
122093,0,0.033040367
122094,0,0.03304034
122095,0,0.03304035
122096,0,0.033040274
122097,0,0.033040285
122098,0,0.03304028
122099,0,0.033040293
122100,0,0.03304034
122101,0,0.03304025
122102,0,0.03304033
122103,0,0.03304032
122104,0,0.033040278
122105,0,0.033040263
122106,0,0.03304035
122107,0,0.033040334
122108,0,0.033040263
122109,0,0.033040367
122110,0,0.033040233
122111,0,0.03304028
122112,0,0.033040274
122113,0,0.033040266
122114,0,0.033040244
122115,0,0.0330403
122116,0,0.03304038
122117,0,0.03304033
122118,0,0.033040423
122119,0,0.033040278
122120,0,0.03304027
122121,0,0.03304032
122122,0,0.033040356
122123,0,0.033040322
122124,0,0.033040397
122125,0,0.03304035
122126,0,0.03304037
122127,0,0.033040293
122128,0,0.033040263
122129,0,0.03304028
122130,0,0.03304026
122131,0,0.033040237
122132,0,0.033040255
122133,0,0.03304031
122134,0,0.033040263
122135,0,0.033040255
122136,0,0.033040293
122137,0,0.033040296
122138,0,0.03304033
122139,0,0.033040248
122140,0,0.03304031
122141,0,0.03304038
122142,0,0.033040263
122143,0,0.03304032
122144,0,0.033040296
122145,0,0.033040233
122146,0,0.033040248
122147,0,0.033040375
122148,0,0.033040322
122149,0,0.033040278
122150,0,0.033040352
122151,0,0.033040296
122152,0,0.033040382
122153,0,0.03304033
122154,0,0.033040263
122155,0,0.033040226
122156,0,0.03304027
122157,0,0.0330403
122158,0,0.03304035
122159,0,0.033040352
122160,0,0.033040393
122161,0,0.03304034
122162,0,0.03304026
122163,0,0.033040278
122164,0,0.033040326
122165,0,0.033040375
122166,0,0.033040266
122167,0,0.033040237
122168,0,0.033040233
122169,0,0.033040293
122170,0,0.03304036
122171,0,0.033040255
122172,0,0.0330403
122173,0,0.03304025
122174,0,0.03304027
122175,0,0.0330403
122176,0,0.033040226
122177,0,0.03304025
122178,0,0.033040293
122179,0,0.03304026
122180,0,0.03304035
122181,0,0.033040226
122182,0,0.033040334
122183,0,0.03304034
122184,0,0.0330403
122185,0,0.03304031
122186,0,0.033040326
122187,0,0.03304033
122188,0,0.033040315
122189,0,0.033040266
122190,0,0.033040278
122191,0,0.033040278
122192,0,0.033040233
122193,0,0.033040274
122194,0,0.033040386
122195,0,0.033040285
122196,0,0.033040285
122197,0,0.033040255
122198,0,0.03304027
122199,0,0.033040296
122200,0,0.033040248
122201,0,0.033040274
122202,0,0.033040307
122203,0,0.033040285
122204,0,0.03304025
122205,0,0.033040326
122206,0,0.033040337
122207,0,0.03304034
122208,0,0.03304036
122209,0,0.033040322
122210,0,0.033040334
122211,0,0.033040397
122212,0,0.033040334
122213,0,0.033040375
122214,0,0.033040375
122215,0,0.033040382
122216,0,0.033040345
122217,0,0.03304032
122218,0,0.033040293
122219,0,0.033040296
122220,0,0.033040293
122221,0,0.033040203
122222,0,0.03304023
122223,0,0.03304036
122224,0,0.03304027
122225,0,0.033040285
122226,0,0.03304035
122227,0,0.03304028
122228,0,0.033040274
122229,0,0.0330403
122230,0,0.033040278
122231,0,0.03304024
122232,0,0.03304033
122233,0,0.033040326
122234,0,0.033040285
122235,0,0.033040274
122236,0,0.033040322
122237,0,0.033040345
122238,0,0.033040334
122239,0,0.0330404
122240,0,0.033040393
122241,0,0.033040438
122242,0,0.03304057
122243,0,0.0330404
122244,0,0.03304039
122245,0,0.033040304
122246,0,0.033040382
122247,0,0.033040248
122248,0,0.033040304
122249,0,0.03304037
122250,0,0.033040278
122251,0,0.033040322
122252,0,0.03304037
122253,0,0.033040334
122254,0,0.033040542
122255,0,0.03304047
122256,0,0.033040445
122257,0,0.033040404
122258,0,0.033040583
122259,0,0.03304057
122260,0,0.033040553
122261,0,0.03304081
122262,0,0.03304059
122263,0,0.03304067
122264,0,0.03304067
122265,0,0.03304059
122266,0,0.033040684
122267,0,0.033040594
122268,0,0.033040617
122269,0,0.03304062
122270,0,0.033041026
122271,0,0.03304074
122272,0,0.03304054
122273,0,0.033040702
122274,0,0.0330406
122275,0,0.033040583
122276,0,0.033040777
122277,0,0.033040725
122278,0,0.033040393
122279,0,0.033040453
122280,0,0.03304058
122281,0,0.033040438
122282,0,0.03304041
122283,0,0.03304071
122284,0,0.033040702
122285,0,0.03304071
122286,0,0.03304093
122287,0,0.033040594
122288,0,0.033040717
122289,0,0.03304078
122290,0,0.033040833
122291,0,0.03304083
122292,0,0.033040866
122293,0,0.033040807
122294,0,0.033040658
122295,0,0.03304076
122296,0,0.033040743
122297,0,0.033040676
122298,0,0.03304074
122299,0,0.033040587
122300,0,0.03304064
122301,0,0.033040673
122302,0,0.03304061
122303,0,0.03304068
122304,0,0.03304061
122305,0,0.03304071
122306,0,0.033040702
122307,0,0.033040635
122308,0,0.033040944
122309,0,0.033040818
122310,0,0.033040777
122311,0,0.033040524
122312,0,0.033040784
122313,0,0.033040754
122314,0,0.033040684
122315,0,0.03304069
122316,0,0.03304088
122317,0,0.033040773
122318,0,0.033041004
122319,0,0.033040646
122320,0,0.033040617
122321,0,0.03304077
122322,0,0.033040766
122323,0,0.03304083
122324,0,0.03304079
122325,0,0.03304073
122326,0,0.033040743
122327,0,0.03304076
122328,0,0.033040866
122329,0,0.033040673
122330,0,0.033040855
122331,0,0.03304072
122332,0,0.033040795
122333,0,0.033040702
122334,0,0.033040967
122335,0,0.0330407
122336,0,0.03304074
122337,0,0.033040892
122338,0,0.033040676
122339,0,0.03304058
122340,0,0.033040747
122341,0,0.033040643
122342,0,0.033040628
122343,0,0.03304081
122344,0,0.033040702
122345,0,0.033040565
122346,0,0.033040665
122347,0,0.033040907
122348,0,0.033040673
122349,0,0.03304064
122350,0,0.033040702
122351,0,0.03304082
122352,0,0.03304078
122353,0,0.033040706
122354,0,0.03304075
122355,0,0.03304075
122356,0,0.033040788
122357,0,0.033040646
122358,0,0.033040743
122359,0,0.033040628
122360,0,0.03304052
122361,0,0.033040572
122362,0,0.033040605
122363,0,0.03304056
122364,0,0.03304046
122365,0,0.03304042
122366,0,0.033040434
122367,0,0.033040382
122368,0,0.03304048
122369,0,0.033040706
122370,0,0.033040784
122371,0,0.03304062
122372,0,0.033040717
122373,0,0.033040725
122374,0,0.033040717
122375,0,0.03304082
122376,0,0.033040788
122377,0,0.03304071
122378,0,0.033040576
122379,0,0.03304067
122380,0,0.033040438
122381,0,0.033040617
122382,0,0.033040553
122383,0,0.033040583
122384,0,0.033040676
122385,0,0.033040553
122386,0,0.033040505
122387,0,0.033040516
122388,0,0.03304039
122389,0,0.03304033
122390,0,0.033040315
122391,0,0.033040293
122392,0,0.03304033
122393,0,0.033040427
122394,0,0.0330405
122395,0,0.033040322
122396,0,0.03304032
122397,0,0.033040274
122398,0,0.033040375
122399,0,0.03304033
122400,0,0.03304034
122401,0,0.033040486
122402,0,0.03304056
122403,0,0.033040497
122404,0,0.033040673
122405,0,0.03304085
122406,0,0.033040803
122407,0,0.033040743
122408,0,0.03304069
122409,0,0.033040732
122410,0,0.033040617
122411,0,0.033040717
122412,0,0.0330406
122413,0,0.033040702
122414,0,0.03304082
122415,0,0.033040736
122416,0,0.033040795
122417,0,0.033040926
122418,0,0.033040725
122419,0,0.03304061
122420,0,0.0330406
122421,0,0.033040814
122422,0,0.033040725
122423,0,0.033040676
122424,0,0.03304075
122425,0,0.03304065
122426,0,0.03304055
122427,0,0.033040624
122428,0,0.03304051
122429,0,0.033040587
122430,0,0.033040565
122431,0,0.033040546
122432,0,0.033040535
122433,0,0.033040438
122434,0,0.033040587
122435,0,0.03304046
122436,0,0.033040456
122437,0,0.03304062
122438,0,0.033040527
122439,0,0.033040393
122440,0,0.033040356
122441,0,0.03304034
122442,0,0.033040587
122443,0,0.033040375
122444,0,0.033040293
122445,0,0.03304037
122446,0,0.033040345
122447,0,0.033040207
122448,0,0.03304024
122449,0,0.03304028
122450,0,0.03304025
122451,0,0.033040266
122452,0,0.033040263
122453,0,0.03304029
122454,0,0.033040263
122455,0,0.03304031
122456,0,0.033040304
122457,0,0.03304028
122458,0,0.033040255
122459,0,0.03304033
122460,0,0.033040255
122461,0,0.033040255
122462,0,0.033040255
122463,0,0.033040226
122464,0,0.03304029
122465,0,0.033040296
122466,0,0.03304023
122467,0,0.033040248
122468,0,0.033040326
122469,0,0.03304034
122470,0,0.033040304
122471,0,0.03304022
122472,0,0.03304027
122473,0,0.03304027
122474,0,0.033040293
122475,0,0.03304022
122476,0,0.03304021
122477,0,0.033040248
122478,0,0.03304028
122479,0,0.033040237
122480,0,0.033040278
122481,0,0.033040226
122482,0,0.03304027
122483,0,0.03304023
122484,0,0.033040226
122485,0,0.033040304
122486,0,0.033040337
122487,0,0.033040255
122488,0,0.033040255
122489,0,0.033040214
122490,0,0.033040233
122491,0,0.033040207
122492,0,0.033040266
122493,0,0.033040266
122494,0,0.033040266
122495,0,0.033040278
122496,0,0.033040266
122497,0,0.03304031
122498,0,0.03304024
122499,0,0.03304026
122500,0,0.033040296
122501,0,0.03304024
122502,0,0.033040296
122503,0,0.033040233
122504,0,0.033040248
122505,0,0.03304034
122506,0,0.033040226
122507,0,0.033040248
122508,0,0.033040244
122509,0,0.033040233
122510,0,0.033040214
122511,0,0.033040192
122512,0,0.0330402
122513,0,0.033040226
122514,0,0.03304027
122515,0,0.033040285
122516,0,0.03304027
122517,0,0.03304022
122518,0,0.033040233
122519,0,0.033040233
122520,0,0.03304028
122521,0,0.033040214
122522,0,0.033040307
122523,0,0.033040218
122524,0,0.03304025
122525,0,0.03304032
122526,0,0.033040304
122527,0,0.033040367
122528,0,0.03304039
122529,0,0.033040356
122530,0,0.03304044
122531,0,0.03304035
122532,0,0.033040352
122533,0,0.033040334
122534,0,0.0330404
122535,0,0.033040386
122536,0,0.033040293
122537,0,0.03304046
122538,0,0.03304039
122539,0,0.033040285
122540,0,0.03304029
122541,0,0.033040274
122542,0,0.03304019
122543,0,0.033040248
122544,0,0.033040345
122545,0,0.033040244
122546,0,0.033040266
122547,0,0.033040296
122548,0,0.03304032
122549,0,0.033040415
122550,0,0.033040404
122551,0,0.033040427
122552,0,0.033040453
122553,0,0.033040404
122554,0,0.033040542
122555,0,0.033040404
122556,0,0.03304035
122557,0,0.033040468
122558,0,0.03304044
122559,0,0.03304043
122560,0,0.033040423
122561,0,0.033040598
122562,0,0.03304034
122563,0,0.03304052
122564,0,0.033040486
122565,0,0.033040497
122566,0,0.03304047
122567,0,0.033040408
122568,0,0.033040423
122569,0,0.03304048
122570,0,0.03304044
122571,0,0.03304053
122572,0,0.033040553
122573,0,0.03304061
122574,0,0.03304058
122575,0,0.033040546
122576,0,0.033040542
122577,0,0.03304051
122578,0,0.033040546
122579,0,0.033040427
122580,0,0.033040386
122581,0,0.0330404
122582,0,0.033040475
122583,0,0.033040512
122584,0,0.0330403
122585,0,0.033040307
122586,0,0.03304038
122587,0,0.0330404
122588,0,0.033040274
122589,0,0.033040382
122590,0,0.03304039
122591,0,0.033040535
122592,0,0.033040393
122593,0,0.033040397
122594,0,0.033040367
122595,0,0.03304046
122596,0,0.033040475
122597,0,0.033040468
122598,0,0.033040527
122599,0,0.033040646
122600,0,0.033040486
122601,0,0.033040326
122602,0,0.03304054
122603,0,0.033040553
122604,0,0.03304045
122605,0,0.03304049
122606,0,0.033040524
122607,0,0.03304048
122608,0,0.033040494
122609,0,0.033040397
122610,0,0.03304051
122611,0,0.033040572
122612,0,0.033040527
122613,0,0.033040453
122614,0,0.03304033
122615,0,0.033040386
122616,0,0.033040453
122617,0,0.033040456
122618,0,0.033040427
122619,0,0.03304044
122620,0,0.033040494
122621,0,0.033040524
122622,0,0.033040527
122623,0,0.03304054
122624,0,0.033040524
122625,0,0.03304053
122626,0,0.033040456
122627,0,0.03304052
122628,0,0.03304053
122629,0,0.03304052
122630,0,0.03304047
122631,0,0.03304043
122632,0,0.033040382
122633,0,0.033040393
122634,0,0.033040464
122635,0,0.033040565
122636,0,0.033040516
122637,0,0.033040468
122638,0,0.03304062
122639,0,0.033040427
122640,0,0.033040516
122641,0,0.03304052
122642,0,0.033040572
122643,0,0.033040635
122644,0,0.033040624
122645,0,0.033040687
122646,0,0.03304049
122647,0,0.033040628
122648,0,0.033040732
122649,0,0.033040464
122650,0,0.03304046
122651,0,0.03304062
122652,0,0.033040542
122653,0,0.033040553
122654,0,0.033040565
122655,0,0.03304047
122656,0,0.033040475
122657,0,0.033040643
122658,0,0.033040587
122659,0,0.03304058
122660,0,0.033040654
122661,0,0.033040505
122662,0,0.03304063
122663,0,0.03304059
122664,0,0.033040646
122665,0,0.033040628
122666,0,0.033040658
122667,0,0.03304061
122668,0,0.033040766
122669,0,0.0330406
122670,0,0.03304078
122671,0,0.03304059
122672,0,0.033040658
122673,0,0.033040572
122674,0,0.033040453
122675,0,0.033040743
122676,0,0.03304071
122677,0,0.03304061
122678,0,0.033040624
122679,0,0.0330406
122680,0,0.033040397
122681,0,0.03304057
122682,0,0.033040684
122683,0,0.033040605
122684,0,0.033040754
122685,0,0.033040524
122686,0,0.03304066
122687,0,0.033040687
122688,0,0.03304077
122689,0,0.033040762
122690,0,0.03304056
122691,0,0.033040684
122692,0,0.033040613
122693,0,0.033040587
122694,0,0.03304054
122695,0,0.033040695
122696,0,0.03304064
122697,0,0.03304044
122698,0,0.033040505
122699,0,0.033040583
122700,0,0.033040456
122701,0,0.03304082
122702,0,0.033040658
122703,0,0.03304091
122704,0,0.033040512
122705,0,0.033040565
122706,0,0.033040594
122707,0,0.03304064
122708,0,0.033040624
122709,0,0.033040553
122710,0,0.03304055
122711,0,0.033040624
122712,0,0.033040795
122713,0,0.033040438
122714,0,0.03304053
122715,0,0.03304045
122716,0,0.033040415
122717,0,0.033040375
122718,0,0.0330405
122719,0,0.033040464
122720,0,0.033040546
122721,0,0.03304045
122722,0,0.033040404
122723,0,0.03304038
122724,0,0.03304047
122725,0,0.033040456
122726,0,0.033040497
122727,0,0.033040557
122728,0,0.033040572
122729,0,0.033040453
122730,0,0.033040658
122731,0,0.033040475
122732,0,0.03304047
122733,0,0.033040565
122734,0,0.033040673
122735,0,0.033040557
122736,0,0.033040483
122737,0,0.033040367
122738,0,0.033040706
122739,0,0.033040646
122740,0,0.033040613
122741,0,0.03304058
122742,0,0.03304046
122743,0,0.033040438
122744,0,0.033040397
122745,0,0.0330404
122746,0,0.033040572
122747,0,0.03304046
122748,0,0.033040404
122749,0,0.033040408
122750,0,0.03304038
122751,0,0.033040546
122752,0,0.033040434
122753,0,0.03304047
122754,0,0.03304042
122755,0,0.033040415
122756,0,0.033040427
122757,0,0.03304047
122758,0,0.033040427
122759,0,0.033040464
122760,0,0.03304046
122761,0,0.03304049
122762,0,0.03304039
122763,0,0.033040486
122764,0,0.033040456
122765,0,0.033040434
122766,0,0.033040546
122767,0,0.033040516
122768,0,0.033040453
122769,0,0.033040594
122770,0,0.033040527
122771,0,0.033040512
122772,0,0.033040695
122773,0,0.033040516
122774,0,0.033040464
122775,0,0.033040516
122776,0,0.03304055
122777,0,0.033040635
122778,0,0.03304059
122779,0,0.033040598
122780,0,0.0330406
122781,0,0.03304054
122782,0,0.033040695
122783,0,0.033040527
122784,0,0.033040557
122785,0,0.033040583
122786,0,0.033040468
122787,0,0.033040535
122788,0,0.033040576
122789,0,0.03304058
122790,0,0.033040587
122791,0,0.033040684
122792,0,0.03304057
122793,0,0.03304068
122794,0,0.033040594
122795,0,0.03304059
122796,0,0.033040714
122797,0,0.033040576
122798,0,0.033040605
122799,0,0.0330406
122800,0,0.033040505
122801,0,0.033040505
122802,0,0.033040505
122803,0,0.03304061
122804,0,0.03304054
122805,0,0.03304078
122806,0,0.033040483
122807,0,0.03304058
122808,0,0.033040505
122809,0,0.03304053
122810,0,0.03304058
122811,0,0.033040617
122812,0,0.033040512
122813,0,0.03304049
122814,0,0.03304057
122815,0,0.033040445
122816,0,0.03304072
122817,0,0.033040598
122818,0,0.033040598
122819,0,0.03304075
122820,0,0.0330405
122821,0,0.033040594
122822,0,0.033040546
122823,0,0.03304052
122824,0,0.033040542
122825,0,0.033040643
122826,0,0.033040702
122827,0,0.033040483
122828,0,0.03304062
122829,0,0.0330405
122830,0,0.033040404
122831,0,0.033040352
122832,0,0.03304047
122833,0,0.033040643
122834,0,0.03304049
122835,0,0.03304047
122836,0,0.033040382
122837,0,0.0330404
122838,0,0.03304042
122839,0,0.033040453
122840,0,0.033040497
122841,0,0.033040434
122842,0,0.033040527
122843,0,0.03304049
122844,0,0.033040494
122845,0,0.033040542
122846,0,0.033040475
122847,0,0.033040397
122848,0,0.03304051
122849,0,0.033040475
122850,0,0.03304048
122851,0,0.03304053
122852,0,0.033040408
122853,0,0.033040497
122854,0,0.033040375
122855,0,0.033040356
122856,0,0.033040427
122857,0,0.033040404
122858,0,0.03304043
122859,0,0.033040438
122860,0,0.033040356
122861,0,0.033040423
122862,0,0.03304038
122863,0,0.033040427
122864,0,0.033040434
122865,0,0.033040464
122866,0,0.033040565
122867,0,0.03304049
122868,0,0.03304048
122869,0,0.03304043
122870,0,0.03304051
122871,0,0.03304042
122872,0,0.033040594
122873,0,0.03304045
122874,0,0.033040464
122875,0,0.033040453
122876,0,0.033040468
122877,0,0.03304045
122878,0,0.033040445
122879,0,0.033040427
122880,0,0.033040456
122881,0,0.033040475
122882,0,0.033040434
122883,0,0.033040464
122884,0,0.03304051
122885,0,0.033040423
122886,0,0.03304037
122887,0,0.033040408
122888,0,0.033040382
122889,0,0.033040326
122890,0,0.03304051
122891,0,0.033040415
122892,0,0.033040356
122893,0,0.033040408
122894,0,0.033040404
122895,0,0.03304047
122896,0,0.03304061
122897,0,0.033040415
122898,0,0.033040494
122899,0,0.033040747
122900,0,0.033040687
122901,0,0.03304055
122902,0,0.03304057
122903,0,0.033040665
122904,0,0.033040375
122905,0,0.0330405
122906,0,0.03304045
122907,0,0.03304057
122908,0,0.033040654
122909,0,0.033040512
122910,0,0.033040475
122911,0,0.033040494
122912,0,0.033040464
122913,0,0.03304046
122914,0,0.033040524
122915,0,0.03304047
122916,0,0.033040456
122917,0,0.033040546
122918,0,0.033040415
122919,0,0.033040423
122920,0,0.033040486
122921,0,0.03304044
122922,0,0.033040617
122923,0,0.033040505
122924,0,0.033040408
122925,0,0.03304044
122926,0,0.033040408
122927,0,0.033040263
122928,0,0.03304033
122929,0,0.033040233
122930,0,0.03304028
122931,0,0.033040386
122932,0,0.033040408
122933,0,0.033040546
122934,0,0.033040397
122935,0,0.033040382
122936,0,0.033040334
122937,0,0.033040512
122938,0,0.033040337
122939,0,0.033040617
122940,0,0.033040434
122941,0,0.033040438
122942,0,0.03304068
122943,0,0.033040475
122944,0,0.033040535
122945,0,0.033040527
122946,0,0.033040524
122947,0,0.03304051
122948,0,0.033040415
122949,0,0.033040524
122950,0,0.033040486
122951,0,0.033040427
122952,0,0.033040345
122953,0,0.033040453
122954,0,0.03304038
122955,0,0.03304035
122956,0,0.033040397
122957,0,0.033040404
122958,0,0.033040296
122959,0,0.033040266
122960,0,0.033040248
122961,0,0.033040363
122962,0,0.033040326
122963,0,0.033040456
122964,0,0.033040304
122965,0,0.0330405
122966,0,0.033040434
122967,0,0.033040363
122968,0,0.033040393
122969,0,0.03304051
122970,0,0.03304068
122971,0,0.033040598
122972,0,0.033040456
122973,0,0.033040382
122974,0,0.03304031
122975,0,0.03304041
122976,0,0.033040635
122977,0,0.033040516
122978,0,0.033040617
122979,0,0.033040542
122980,0,0.03304052
122981,0,0.03304057
122982,0,0.033040587
122983,0,0.03304066
122984,0,0.033040512
122985,0,0.033040702
122986,0,0.03304052
122987,0,0.03304056
122988,0,0.03304059
122989,0,0.033040576
122990,0,0.03304054
122991,0,0.03304098
122992,0,0.03304064
122993,0,0.03304059
122994,0,0.033040676
122995,0,0.03304065
122996,0,0.033040565
122997,0,0.033040576
122998,0,0.033040617
122999,0,0.03304035
123000,0,0.03304041
123001,0,0.03304046
123002,0,0.033040598
123003,0,0.03304044
123004,0,0.033040542
123005,0,0.033040594
123006,0,0.03304076
123007,0,0.033040427
123008,0,0.033040516
123009,0,0.033040393
123010,0,0.033040605
123011,0,0.033040557
123012,0,0.033040613
123013,0,0.03304066
123014,0,0.033040676
123015,0,0.033040643
123016,0,0.033040423
123017,0,0.033040553
123018,0,0.033040516
123019,0,0.033040725
123020,0,0.03304056
123021,0,0.03304052
123022,0,0.033040445
123023,0,0.0330405
123024,0,0.033040423
123025,0,0.03304063
123026,0,0.033040587
123027,0,0.03304069
123028,0,0.03304042
123029,0,0.033040415
123030,0,0.033040404
123031,0,0.033040397
123032,0,0.033040393
123033,0,0.033040445
123034,0,0.033040415
123035,0,0.033040434
123036,0,0.03304056
123037,0,0.03304058
123038,0,0.033040456
123039,0,0.033040572
123040,0,0.03304064
123041,0,0.033040546
123042,0,0.033040576
123043,0,0.033040535
123044,0,0.033040553
123045,0,0.03304047
123046,0,0.033040572
123047,0,0.033040673
123048,0,0.033040848
123049,0,0.033040546
123050,0,0.033040777
123051,0,0.033040565
123052,0,0.03304053
123053,0,0.033040486
123054,0,0.033040598
123055,0,0.033040646
123056,0,0.03304065
123057,0,0.033040572
123058,0,0.033040494
123059,0,0.03304051
123060,0,0.033040438
123061,0,0.0330405
123062,0,0.03304061
123063,0,0.033040654
123064,0,0.033040557
123065,0,0.033040725
123066,0,0.033040684
123067,0,0.03304078
123068,0,0.03304066
123069,0,0.033040535
123070,0,0.033040635
123071,0,0.033040512
123072,0,0.033040423
123073,0,0.033040464
123074,0,0.033040497
123075,0,0.03304062
123076,0,0.033040337
123077,0,0.033040468
123078,0,0.033040375
123079,0,0.033040337
123080,0,0.0330403
123081,0,0.033040404
123082,0,0.033040322
123083,0,0.033040274
123084,0,0.033040352
123085,0,0.033040266
123086,0,0.033040248
123087,0,0.033040352
123088,0,0.033040363
123089,0,0.033040345
123090,0,0.03304029
123091,0,0.03304034
123092,0,0.033040445
123093,0,0.033040397
123094,0,0.033040505
123095,0,0.03304038
123096,0,0.03304036
123097,0,0.03304034
123098,0,0.033040237
123099,0,0.03304027
123100,0,0.03304026
123101,0,0.03304023
123102,0,0.033040322
123103,0,0.033040375
123104,0,0.03304028
123105,0,0.03304039
123106,0,0.033040244
123107,0,0.03304035
123108,0,0.033040337
123109,0,0.033040345
123110,0,0.033040207
123111,0,0.033040404
123112,0,0.03304028
123113,0,0.033040386
123114,0,0.03304036
123115,0,0.03304026
123116,0,0.033040226
123117,0,0.03304024
123118,0,0.033040233
123119,0,0.033040397
123120,0,0.03304034
123121,0,0.033040334
123122,0,0.033040315
123123,0,0.033040274
123124,0,0.03304026
123125,0,0.033040263
123126,0,0.033040278
123127,0,0.033040266
123128,0,0.03304022
123129,0,0.033040244
123130,0,0.033040266
123131,0,0.033040218
123132,0,0.033040226
123133,0,0.033040356
123134,0,0.033040367
123135,0,0.033040322
123136,0,0.033040237
123137,0,0.03304031
123138,0,0.033040285
123139,0,0.033040315
123140,0,0.033040315
123141,0,0.033040445
123142,0,0.033040468
123143,0,0.03304046
123144,0,0.03304039
123145,0,0.033040296
123146,0,0.0330403
123147,0,0.03304027
123148,0,0.03304029
123149,0,0.033040352
123150,0,0.03304025
123151,0,0.03304027
123152,0,0.033040307
123153,0,0.033040285
123154,0,0.033040445
123155,0,0.033040375
123156,0,0.033040248
123157,0,0.033040296
123158,0,0.0330403
123159,0,0.033040266
123160,0,0.03304027
123161,0,0.033040293
123162,0,0.03304026
123163,0,0.03304032
123164,0,0.03304028
123165,0,0.03304024
123166,0,0.03304026
123167,0,0.033040278
123168,0,0.033040434
123169,0,0.033040468
123170,0,0.03304031
123171,0,0.033040315
123172,0,0.03304035
123173,0,0.03304035
123174,0,0.033040326
123175,0,0.033040375
123176,0,0.03304035
123177,0,0.033040393
123178,0,0.033040244
123179,0,0.03304027
123180,0,0.033040393
123181,0,0.03304029
123182,0,0.033040296
123183,0,0.033040263
123184,0,0.033040233
123185,0,0.033040315
123186,0,0.033040296
123187,0,0.03304033
123188,0,0.033040293
123189,0,0.03304034
123190,0,0.033040248
123191,0,0.03304028
123192,0,0.033040248
123193,0,0.03304035
123194,0,0.03304028
123195,0,0.03304025
123196,0,0.033040263
123197,0,0.03304022
123198,0,0.033040285
123199,0,0.03304035
123200,0,0.033040345
123201,0,0.03304033
123202,0,0.033040285
123203,0,0.033040266
123204,0,0.033040304
123205,0,0.03304024
123206,0,0.033040278
123207,0,0.03304032
123208,0,0.033040296
123209,0,0.03304027
123210,0,0.03304025
123211,0,0.03304025
123212,0,0.033040266
123213,0,0.033040263
123214,0,0.033040248
123215,0,0.03304023
123216,0,0.033040274
123217,0,0.033040296
123218,0,0.03304028
123219,0,0.033040263
123220,0,0.03304024
123221,0,0.033040266
123222,0,0.033040244
123223,0,0.033040393
123224,0,0.033040315
123225,0,0.033040293
123226,0,0.033040375
123227,0,0.03304037
123228,0,0.033040334
123229,0,0.03304034
123230,0,0.033040363
123231,0,0.03304038
123232,0,0.0330404
123233,0,0.0330403
123234,0,0.03304049
123235,0,0.033040356
123236,0,0.0330404
123237,0,0.03304034
123238,0,0.033040464
123239,0,0.03304041
123240,0,0.033040423
123241,0,0.03304036
123242,0,0.033040483
123243,0,0.03304058
123244,0,0.03304054
123245,0,0.033040382
123246,0,0.03304052
123247,0,0.033040598
123248,0,0.033040684
123249,0,0.033040624
123250,0,0.033040565
123251,0,0.033040486
123252,0,0.033040665
123253,0,0.033040535
123254,0,0.033040706
123255,0,0.033040725
123256,0,0.03304077
123257,0,0.033040542
123258,0,0.03304066
123259,0,0.03304057
123260,0,0.03304058
123261,0,0.033040438
123262,0,0.033040415
123263,0,0.033040445
123264,0,0.033040192
123265,0,0.03304023
123266,0,0.033040244
123267,0,0.033040266
123268,0,0.033040244
123269,0,0.03304025
123270,0,0.033040263
123271,0,0.033040214
123272,0,0.033040237
123273,0,0.033040214
123274,0,0.033040248
123275,0,0.033040255
123276,0,0.033040248
123277,0,0.033040233
123278,0,0.03304022
123279,0,0.033040203
123280,0,0.0330402
123281,0,0.033040218
123282,0,0.033040244
123283,0,0.033040244
123284,0,0.03304024
123285,0,0.033040293
123286,0,0.033040218
123287,0,0.03304024
123288,0,0.033040226
123289,0,0.03304027
123290,0,0.033040244
123291,0,0.033040285
123292,0,0.033040322
123293,0,0.03304043
123294,0,0.03304042
123295,0,0.033040263
123296,0,0.03304027
123297,0,0.0330403
123298,0,0.0330403
123299,0,0.033040266
123300,0,0.033040315
123301,0,0.033040352
123302,0,0.033040274
123303,0,0.033040237
123304,0,0.03304027
123305,0,0.033040404
123306,0,0.033040248
123307,0,0.03304023
123308,0,0.033040255
123309,0,0.03304029
123310,0,0.033040304
123311,0,0.03304036
123312,0,0.03304035
123313,0,0.033040263
123314,0,0.03304051
123315,0,0.033040524
123316,0,0.03304042
123317,0,0.033040367
123318,0,0.0330403
123319,0,0.033040356
123320,0,0.033040464
123321,0,0.033040464
123322,0,0.03304025
123323,0,0.033040274
123324,0,0.03304038
123325,0,0.033040278
123326,0,0.033040375
123327,0,0.033040285
123328,0,0.033040263
123329,0,0.033040322
123330,0,0.033040345
123331,0,0.03304031
123332,0,0.033040307
123333,0,0.033040285
123334,0,0.033040352
123335,0,0.033040244
123336,0,0.033040263
123337,0,0.033040255
123338,0,0.033040233
123339,0,0.033040266
123340,0,0.033040248
123341,0,0.033040285
123342,0,0.03304033
123343,0,0.033040255
123344,0,0.033040285
123345,0,0.033040255
123346,0,0.033040404
123347,0,0.033040307
123348,0,0.03304053
123349,0,0.03304036
123350,0,0.033040356
123351,0,0.033040386
123352,0,0.03304047
123353,0,0.0330405
123354,0,0.03304049
123355,0,0.033040293
123356,0,0.033040386
123357,0,0.033040434
123358,0,0.03304049
123359,0,0.03304062
123360,0,0.033040747
123361,0,0.033040497
123362,0,0.03304044
123363,0,0.033040494
123364,0,0.03304073
123365,0,0.03304064
123366,0,0.03304081
123367,0,0.03304042
123368,0,0.033040486
123369,0,0.03304056
123370,0,0.03304067
123371,0,0.03304086
123372,0,0.03304075
123373,0,0.033040743
123374,0,0.033040687
123375,0,0.03304051
123376,0,0.03304076
123377,0,0.0330407
123378,0,0.033040788
123379,0,0.033040766
123380,0,0.03304081
123381,0,0.033040706
123382,0,0.033040788
123383,0,0.033040743
123384,0,0.033040714
123385,0,0.033040598
123386,0,0.033040617
123387,0,0.03304063
123388,0,0.03304064
123389,0,0.033040702
123390,0,0.0330408
123391,0,0.033040438
123392,0,0.033040456
123393,0,0.033040557
123394,0,0.033040788
123395,0,0.033040613
123396,0,0.03304085
123397,0,0.033040803
123398,0,0.033040725
123399,0,0.033040397
123400,0,0.03304061
123401,0,0.033040643
123402,0,0.03304055
123403,0,0.033040572
123404,0,0.03304029
123405,0,0.03304028
123406,0,0.03304024
123407,0,0.033040278
123408,0,0.033040248
123409,0,0.03304037
123410,0,0.033040307
123411,0,0.033040274
123412,0,0.033040248
123413,0,0.03304027
123414,0,0.033040255
123415,0,0.03304023
123416,0,0.033040274
123417,0,0.03304033
123418,0,0.03304026
123419,0,0.03304027
123420,0,0.033040244
123421,0,0.033040274
123422,0,0.033040266
123423,0,0.03304036
123424,0,0.03304025
123425,0,0.03304029
123426,0,0.03304036
123427,0,0.033040375
123428,0,0.033040415
123429,0,0.033040393
123430,0,0.033040285
123431,0,0.033040345
123432,0,0.0330404
123433,0,0.033040512
123434,0,0.03304044
123435,0,0.033040535
123436,0,0.03304053
123437,0,0.033040475
123438,0,0.033040572
123439,0,0.033040665
123440,0,0.03304056
123441,0,0.033040643
123442,0,0.033040583
123443,0,0.03304073
123444,0,0.033040814
123445,0,0.033040863
123446,0,0.033040836
123447,0,0.03304053
123448,0,0.033040673
123449,0,0.033040676
123450,0,0.033040803
123451,0,0.03304079
123452,0,0.033040598
123453,0,0.033040635
123454,0,0.03304053
123455,0,0.03304066
123456,0,0.03304069
123457,0,0.033040676
123458,0,0.03304081
123459,0,0.03304081
123460,0,0.033040818
123461,0,0.033040844
123462,0,0.033040743
123463,0,0.033040524
123464,0,0.03304087
123465,0,0.033041023
123466,0,0.03304079
123467,0,0.033040933
123468,0,0.033041
123469,0,0.03304098
123470,0,0.033040795
123471,0,0.033040743
123472,0,0.033040732
123473,0,0.033040762
123474,0,0.033040725
123475,0,0.033040684
123476,0,0.033040743
123477,0,0.033040628
123478,0,0.03304093
123479,0,0.03304069
123480,0,0.033040732
123481,0,0.033040896
123482,0,0.033041127
123483,0,0.033040952
123484,0,0.03304104
123485,0,0.033040706
123486,0,0.03304082
123487,0,0.033040814
123488,0,0.033040993
123489,0,0.033040445
123490,0,0.03304082
123491,0,0.033040777
123492,0,0.033040643
123493,0,0.033040676
123494,0,0.033040673
123495,0,0.033040546
123496,0,0.033040456
123497,0,0.033040468
123498,0,0.03304039
123499,0,0.03304036
123500,0,0.033040505
123501,0,0.03304041
123502,0,0.03304043
123503,0,0.033040695
123504,0,0.03304043
123505,0,0.033040635
123506,0,0.033040404
123507,0,0.03304033
123508,0,0.033040408
123509,0,0.033040475
123510,0,0.0330405
123511,0,0.0330405
123512,0,0.033040546
123513,0,0.033040624
123514,0,0.0330405
123515,0,0.033041283
123516,0,0.033040613
123517,0,0.033040613
123518,0,0.033040714
123519,0,0.03304062
123520,0,0.03304062
123521,0,0.03304062
123522,0,0.03304062
123523,0,0.03304062
123524,0,0.03304065
123525,0,0.03304065
123526,0,0.03304065
123527,0,0.03304065
123528,0,0.03304065
123529,0,0.03304065
123530,0,0.03304064
123531,0,0.033040784
123532,0,0.033040784
123533,0,0.033040557
123534,0,0.033040557
123535,0,0.033040557
123536,0,0.03304047
123537,0,0.03304047
123538,0,0.03304046
123539,0,0.03304046
123540,0,0.03304046
123541,0,0.03304047
123542,0,0.03304047
123543,0,0.03304047
123544,0,0.03304047
123545,0,0.03304047
123546,0,0.033040524
123547,0,0.033040524
123548,0,0.033040524
123549,0,0.033040524
123550,0,0.03304053
123551,0,0.033040535
123552,0,0.03304052
123553,0,0.03304039
123554,0,0.033040345
123555,0,0.03304036
123556,0,0.033040326
123557,0,0.033040337
123558,0,0.033040274
123559,0,0.03304029
123560,0,0.033040293
123561,0,0.0330404
123562,0,0.033040408
123563,0,0.033040285
123564,0,0.033040263
123565,0,0.03304023
123566,0,0.033040207
123567,0,0.03304023
123568,0,0.033040382
123569,0,0.03304026
123570,0,0.033040285
123571,0,0.03304023
123572,0,0.033040214
123573,0,0.03304035
123574,0,0.033040248
123575,0,0.033040304
123576,0,0.033040352
123577,0,0.03304033
123578,0,0.033040285
123579,0,0.03304025
123580,0,0.033040244
123581,0,0.033040315
123582,0,0.033040233
123583,0,0.03304021
123584,0,0.033040226
123585,0,0.03304021
123586,0,0.03304035
123587,0,0.033040237
123588,0,0.03304023
123589,0,0.03304024
123590,0,0.033040285
123591,0,0.033040218
123592,0,0.03304031
123593,0,0.03304023
123594,0,0.033040266
123595,0,0.0330404
123596,0,0.0330404
123597,0,0.033040535
123598,0,0.03304052
123599,0,0.03304052
123600,0,0.03304052
123601,0,0.03304052
123602,0,0.033040307
123603,0,0.033040307
123604,0,0.033040307
123605,0,0.033040307
123606,0,0.033040307
123607,0,0.033040307
123608,0,0.03304033
123609,0,0.033040307
123610,0,0.033040307
123611,0,0.033040307
123612,0,0.033040427
123613,0,0.033040427
123614,0,0.033040438
123615,0,0.03304045
123616,0,0.03304045
123617,0,0.03304045
123618,0,0.03304045
123619,0,0.03304045
123620,0,0.03304045
123621,0,0.033040456
123622,0,0.033040486
123623,0,0.033040486
123624,0,0.033040464
123625,0,0.033040464
123626,0,0.033040367
123627,0,0.033040367
123628,0,0.033040237
123629,0,0.033040237
123630,0,0.033040278
123631,0,0.033040278
123632,0,0.033040278
123633,0,0.033040278
123634,0,0.03304023
123635,0,0.033040248
123636,0,0.0330402
123637,0,0.0330402
123638,0,0.033040214
123639,0,0.03304022
123640,0,0.033040248
123641,0,0.033040255
123642,0,0.033040218
123643,0,0.033040274
123644,0,0.03304031
123645,0,0.03304031
123646,0,0.03304029
123647,0,0.03304029
123648,0,0.03304029
123649,0,0.03304029
123650,0,0.03304029
123651,0,0.03304029
123652,0,0.033040356
123653,0,0.033040363
123654,0,0.033040624
123655,0,0.033040624
123656,0,0.033040427
123657,0,0.033040427
123658,0,0.033040427
123659,0,0.033040427
123660,0,0.033040438
123661,0,0.03304036
123662,0,0.03304036
123663,0,0.03304036
123664,0,0.03304036
123665,0,0.03304036
123666,0,0.03304036
123667,0,0.033040356
123668,0,0.033040356
123669,0,0.033040356
123670,0,0.033040356
123671,0,0.033040628
123672,0,0.033040628
123673,0,0.033040628
123674,0,0.033040628
123675,0,0.033040628
123676,0,0.03304063
123677,0,0.033040423
123678,0,0.033040423
123679,0,0.033040423
123680,0,0.033040423
123681,0,0.033040423
123682,0,0.033040423
123683,0,0.033040423
123684,0,0.033040423
123685,0,0.033040434
123686,0,0.033040434
123687,0,0.033040565
123688,0,0.033040565
123689,0,0.033040565
123690,0,0.033040565
123691,0,0.03304057
123692,0,0.03304057
123693,0,0.03304057
123694,0,0.033040557
123695,0,0.033040557
123696,0,0.033040572
123697,0,0.03304055
123698,0,0.03304055
123699,0,0.03304055
123700,0,0.03304055
123701,0,0.03304042
123702,0,0.03304042
123703,0,0.03304042
123704,0,0.03304042
123705,0,0.03304042
123706,0,0.033040408
123707,0,0.033040415
123708,0,0.033040415
123709,0,0.033040415
123710,0,0.033040415
123711,0,0.033040587
123712,0,0.033040587
123713,0,0.03304061
123714,0,0.03304061
123715,0,0.03304061
123716,0,0.03304061
123717,0,0.03304056
123718,0,0.03304056
123719,0,0.033040565
123720,0,0.033040598
123721,0,0.033040598
123722,0,0.03304061
123723,0,0.03304061
123724,0,0.03304061
123725,0,0.03304061
123726,0,0.033040613
123727,0,0.033040613
123728,0,0.033040613
123729,0,0.033040613
123730,0,0.033040613
123731,0,0.033040613
123732,0,0.033040617
123733,0,0.033040617
123734,0,0.0330406
123735,0,0.03304055
123736,0,0.03304055
123737,0,0.03304055
123738,0,0.03304055
123739,0,0.03304055
123740,0,0.03304055
123741,0,0.03304055
123742,0,0.033040512
123743,0,0.033040136
123744,0,0.033040136
123745,0,0.033040136
123746,0,0.033040136
123747,0,0.033040136
123748,0,0.033040136
123749,0,0.03304014
123750,0,0.17624566
123751,0,0.17624566
123752,0,0.17624566
123753,0,0.17624566
123754,0,0.17624566
123755,0,0.17624566
123756,0,0.17624566
123757,0,0.17624566
123758,0,0.17624566
123759,0,0.17624566
123760,0,0.17624566
123761,0,0.17624566
123762,0,0.17624566
123763,0,0.17624566
123764,0,0.17624566
123765,0,0.17624566
123766,0,0.17624566
123767,0,0.17624566
123768,0,0.17624566
123769,0,0.17624566
123770,0,0.17624566
123771,0,0.17624566
123772,0,0.17624566
123773,0,0.17624566
123774,0,0.17624566
123775,0,0.17624566
123776,0,0.17624566
123777,0,0.17624566
123778,0,0.17624566
123779,0,0.17624566
123780,0,0.17624566
123781,0,0.17624566
123782,0,0.17624566
123783,0,0.17624566
123784,0,0.17624566
123785,0,0.17624566
123786,0,0.17624566
123787,0,0.17624566
123788,0,0.17624566
123789,0,0.17624566
123790,0,0.17624566
123791,0,0.17624566
123792,0,0.17624566
123793,0,0.17624566
123794,0,0.17624566
123795,0,0.17624566
123796,0,0.17624566
123797,0,0.17624566
123798,0,0.17624566
123799,0,0.17624566
123800,0,0.17624566
123801,0,0.17624566
123802,0,0.17624566
123803,0,0.17624566
123804,0,0.17624566
123805,0,0.17624566
123806,0,0.17624566
123807,0,0.17624566
123808,0,0.17624566
123809,0,0.17624566
123810,0,0.17624566
123811,0,0.17624566
123812,0,0.17624566
123813,0,0.17624566
123814,0,0.17624566
123815,0,0.17624566
123816,0,0.17624566
123817,0,0.17624566
123818,0,0.17624566
123819,0,0.17624566
123820,0,0.17624566
123821,0,0.17624566
123822,0,0.17624566
123823,0,0.17624566
123824,0,0.17624566
123825,0,0.17624566
123826,0,0.17624566
123827,0,0.17624566
123828,0,0.17624566
123829,0,0.17624566
123830,0,0.17624566
123831,0,0.17624566
123832,0,0.17624566
123833,0,0.17624566
123834,0,0.17624566
123835,0,0.17624566
123836,0,0.17624566
123837,0,0.17624566
123838,0,0.17624566
123839,0,0.17624566
123840,0,0.17624566
123841,0,0.17624566
123842,0,0.17624566
123843,0,0.17624566
123844,0,0.17624566
123845,0,0.17624566
123846,0,0.17624566
123847,0,0.17624566
123848,0,0.17624566
123849,0,0.17624566
123850,0,0.17624566
123851,0,0.17624566
123852,0,0.17624566
123853,0,0.17624566
123854,0,0.17624566
123855,0,0.17624566
123856,0,0.17624566
123857,0,0.17624566
123858,0,0.17624566
123859,0,0.17624566
123860,0,0.17624566
123861,0,0.17624566
123862,0,0.17624566
123863,0,0.17624566
123864,0,0.17624566
123865,0,0.17624566
123866,0,0.17624566
123867,0,0.17624566
123868,0,0.17624566
123869,0,0.17624566
123870,0,0.17624566
123871,0,0.17624566
123872,0,0.17624566
123873,0,0.17624566
123874,0,0.17624566
123875,0,0.17624566
123876,0,0.17624566
123877,0,0.17624566
123878,0,0.17624566
123879,0,0.17624566
123880,0,0.17624566
123881,0,0.17624566
123882,0,0.17624566
123883,0,0.17624566
123884,0,0.17624566
123885,0,0.17624566
123886,0,0.17624566
123887,0,0.17624566
123888,0,0.17624566
123889,0,0.17624566
123890,0,0.17624566
123891,0,0.17624566
123892,0,0.17624566
123893,0,0.17624566
123894,0,0.17624566
123895,0,0.17624566
123896,0,0.17624566
123897,0,0.17624566
123898,0,0.17624566
123899,0,0.17624566
123900,0,0.17624566
123901,0,0.17624566
123902,0,0.17624566
123903,0,0.17624566
123904,0,0.17624566
123905,0,0.17624566
123906,0,0.17624566
123907,0,0.17624566
123908,0,0.17624566
123909,0,0.17624566
123910,0,0.17624566
123911,0,0.17624566
123912,0,0.17624566
123913,0,0.17624566
123914,0,0.17624566
123915,0,0.17624566
123916,0,0.17624566
123917,0,0.17624566
123918,0,0.17624566
123919,0,0.17624566
123920,0,0.17624566
123921,0,0.17624566
123922,0,0.17624566
123923,0,0.17624566
123924,0,0.17624566
123925,0,0.17624566
123926,0,0.17624566
123927,0,0.17624566
123928,0,0.17624566
123929,0,0.17624566
123930,0,0.17624566
123931,0,0.17624566
123932,0,0.17624566
123933,0,0.17624566
123934,0,0.17624566
123935,0,0.17624566
123936,0,0.17624566
123937,0,0.17624566
123938,0,0.17624566
123939,0,0.17624566
123940,0,0.17624566
123941,0,0.17624566
123942,0,0.17624566
123943,0,0.17624566
123944,0,0.17624566
123945,0,0.17624566
123946,0,0.17624566
123947,0,0.17624566
123948,0,0.17624566
123949,0,0.17624566
123950,0,0.17624566
123951,0,0.17624566
123952,0,0.17624566
123953,0,0.17624566
123954,0,0.17624566
123955,0,0.17624566
123956,0,0.17624566
123957,0,0.17624566
123958,0,0.17624566
123959,0,0.17624566
123960,0,0.17624566
123961,0,0.17624566
123962,0,0.17624566
123963,0,0.17624566
123964,0,0.17624566
123965,0,0.17624566
123966,0,0.17624566
123967,0,0.17624566
123968,0,0.17624566
123969,0,0.17624566
123970,0,0.17624566
123971,0,0.17624566
123972,0,0.17624566
123973,0,0.17624566
123974,0,0.17624566
123975,0,0.17624566
123976,0,0.17624566
123977,0,0.17624566
123978,0,0.17624566
123979,0,0.17624566
123980,0,0.17624566
123981,0,0.17624566
123982,0,0.17624566
123983,0,0.17624566
123984,0,0.17624566
123985,0,0.17624566
123986,0,0.17624566
123987,0,0.17624566
123988,0,0.17624566
123989,0,0.17624566
123990,0,0.17624566
123991,0,0.17624566
123992,0,0.17624566
123993,0,0.17624566
123994,0,0.17624566
123995,0,0.17624566
123996,0,0.17624566
123997,0,0.17624566
123998,0,0.17624566
123999,0,0.17624566
124000,0,0.17624566
124001,0,0.17624566
124002,0,0.17624566
124003,0,0.17624566
124004,0,0.17624566
124005,0,0.17624566
124006,0,0.17624566
124007,0,0.17624566
124008,0,0.17624566
124009,0,0.17624566
124010,0,0.17624566
124011,0,0.17624566
124012,0,0.17624566
124013,0,0.17624566
124014,0,0.17624566
124015,0,0.17624566
124016,0,0.17624566
124017,0,0.17624566
124018,0,0.17624566
124019,0,0.17624566
124020,0,0.17624566
124021,0,0.17624566
124022,0,0.17624566
124023,0,0.17624566
124024,0,0.17624566
124025,0,0.17624566
124026,0,0.17624566
124027,0,0.17624566
124028,0,0.17624566
124029,0,0.17624566
124030,0,0.17624566
124031,0,0.17624566
124032,0,0.17624566
124033,0,0.17624566
124034,0,0.17624566
124035,0,0.17624566
124036,0,0.17624566
124037,0,0.17624566
124038,0,0.17624566
124039,0,0.17624566
124040,0,0.17624566
124041,0,0.17624566
124042,0,0.17624566
124043,0,0.17624566
124044,0,0.17624566
124045,0,0.17624566
124046,0,0.17624566
124047,0,0.17624566
124048,0,0.17624566
124049,0,0.17624566
124050,0,0.17624566
124051,0,0.17624566
124052,0,0.17624566
124053,0,0.17624566
124054,0,0.17624566
124055,0,0.17624566
124056,0,0.17624566
124057,0,0.17624566
124058,0,0.17624566
124059,0,0.17624566
124060,0,0.17624566
124061,0,0.17624566
124062,0,0.17624566
124063,0,0.17624566
124064,0,0.17624566
124065,0,0.17624566
124066,0,0.17624566
124067,0,0.17624566
124068,0,0.17624566
124069,0,0.17624566
124070,0,0.17624566
124071,0,0.17624566
124072,0,0.17624566
124073,0,0.17624566
124074,0,0.17624566
124075,0,0.17624566
124076,0,0.17624566
124077,0,0.17624566
124078,0,0.17624566
124079,0,0.17624566
124080,0,0.17624566
124081,0,0.17624566
124082,0,0.17624566
124083,0,0.17624566
124084,0,0.17624566
124085,0,0.17624566
124086,0,0.17624566
124087,0,0.17624566
124088,0,0.17624566
124089,0,0.17624566
124090,0,0.17624566
124091,0,0.17624566
124092,0,0.17624566
124093,0,0.17624566
124094,0,0.17624566
124095,0,0.17624566
124096,0,0.17624566
124097,0,0.17624566
124098,0,0.17624566
124099,0,0.17624566
124100,0,0.17624566
124101,0,0.17624566
124102,0,0.17624566
124103,0,0.17624566
124104,0,0.17624566
124105,0,0.17624566
124106,0,0.17624566
124107,0,0.17624566
124108,0,0.17624566
124109,0,0.17624566
124110,0,0.17624566
124111,0,0.17624566
124112,0,0.17624566
124113,0,0.17624566
124114,0,0.17624566
124115,0,0.17624566
124116,0,0.17624566
124117,0,0.17624566
124118,0,0.17624566
124119,0,0.17624566
124120,0,0.17624566
124121,0,0.17624566
124122,0,0.17624566
124123,0,0.17624566
124124,0,0.17624566
124125,0,0.17624566
124126,0,0.17624566
124127,0,0.17624566
124128,0,0.17624566
124129,0,0.17624566
124130,0,0.17624566
124131,0,0.17624566
124132,0,0.17624566
124133,0,0.17624566
124134,0,0.17624566
124135,0,0.17624566
124136,0,0.17624566
124137,0,0.17624566
124138,0,0.17624566
124139,0,0.17624566
124140,0,0.17624566
124141,0,0.17624566
124142,0,0.17624566
124143,0,0.17624566
124144,0,0.17624566
124145,0,0.17624566
124146,0,0.17624566
124147,0,0.17624566
124148,0,0.17624566
124149,0,0.17624566
124150,0,0.17624566
124151,0,0.17624566
124152,0,0.17624566
124153,0,0.17624566
124154,0,0.17624566
124155,0,0.17624566
124156,0,0.17624566
124157,0,0.17624566
124158,0,0.17624566
124159,0,0.17624566
124160,0,0.17624566
124161,0,0.17624566
124162,0,0.17624566
124163,0,0.17624566
124164,0,0.17624566
124165,0,0.17624566
124166,0,0.17624566
124167,0,0.17624566
124168,0,0.17624566
124169,0,0.17624566
124170,0,0.17624566
124171,0,0.17624566
124172,0,0.17624566
124173,0,0.17624566
124174,0,0.17624566
124175,0,0.17624566
124176,0,0.17624566
124177,0,0.17624566
124178,0,0.17624566
124179,0,0.17624566
124180,0,0.17624566
124181,0,0.17624566
124182,0,0.17624566
124183,0,0.17624566
124184,0,0.17624566
124185,0,0.17624566
124186,0,0.17624566
124187,0,0.17624566
124188,0,0.17624566
124189,0,0.17624566
124190,0,0.17624566
124191,0,0.17624566
124192,0,0.17624566
124193,0,0.17624566
124194,0,0.17624566
124195,0,0.17624566
124196,0,0.17624566
124197,0,0.17624566
124198,0,0.17624566
124199,0,0.17624566
124200,0,0.17624566
124201,0,0.17624566
124202,0,0.17624566
124203,0,0.17624566
124204,0,0.17624566
124205,0,0.17624566
124206,0,0.17624566
124207,0,0.17624566
124208,0,0.17624566
124209,0,0.17624566
124210,0,0.17624566
124211,0,0.17624566
124212,0,0.17624566
124213,0,0.17624566
124214,0,0.17624566
124215,0,0.17624566
124216,0,0.17624566
124217,0,0.17624566
124218,0,0.17624566
124219,0,0.17624566
124220,0,0.17624566
124221,0,0.17624566
124222,0,0.17624566
124223,0,0.17624566
124224,0,0.17624566
124225,0,0.17624566
124226,0,0.17624566
124227,0,0.17624566
124228,0,0.17624566
124229,0,0.17624566
124230,0,0.17624566
124231,0,0.17624566
124232,0,0.17624566
124233,0,0.17624566
124234,0,0.17624566
124235,0,0.17624566
124236,0,0.17624566
124237,0,0.17624566
124238,0,0.17624566
124239,0,0.17624566
124240,0,0.17624566
124241,0,0.17624566
124242,0,0.17624566
124243,0,0.17624566
124244,0,0.17624566
124245,0,0.17624566
124246,0,0.17624566
124247,0,0.17624566
124248,0,0.17624566
124249,0,0.17624566
124250,0,0.17624566
124251,0,0.17624566
124252,0,0.17624566
124253,0,0.17624566
124254,0,0.17624566
124255,0,0.17624566
124256,0,0.17624566
124257,0,0.17624566
124258,0,0.17624566
124259,0,0.17624566
124260,0,0.17624566
124261,0,0.17624566
124262,0,0.17624566
124263,0,0.17624566
124264,0,0.17624566
124265,0,0.17624566
124266,0,0.17624566
124267,0,0.17624566
124268,0,0.17624566
124269,0,0.17624566
124270,0,0.17624566
124271,0,0.17624566
124272,0,0.17624566
124273,0,0.17624566
124274,0,0.17624566
124275,0,0.17624566
124276,0,0.17624566
124277,0,0.17624566
124278,0,0.17624566
124279,0,0.17624566
124280,0,0.17624566
124281,0,0.17624566
124282,0,0.17624566
124283,0,0.17624566
124284,0,0.17624566
124285,0,0.17624566
124286,0,0.17624566
124287,0,0.17624566
124288,0,0.17624566
124289,0,0.17624566
124290,0,0.17624566
124291,0,0.17624566
124292,0,0.17624566
124293,0,0.17624566
124294,0,0.17624566
124295,0,0.17624566
124296,0,0.17624566
124297,0,0.17624566
124298,0,0.17624566
124299,0,0.17624566
124300,0,0.17624566
124301,0,0.17624566
124302,0,0.17624566
124303,0,0.17624566
124304,0,0.17624566
124305,0,0.17624566
124306,0,0.17624566
124307,0,0.17624566
124308,0,0.17624566
124309,0,0.17624566
124310,0,0.17624566
124311,0,0.17624566
124312,0,0.17624566
124313,0,0.17624566
124314,0,0.17624566
124315,0,0.17624566
124316,0,0.17624566
124317,0,0.17624566
124318,0,0.17624566
124319,0,0.17624566
124320,0,0.17624566
124321,0,0.17624566
124322,0,0.17624566
124323,0,0.17624566
124324,0,0.17624566
124325,0,0.17624566
124326,0,0.17624566
124327,0,0.17624566
124328,0,0.17624566
124329,0,0.17624566
124330,0,0.17624566
124331,0,0.17624566
124332,0,0.17624566
124333,0,0.17624566
124334,0,0.17624566
124335,0,0.17624566
124336,0,0.17624566
124337,0,0.17624566
124338,0,0.17624566
124339,0,0.17624566
124340,0,0.17624566
124341,0,0.17624566
124342,0,0.17624566
124343,0,0.17624566
124344,0,0.17624566
124345,0,0.17624566
124346,0,0.17624566
124347,0,0.17624566
124348,0,0.17624566
124349,0,0.17624566
124350,0,0.17624566
124351,0,0.17624566
124352,0,0.17624566
124353,0,0.17624566
124354,0,0.17624566
124355,0,0.17624566
124356,0,0.17624566
124357,0,0.17624566
124358,0,0.17624566
124359,0,0.17624566
124360,0,0.17624566
124361,0,0.17624566
124362,0,0.17624566
124363,0,0.17624566
124364,0,0.17624566
124365,0,0.17624566
124366,0,0.17624566
124367,0,0.17624566
124368,0,0.17624566
124369,0,0.17624566
124370,0,0.17624566
124371,0,0.17624566
124372,0,0.17624566
124373,0,0.17624566
124374,0,0.17624566
124375,0,0.17624566
124376,0,0.17624566
124377,0,0.17624566
124378,0,0.17624566
124379,0,0.17624566
124380,0,0.17624566
124381,0,0.17624566
124382,0,0.17624566
124383,0,0.17624566
124384,0,0.17624566
124385,0,0.17624566
124386,0,0.17624566
124387,0,0.17624566
124388,0,0.17624566
124389,0,0.17624566
124390,0,0.17624566
124391,0,0.17624566
124392,0,0.17624566
124393,0,0.17624566
124394,0,0.17624566
124395,0,0.17624566
124396,0,0.17624566
124397,0,0.17624566
124398,0,0.17624566
124399,0,0.17624566
124400,0,0.17624566
124401,0,0.17624566
124402,0,0.17624566
124403,0,0.17624566
124404,0,0.17624566
124405,0,0.17624566
124406,0,0.17624566
124407,0,0.17624566
124408,0,0.17624566
124409,0,0.17624566
124410,0,0.17624566
124411,0,0.17624566
124412,0,0.17624566
124413,0,0.17624566
124414,0,0.17624566
124415,0,0.17624566
124416,0,0.17624566
124417,0,0.17624566
124418,0,0.17624566
124419,0,0.17624566
124420,0,0.17624566
124421,0,0.17624566
124422,0,0.17624566
124423,0,0.17624566
124424,0,0.17624566
124425,0,0.17624566
124426,0,0.17624566
124427,0,0.17624566
124428,0,0.17624566
124429,0,0.17624566
124430,0,0.17624566
124431,0,0.17624566
124432,0,0.17624566
124433,0,0.17624566
124434,0,0.17624566
124435,0,0.17624566
124436,0,0.17624566
124437,0,0.17624566
124438,0,0.17624566
124439,0,0.17624566
124440,0,0.17624566
124441,0,0.17624566
124442,0,0.17624566
124443,0,0.17624566
124444,0,0.17624566
124445,0,0.17624566
124446,0,0.17624566
124447,0,0.17624566
124448,0,0.17624566
124449,0,0.17624566
124450,0,0.17624566
124451,0,0.17624566
124452,0,0.17624566
124453,0,0.17624566
124454,0,0.17624566
124455,0,0.17624566
124456,0,0.17624566
124457,0,0.17624566
124458,0,0.17624566
124459,0,0.17624566
124460,0,0.17624566
124461,0,0.17624566
124462,0,0.17624566
124463,0,0.17624566
124464,0,0.17624566
124465,0,0.17624566
124466,0,0.17624566
124467,0,0.17624566
124468,0,0.17624566
124469,0,0.17624566
124470,0,0.17624566
124471,0,0.17624566
124472,0,0.17624566
124473,0,0.17624566
124474,0,0.17624566
124475,0,0.17624566
124476,0,0.17624566
124477,0,0.17624566
124478,0,0.17624566
124479,0,0.17624566
124480,0,0.17624566
124481,0,0.17624566
124482,0,0.17624566
124483,0,0.17624566
124484,0,0.17624566
124485,0,0.17624566
124486,0,0.17624566
124487,0,0.17624566
124488,0,0.17624566
124489,0,0.17624566
124490,0,0.17624566
124491,0,0.17624566
124492,0,0.17624566
124493,0,0.17624566
124494,0,0.17624566
124495,0,0.17624566
124496,0,0.17624566
124497,0,0.17624566
124498,0,0.17624566
124499,0,0.17624566
124500,0,0.17624566
124501,0,0.17624566
124502,0,0.17624566
124503,0,0.17624566
124504,0,0.17624566
124505,0,0.17624566
124506,0,0.17624566
124507,0,0.17624566
124508,0,0.17624566
124509,0,0.17624566
124510,0,0.17624566
124511,0,0.17624566
124512,0,0.17624566
124513,0,0.17624566
124514,0,0.17624566
124515,0,0.17624566
124516,0,0.17624566
124517,0,0.17624566
124518,0,0.17624566
124519,0,0.17624566
124520,0,0.17624566
124521,0,0.17624566
124522,0,0.17624566
124523,0,0.17624566
124524,0,0.17624566
124525,0,0.17624566
124526,0,0.17624566
124527,0,0.17624566
124528,0,0.17624566
124529,0,0.17624566
124530,0,0.17624566
124531,0,0.17624566
124532,0,0.17624566
124533,0,0.17624566
124534,0,0.17624566
124535,0,0.17624566
124536,0,0.17624566
124537,0,0.17624566
124538,0,0.17624566
124539,0,0.17624566
124540,0,0.17624566
124541,0,0.17624566
124542,0,0.17624566
124543,0,0.17624566
124544,0,0.17624566
124545,0,0.17624566
124546,0,0.17624566
124547,0,0.17624566
124548,0,0.17624566
124549,0,0.17624566
124550,0,0.17624566
124551,0,0.17624566
124552,0,0.17624566
124553,0,0.17624566
124554,0,0.17624566
124555,0,0.17624566
124556,0,0.17624566
124557,0,0.17624566
124558,0,0.17624566
124559,0,0.17624566
124560,0,0.17624566
124561,0,0.17624566
124562,0,0.17624566
124563,0,0.17624566
124564,0,0.17624566
124565,0,0.17624566
124566,0,0.17624566
124567,0,0.17624566
124568,0,0.17624566
124569,0,0.17624566
124570,0,0.17624566
124571,0,0.17624566
124572,0,0.17624566
124573,0,0.17624566
124574,0,0.17624566
124575,0,0.17624566
124576,0,0.17624566
124577,0,0.17624566
124578,0,0.17624566
124579,0,0.17624566
124580,0,0.17624566
124581,0,0.17624566
124582,0,0.17624566
124583,0,0.17624566
124584,0,0.17624566
124585,0,0.17624566
124586,0,0.17624566
124587,0,0.17624566
124588,0,0.17624566
124589,0,0.17624566
124590,0,0.17624566
124591,0,0.17624566
124592,0,0.17624566
124593,0,0.17624566
124594,0,0.17624566
124595,0,0.17624566
124596,0,0.17624566
124597,0,0.17624566
124598,0,0.17624566
124599,0,0.17624566
124600,0,0.17624566
124601,0,0.17624566
124602,0,0.17624566
124603,0,0.17624566
124604,0,0.17624566
124605,0,0.17624566
124606,0,0.17624566
124607,0,0.17624566
124608,0,0.17624566
124609,0,0.17624566
124610,0,0.17624566
124611,0,0.17624566
124612,0,0.17624566
124613,0,0.17624566
124614,0,0.17624566
124615,0,0.17624566
124616,0,0.17624566
124617,0,0.17624566
124618,0,0.17624566
124619,0,0.17624566
124620,0,0.17624566
124621,0,0.17624566
124622,0,0.17624566
124623,0,0.17624566
124624,0,0.17624566
124625,0,0.17624566
124626,0,0.17624566
124627,0,0.17624566
124628,0,0.17624566
124629,0,0.17624566
124630,0,0.17624566
124631,0,0.17624566
124632,0,0.17624566
124633,0,0.17624566
124634,0,0.17624566
124635,0,0.17624566
124636,0,0.17624566
124637,0,0.17624566
124638,0,0.17624566
124639,0,0.17624566
124640,0,0.17624566
124641,0,0.17624566
124642,0,0.17624566
124643,0,0.17624566
124644,0,0.17624566
124645,0,0.17624566
124646,0,0.17624566
124647,0,0.17624566
124648,0,0.17624566
124649,0,0.17624566
124650,0,0.17624566
124651,0,0.17624566
124652,0,0.17624566
124653,0,0.17624566
124654,0,0.17624566
124655,0,0.17624566
124656,0,0.17624566
124657,0,0.17624566
124658,0,0.17624566
124659,0,0.17624566
124660,0,0.17624566
124661,0,0.17624566
124662,0,0.17624566
124663,0,0.17624566
124664,0,0.17624566
124665,0,0.17624566
124666,0,0.17624566
124667,0,0.17624566
124668,0,0.17624566
124669,0,0.17624566
124670,0,0.17624566
124671,0,0.17624566
124672,0,0.17624566
124673,0,0.17624566
124674,0,0.17624566
124675,0,0.17624566
124676,0,0.17624566
124677,0,0.17624566
124678,0,0.17624566
124679,0,0.17624566
124680,0,0.17624566
124681,0,0.17624566
124682,0,0.17624566
124683,0,0.17624566
124684,0,0.17624566
124685,0,0.17624566
124686,0,0.17624566
124687,0,0.17624566
124688,0,0.17624566
124689,0,0.17624566
124690,0,0.17624566
124691,0,0.17624566
124692,0,0.17624566
124693,0,0.17624566
124694,0,0.17624566
124695,0,0.17624566
124696,0,0.17624566
124697,0,0.17624566
124698,0,0.17624566
124699,0,0.17624566
124700,0,0.17624566
124701,0,0.17624566
124702,0,0.17624566
124703,0,0.17624566
124704,0,0.17624566
124705,0,0.17624566
124706,0,0.17624566
124707,0,0.17624566
124708,0,0.17624566
124709,0,0.17624566
124710,0,0.17624566
124711,0,0.17624566
124712,0,0.17624566
124713,0,0.17624566
124714,0,0.17624566
124715,0,0.17624566
124716,0,0.17624566
124717,0,0.17624566
124718,0,0.17624566
124719,0,0.17624566
124720,0,0.17624566
124721,0,0.17624566
124722,0,0.17624566
124723,0,0.17624566
124724,0,0.17624566
124725,0,0.17624566
124726,0,0.17624566
124727,0,0.17624566
124728,0,0.17624566
124729,0,0.17624566
124730,0,0.17624566
124731,0,0.17624566
124732,0,0.17624566
124733,0,0.17624566
124734,0,0.17624566
124735,0,0.17624566
124736,0,0.17624566
124737,0,0.17624566
124738,0,0.17624566
124739,0,0.17624566
124740,0,0.17624566
124741,0,0.17624566
124742,0,0.17624566
124743,0,0.17624566
124744,0,0.17624566
124745,0,0.17624566
124746,0,0.17624566
124747,0,0.17624566
124748,0,0.17624566
124749,0,0.17624566
124750,0,0.17624566
124751,0,0.17624566
124752,0,0.17624566
124753,0,0.17624566
124754,0,0.17624566
124755,0,0.17624566
124756,0,0.17624566
124757,0,0.17624566
124758,0,0.17624566
124759,0,0.17624566
124760,0,0.17624566
124761,0,0.17624566
124762,0,0.17624566
124763,0,0.17624566
124764,0,0.17624566
124765,0,0.17624566
124766,0,0.17624566
124767,0,0.17624566
124768,0,0.17624566
124769,0,0.17624566
124770,0,0.17624566
124771,0,0.17624566
124772,0,0.17624566
124773,0,0.17624566
124774,0,0.17624566
124775,0,0.17624566
124776,0,0.17624566
124777,0,0.17624566
124778,0,0.17624566
124779,0,0.17624566
124780,0,0.17624566
124781,0,0.17624566
124782,0,0.17624566
124783,0,0.17624566
124784,0,0.17624566
124785,0,0.17624566
124786,0,0.17624566
124787,0,0.17624566
124788,0,0.17624566
124789,0,0.17624566
124790,0,0.17624566
124791,0,0.17624566
124792,0,0.17624566
124793,0,0.17624566
124794,0,0.17624566
124795,0,0.17624566
124796,0,0.17624566
124797,0,0.17624566
124798,0,0.17624566
124799,0,0.17624566
124800,0,0.17624566
124801,0,0.17624566
124802,0,0.17624566
124803,0,0.17624566
124804,0,0.17624566
124805,0,0.17624566
124806,0,0.17624566
124807,0,0.17624566
124808,0,0.17624566
124809,0,0.17624566
124810,0,0.17624566
124811,0,0.17624566
124812,0,0.17624566
124813,0,0.17624566
124814,0,0.17624566
124815,0,0.17624566
124816,0,0.17624566
124817,0,0.17624566
124818,0,0.17624566
124819,0,0.17624566
124820,0,0.17624566
124821,0,0.17624566
124822,0,0.17624566
124823,0,0.17624566
124824,0,0.17624566
124825,0,0.17624566
124826,0,0.17624566
124827,0,0.17624566
124828,0,0.17624566
124829,0,0.17624566
124830,0,0.17624566
124831,0,0.17624566
124832,0,0.17624566
124833,0,0.17624566
124834,0,0.17624566
124835,0,0.17624566
124836,0,0.17624566
124837,0,0.17624566
124838,0,0.17624566
124839,0,0.17624566
124840,0,0.17624566
124841,0,0.17624566
124842,0,0.17624566
124843,0,0.17624566
124844,0,0.17624566
124845,0,0.17624566
124846,0,0.17624566
124847,0,0.17624566
124848,0,0.17624566
124849,0,0.17624566
124850,0,0.17624566
124851,0,0.17624566
124852,0,0.17624566
124853,0,0.17624566
124854,0,0.17624566
124855,0,0.17624566
124856,0,0.17624566
124857,0,0.17624566
124858,0,0.17624566
124859,0,0.17624566
124860,0,0.17624566
124861,0,0.033040136
124862,0,0.03304041
124863,0,0.033040363
124864,0,0.033040382
124865,0,0.03304034
124866,0,0.03304022
124867,0,0.033040162
124868,0,0.033040162
124869,0,0.033040166
124870,0,0.033040162
124871,0,0.033040162
124872,0,0.033040192
124873,0,0.03304018
124874,0,0.033040177
124875,0,0.033040162
124876,0,0.033040162
124877,0,0.033040162
124878,0,0.033040162
124879,0,0.033040162
124880,0,0.033040162
124881,0,0.033040166
124882,0,0.033040166
124883,0,0.033040166
124884,0,0.033040166
124885,0,0.033040233
124886,0,0.03304025
124887,0,0.033040203
124888,0,0.033040207
124889,0,0.033040207
124890,0,0.033040196
124891,0,0.033040196
124892,0,0.033040196
124893,0,0.033040196
124894,0,0.0330402
124895,0,0.0330402
124896,0,0.033040196
124897,0,0.033040203
124898,0,0.033040203
124899,0,0.033040203
124900,0,0.033040203
124901,0,0.03304018
124902,0,0.03304018
124903,0,0.033040177
124904,0,0.03304018
124905,0,0.033040192
124906,0,0.033040192
124907,0,0.033040192
124908,0,0.033040192
124909,0,0.033040192
124910,0,0.033040192
124911,0,0.033040214
124912,0,0.033040214
124913,0,0.033040207
124914,0,0.033040207
124915,0,0.033040196
124916,0,0.033040177
124917,0,0.033040177
124918,0,0.033040177
124919,0,0.033040177
124920,0,0.033040155
124921,0,0.033040155
124922,0,0.033040155
124923,0,0.033040155
124924,0,0.033040155
124925,0,0.033040155
124926,0,0.03304015
124927,0,0.033040147
124928,0,0.033040147
124929,0,0.033040147
124930,0,0.03304015
124931,0,0.033040155
124932,0,0.03304015
124933,0,0.03304014
124934,0,0.03304014
124935,0,0.03304014
124936,0,0.033040177
124937,0,0.033040177
124938,0,0.03304015
124939,0,0.03304015
124940,0,0.03304015
124941,0,0.03304015
124942,0,0.03304015
124943,0,0.03304015
124944,0,0.03304015
124945,0,0.03304015
124946,0,0.03304015
124947,0,0.03304015
124948,0,0.03304016
124949,0,0.03304016
124950,0,0.03304016
124951,0,0.03304016
124952,0,0.033040166
124953,0,0.033040173
124954,0,0.033040177
124955,0,0.033040177
124956,0,0.033040173
124957,0,0.033040173
124958,0,0.03304015
124959,0,0.033040136
124960,0,0.033040136
124961,0,0.033040147
124962,0,0.03304016
124963,0,0.03304016
124964,0,0.033040162
124965,0,0.033040162
124966,0,0.033040162
124967,0,0.033040162
124968,0,0.033040162
124969,0,0.033040162
124970,0,0.033040162
124971,0,0.03304016
124972,0,0.03304016
124973,0,0.033040155
124974,0,0.033040155
124975,0,0.033040155
124976,0,0.03304016
124977,0,0.03304016
124978,0,0.03304016
124979,0,0.03304016
124980,0,0.03304016
124981,0,0.033040173
124982,0,0.033040173
124983,0,0.03304017
124984,0,0.033040173
124985,0,0.033040173
124986,0,0.033040173
124987,0,0.033040173
124988,0,0.03304017
124989,0,0.033040173
124990,0,0.033040203
124991,0,0.033040207
124992,0,0.033040203
124993,0,0.033040203
124994,0,0.033040203
124995,0,0.033040207
124996,0,0.033040207
124997,0,0.03304016
124998,0,0.033040155
124999,0,0.033040155
125000,0,0.03304015
125001,0,0.033040155
125002,0,0.033040147
125003,0,0.033040147
125004,0,0.03304015
125005,0,0.03304015
125006,0,0.03304015
125007,0,0.033040144
125008,0,0.033040144
125009,0,0.033040144
125010,0,0.033040144
125011,0,0.033040144
125012,0,0.033040144
125013,0,0.033040162
125014,0,0.033040162
125015,0,0.033040162
125016,0,0.033040162
125017,0,0.033040177
125018,0,0.033040177
125019,0,0.033040177
125020,0,0.033040177
125021,0,0.033040177
125022,0,0.03304017
125023,0,0.03304017
125024,0,0.033040166
125025,0,0.033040166
125026,0,0.033040166
125027,0,0.033040166
125028,0,0.033040166
125029,0,0.033040162
125030,0,0.033040162
125031,0,0.033040147
125032,0,0.03304015
125033,0,0.033040147
125034,0,0.033040147
125035,0,0.033040147
125036,0,0.033040147
125037,0,0.033040147
125038,0,0.033040147
125039,0,0.033040147
125040,0,0.033040144
125041,0,0.033040147
125042,0,0.033040147
125043,0,0.033040147
125044,0,0.033040147
125045,0,0.033040147
125046,0,0.033040147
125047,0,0.033040147
125048,0,0.033040147
125049,0,0.03304014
125050,0,0.03304015
125051,0,0.03304015
125052,0,0.03304015
125053,0,0.03304015
125054,0,0.03304015
125055,0,0.03304015
125056,0,0.03304015
125057,0,0.03304015
125058,0,0.033040166
125059,0,0.033040166
125060,0,0.033040166
125061,0,0.033040166
125062,0,0.033040173
125063,0,0.033040177
125064,0,0.033040166
125065,0,0.033040177
125066,0,0.03304018
125067,0,0.03304018
125068,0,0.033040177
125069,0,0.033040177
125070,0,0.03304018
125071,0,0.033040177
125072,0,0.033040185
125073,0,0.03304019
125074,0,0.03304019
125075,0,0.03304018
125076,0,0.03304017
125077,0,0.03304017
125078,0,0.03304017
125079,0,0.03304017
125080,0,0.033040173
125081,0,0.033040144
125082,0,0.03304015
125083,0,0.033040147
125084,0,0.033040147
125085,0,0.033040144
125086,0,0.03304015
125087,0,0.03304015
125088,0,0.033040147
125089,0,0.03304015
125090,0,0.03304015
125091,0,0.03304015
125092,0,0.033040147
125093,0,0.033040147
125094,0,0.033040147
125095,0,0.033040147
125096,0,0.033040147
125097,0,0.033040144
125098,0,0.033040147
125099,0,0.033040144
125100,0,0.03304014
125101,0,0.03304014
125102,0,0.033040136
125103,0,0.03304014
125104,0,0.033040144
125105,0,0.033040144
125106,0,0.03304014
125107,0,0.03304014
125108,0,0.03304014
125109,0,0.03304014
125110,0,0.03304014
125111,0,0.033040144
125112,0,0.033040147
125113,0,0.03304015
125114,0,0.03304015
125115,0,0.03304015
125116,0,0.03304017
125117,0,0.03304015
125118,0,0.03304015
125119,0,0.03304015
125120,0,0.033040155
125121,0,0.033040147
125122,0,0.033040147
125123,0,0.033040147
125124,0,0.033040147
125125,0,0.03304015
125126,0,0.033040147
125127,0,0.03304015
125128,0,0.03304015
125129,0,0.03304015
125130,0,0.03304015
125131,0,0.03304016
125132,0,0.03304016
125133,0,0.033040155
125134,0,0.033040147
125135,0,0.033040147
125136,0,0.03304015
125137,0,0.03304015
125138,0,0.03304015
125139,0,0.03304015
125140,0,0.033040162
125141,0,0.033040155
125142,0,0.033040155
125143,0,0.03304015
125144,0,0.03304016
125145,0,0.03304016
125146,0,0.033040155
125147,0,0.03304016
125148,0,0.033040144
125149,0,0.03304014
125150,0,0.033040144
125151,0,0.033040144
125152,0,0.03304014
125153,0,0.03304014
125154,0,0.03304014
125155,0,0.03304014
125156,0,0.03304014
125157,0,0.033040136
125158,0,0.03304014
125159,0,0.03304014
125160,0,0.03304014
125161,0,0.03304014
125162,0,0.03304014
125163,0,0.03304014
125164,0,0.03304014
125165,0,0.03304014
125166,0,0.03304014
125167,0,0.03304014
125168,0,0.03304014
125169,0,0.03304014
125170,0,0.03304014
125171,0,0.03304014
125172,0,0.03304015
125173,0,0.03304015
125174,0,0.03304015
125175,0,0.03304014
125176,0,0.03304014
125177,0,0.03304014
125178,0,0.03304014
125179,0,0.03304014
125180,0,0.03304014
125181,0,0.033040136
125182,0,0.03304014
125183,0,0.03304014
125184,0,0.033040136
125185,0,0.03304014
125186,0,0.03304014
125187,0,0.033040136
125188,0,0.033040144
125189,0,0.033040144
125190,0,0.03304014
125191,0,0.03304014
125192,0,0.03304016
125193,0,0.03304016
125194,0,0.033040162
125195,0,0.033040162
125196,0,0.03304015
125197,0,0.033040147
125198,0,0.033040144
125199,0,0.03304014
125200,0,0.033040136
125201,0,0.03304014
125202,0,0.033040136
125203,0,0.03304014
125204,0,0.03304014
125205,0,0.03304014
125206,0,0.033040136
125207,0,0.03304014
125208,0,0.033040144
125209,0,0.033040144
125210,0,0.033040147
125211,0,0.033040144
125212,0,0.033040144
125213,0,0.03304014
125214,0,0.033040136
125215,0,0.033040136
125216,0,0.033040136
125217,0,0.033040136
125218,0,0.03304014
125219,0,0.03304014
125220,0,0.033040136
125221,0,0.033040136
125222,0,0.033040147
125223,0,0.033040144
125224,0,0.033040155
125225,0,0.033040155
125226,0,0.033040147
125227,0,0.033040147
125228,0,0.033040147
125229,0,0.033040147
125230,0,0.033040147
125231,0,0.03304015
125232,0,0.033040147
125233,0,0.033040147
125234,0,0.033040147
125235,0,0.033040147
125236,0,0.033040144
125237,0,0.03304014
125238,0,0.033040144
125239,0,0.033040144
125240,0,0.033040144
125241,0,0.033040144
125242,0,0.033040144
125243,0,0.033040166
125244,0,0.033040162
125245,0,0.033040162
125246,0,0.033040147
125247,0,0.033040147
125248,0,0.033040147
125249,0,0.033040147
125250,0,0.033040144
125251,0,0.033040144
125252,0,0.033040144
125253,0,0.03304014
125254,0,0.03304014
125255,0,0.03304014
125256,0,0.03304014
125257,0,0.03304014
125258,0,0.033040144
125259,0,0.033040144
125260,0,0.033040155
125261,0,0.033040155
125262,0,0.033040155
125263,0,0.033040162
125264,0,0.03304016
125265,0,0.033040162
125266,0,0.03304015
125267,0,0.03304015
125268,0,0.033040147
125269,0,0.033040147
125270,0,0.033040144
125271,0,0.033040144
125272,0,0.033040144
125273,0,0.03304014
125274,0,0.03304014
125275,0,0.03304014
125276,0,0.03304014
125277,0,0.03304014
125278,0,0.03304014
125279,0,0.03304014
125280,0,0.033040136
125281,0,0.03304014
125282,0,0.033040144
125283,0,0.033040136
125284,0,0.03304014
125285,0,0.033040147
125286,0,0.03304014
125287,0,0.033040144
125288,0,0.033040144
125289,0,0.033040144
125290,0,0.033040144
125291,0,0.03304014
125292,0,0.03304014
125293,0,0.03304014
125294,0,0.033040136
125295,0,0.033040136
125296,0,0.03304014
125297,0,0.03304014
125298,0,0.03304014
125299,0,0.03304014
125300,0,0.03304014
125301,0,0.033040136
125302,0,0.033040136
125303,0,0.033040136
125304,0,0.033040144
125305,0,0.033040144
125306,0,0.033040155
125307,0,0.033040155
125308,0,0.033040155
125309,0,0.033040155
125310,0,0.033040155
125311,0,0.03304014
125312,0,0.033040136
125313,0,0.033040136
125314,0,0.033040136
125315,0,0.03304014
125316,0,0.033040136
125317,0,0.033040136
125318,0,0.033040144
125319,0,0.033040144
125320,0,0.033040144
125321,0,0.033040144
125322,0,0.033040136
125323,0,0.03304014
125324,0,0.03304014
125325,0,0.033040136
125326,0,0.033040136
125327,0,0.033040136
125328,0,0.033040136
125329,0,0.033040136
125330,0,0.033040136
125331,0,0.033040136
125332,0,0.03304015
125333,0,0.03304017
125334,0,0.03304019
125335,0,0.033040136
125336,0,0.033040136
125337,0,0.033040136
125338,0,0.033040136
125339,0,0.033040136
125340,0,0.033040136
125341,0,0.033040136
125342,0,0.033040136
125343,0,0.033040136
125344,0,0.033040136
125345,0,0.033040144
125346,0,0.033040136
125347,0,0.033040136
125348,0,0.033040136
125349,0,0.033040144
125350,0,0.033040155
125351,0,0.033040144
125352,0,0.033040147
125353,0,0.033040155
125354,0,0.03304015
125355,0,0.03304015
125356,0,0.033040147
125357,0,0.03304015
125358,0,0.03304015
125359,0,0.033040155
125360,0,0.03304015
125361,0,0.03304015
125362,0,0.03304015
125363,0,0.03304015
125364,0,0.033040147
125365,0,0.033040147
125366,0,0.03304016
125367,0,0.033040147
125368,0,0.033040155
125369,0,0.03304015
125370,0,0.033040144
125371,0,0.033040147
125372,0,0.033040136
125373,0,0.03304014
125374,0,0.033040144
125375,0,0.033040144
125376,0,0.03304014
125377,0,0.03304014
125378,0,0.03304015
125379,0,0.033040144
125380,0,0.033040144
125381,0,0.033040155
125382,0,0.03304015
125383,0,0.03304015
125384,0,0.03304015
125385,0,0.033040155
125386,0,0.03304015
125387,0,0.033040155
125388,0,0.033040147
125389,0,0.03304015
125390,0,0.033040144
125391,0,0.03304014
125392,0,0.03304014
125393,0,0.033040136
125394,0,0.033040185
125395,0,0.033040185
125396,0,0.03304015
125397,0,0.03304015
125398,0,0.033040144
125399,0,0.03304014
125400,0,0.033040144
125401,0,0.033040136
125402,0,0.03304014
125403,0,0.033040136
125404,0,0.03304014
125405,0,0.03304014
125406,0,0.033040136
125407,0,0.03304014
125408,0,0.033040144
125409,0,0.033040173
125410,0,0.03304014
125411,0,0.033040136
125412,0,0.033040136
125413,0,0.03304014
125414,0,0.033040136
125415,0,0.033040136
125416,0,0.033040136
125417,0,0.033040136
125418,0,0.033040136
125419,0,0.03304014
125420,0,0.033040136
125421,0,0.03304014
125422,0,0.03304014
125423,0,0.033040147
125424,0,0.03304014
125425,0,0.033040147
125426,0,0.033040147
125427,0,0.033040144
125428,0,0.033040144
125429,0,0.033040144
125430,0,0.033040144
125431,0,0.033040144
125432,0,0.033040144
125433,0,0.033040144
125434,0,0.03304014
125435,0,0.033040144
125436,0,0.033040147
125437,0,0.03304014
125438,0,0.033040144
125439,0,0.033040155
125440,0,0.033040155
125441,0,0.03304014
125442,0,0.033040144
125443,0,0.033040144
125444,0,0.03304014
125445,0,0.03304014
125446,0,0.033040144
125447,0,0.033040144
125448,0,0.033040144
125449,0,0.033040144
125450,0,0.033040147
125451,0,0.03304014
125452,0,0.033040136
125453,0,0.033040136
125454,0,0.03304014
125455,0,0.03304014
125456,0,0.03304014
125457,0,0.03304014
125458,0,0.033040147
125459,0,0.033040144
125460,0,0.033040147
125461,0,0.03304016
125462,0,0.033040147
125463,0,0.033040147
125464,0,0.033040147
125465,0,0.033040147
125466,0,0.033040147
125467,0,0.033040147
125468,0,0.03304014
125469,0,0.033040144
125470,0,0.033040136
125471,0,0.03304014
125472,0,0.033053074
125473,0,0.033057243
125474,0,0.033057246
125475,0,0.03316097
125476,0,0.033160906
125477,0,0.033114742
125478,0,0.033120465
125479,0,0.033120453
125480,0,0.033100918
125481,0,0.033114016
125482,0,0.033113997
125483,0,0.033055507
125484,0,0.033041254
125485,0,0.03304125
125486,0,0.03304125
125487,0,0.033041254
125488,0,0.03304125
125489,0,0.03304125
125490,0,0.033041533
125491,0,0.033041533
125492,0,0.03304189
125493,0,0.033041533
125494,0,0.033041835
125495,0,0.03304274
125496,0,0.033042736
125497,0,0.033043068
125498,0,0.033040978
125499,0,0.033040978
125500,0,0.033040978
125501,0,0.033040974
125502,0,0.033040974
125503,0,0.033041257
125504,0,0.033040874
125505,0,0.033040877
125506,0,0.033040877
125507,0,0.033040874
125508,0,0.033041418
125509,0,0.033041667
125510,0,0.0330417
125511,0,0.033041704
125512,0,0.03304171
125513,0,0.0330418
125514,0,0.033042327
125515,0,0.033042323
125516,0,0.033042327
125517,0,0.033042323
125518,0,0.033043254
125519,0,0.03304325
125520,0,0.033043057
125521,0,0.03304306
125522,0,0.03304207
125523,0,0.03304181
125524,0,0.033041954
125525,0,0.03304087
125526,0,0.033040877
125527,0,0.033040993
125528,0,0.03304099
125529,0,0.033040993
125530,0,0.033040762
125531,0,0.033040762
125532,0,0.033040754
125533,0,0.03304076
125534,0,0.03304075
125535,0,0.033041254
125536,0,0.033042382
125537,0,0.033044033
125538,0,0.033044036
125539,0,0.033044025
125540,0,0.03304397
125541,0,0.033043973
125542,0,0.03304398
125543,0,0.033043977
125544,0,0.033043977
125545,0,0.03304428
125546,0,0.033044796
125547,0,0.03304479
125548,0,0.033044796
125549,0,0.0330448
125550,0,0.033044796
125551,0,0.033041246
125552,0,0.03304089
125553,0,0.033040885
125554,0,0.033040892
125555,0,0.033040885
125556,0,0.03304088
125557,0,0.03304089
125558,0,0.033040844
125559,0,0.033040855
125560,0,0.033040844
125561,0,0.033040848
125562,0,0.033040885
125563,0,0.03304089
125564,0,0.033040885
125565,0,0.03304089
125566,0,0.03304089
125567,0,0.03304089
125568,0,0.033041075
125569,0,0.03304105
125570,0,0.03304105
125571,0,0.033040952
125572,0,0.033040952
125573,0,0.033040956
125574,0,0.03304096
125575,0,0.03304096
125576,0,0.03304097
125577,0,0.03304096
125578,0,0.033043176
125579,0,0.033042133
125580,0,0.033042114
125581,0,0.033044018
125582,0,0.033044025
125583,0,0.033041086
125584,0,0.03304106
125585,0,0.03304104
125586,0,0.03304104
125587,0,0.03304086
125588,0,0.03304086
125589,0,0.033040877
125590,0,0.03304087
125591,0,0.033040863
125592,0,0.033040863
125593,0,0.033042252
125594,0,0.03304225
125595,0,0.033042867
125596,0,0.033043098
125597,0,0.03304093
125598,0,0.033040926
125599,0,0.033040937
125600,0,0.033040922
125601,0,0.03304093
125602,0,0.03304093
125603,0,0.03304094
125604,0,0.033040866
125605,0,0.033040863
125606,0,0.033040866
125607,0,0.033041902
125608,0,0.03304153
125609,0,0.03304153
125610,0,0.033041537
125611,0,0.033043206
125612,0,0.03304118
125613,0,0.033041183
125614,0,0.033041146
125615,0,0.033041123
125616,0,0.03304113
125617,0,0.033041127
125618,0,0.033041086
125619,0,0.033041086
125620,0,0.03304108
125621,0,0.033040997
125622,0,0.033040963
125623,0,0.033040967
125624,0,0.033040978
125625,0,0.033040967
125626,0,0.033040978
125627,0,0.03304097
125628,0,0.033041872
125629,0,0.03304186
125630,0,0.033040646
125631,0,0.03304027
125632,0,0.033040263
125633,0,0.033040263
125634,0,0.033040263
125635,0,0.033040263
125636,0,0.03304027
125637,0,0.03304038
125638,0,0.03304038
125639,0,0.033040423
125640,0,0.03304041
125641,0,0.03304041
125642,0,0.033040415
125643,0,0.033040438
125644,0,0.033040423
125645,0,0.033040352
125646,0,0.033040352
125647,0,0.03304033
125648,0,0.033040337
125649,0,0.033040322
125650,0,0.033040326
125651,0,0.033040334
125652,0,0.03304033
125653,0,0.03304039
125654,0,0.033040397
125655,0,0.033040408
125656,0,0.03304039
125657,0,0.033040375
125658,0,0.03304037
125659,0,0.033040375
125660,0,0.03304038
125661,0,0.03304085
125662,0,0.03304085
125663,0,0.03304054
125664,0,0.03304055
125665,0,0.033040546
125666,0,0.033040527
125667,0,0.03304053
125668,0,0.03304054
125669,0,0.033040527
125670,0,0.033040527
125671,0,0.033040393
125672,0,0.033040393
125673,0,0.033040836
125674,0,0.033040866
125675,0,0.033040874
125676,0,0.033040866
125677,0,0.033040874
125678,0,0.033040866
125679,0,0.03304087
125680,0,0.033040933
125681,0,0.03304131
125682,0,0.033040605
125683,0,0.03304059
125684,0,0.0330406
125685,0,0.033040594
125686,0,0.03304061
125687,0,0.033040594
125688,0,0.03304064
125689,0,0.033040643
125690,0,0.033040646
125691,0,0.03304065
125692,0,0.033041373
125693,0,0.03304067
125694,0,0.033040665
125695,0,0.03304066
125696,0,0.033040874
125697,0,0.033040825
125698,0,0.03304077
125699,0,0.03304082
125700,0,0.033040646
125701,0,0.03304058
125702,0,0.033040572
125703,0,0.033040717
125704,0,0.033041712
125705,0,0.033041716
125706,0,0.033041712
125707,0,0.03304172
125708,0,0.03304172
125709,0,0.03304172
125710,0,0.033041075
125711,0,0.033041105
125712,0,0.033041112
125713,0,0.033041216
125714,0,0.033041228
125715,0,0.03304122
125716,0,0.033040997
125717,0,0.033041008
125718,0,0.033041004
125719,0,0.033040863
125720,0,0.033040848
125721,0,0.03304084
125722,0,0.03304084
125723,0,0.03304084
125724,0,0.03304084
125725,0,0.03304084
125726,0,0.033042483
125727,0,0.03304249
125728,0,0.033042334
125729,0,0.03304233
125730,0,0.033040993
125731,0,0.03304098
125732,0,0.033040993
125733,0,0.03304089
125734,0,0.0330408
125735,0,0.033040788
125736,0,0.0330408
125737,0,0.03304079
125738,0,0.033040788
125739,0,0.033040788
125740,0,0.0330408
125741,0,0.03304079
125742,0,0.03304065
125743,0,0.033040695
125744,0,0.0330407
125745,0,0.033040702
125746,0,0.033040706
125747,0,0.03304069
125748,0,0.033040676
125749,0,0.033040676
125750,0,0.03304055
125751,0,0.033040553
125752,0,0.0330417
125753,0,0.033041712
125754,0,0.033041704
125755,0,0.03304171
125756,0,0.03304151
125757,0,0.03304152
125758,0,0.03304152
125759,0,0.033041522
125760,0,0.033041514
125761,0,0.033042017
125762,0,0.033042017
125763,0,0.033118766
125764,0,0.033041507
125765,0,0.033041514
125766,0,0.033042282
125767,0,0.033041924
125768,0,0.033041913
125769,0,0.03304191
125770,0,0.03304192
125771,0,0.033041913
125772,0,0.033040915
125773,0,0.033040907
125774,0,0.03304092
125775,0,0.033040915
125776,0,0.033041805
125777,0,0.033041805
125778,0,0.033041812
125779,0,0.03304127
125780,0,0.033041265
125781,0,0.033041403
125782,0,0.03304462
125783,0,0.033044633
125784,0,0.03304462
125785,0,0.033043154
125786,0,0.03304097
125787,0,0.03304097
125788,0,0.03304098
125789,0,0.03304097
125790,0,0.03304097
125791,0,0.033040676
125792,0,0.033040676
125793,0,0.03304067
125794,0,0.033040673
125795,0,0.03304097
125796,0,0.03304097
125797,0,0.03304096
125798,0,0.033040967
125799,0,0.03304096
125800,0,0.033040967
125801,0,0.033042207
125802,0,0.033040524
125803,0,0.033040524
125804,0,0.033040583
125805,0,0.033040587
125806,0,0.033040583
125807,0,0.03304057
125808,0,0.033040576
125809,0,0.033040468
125810,0,0.033040475
125811,0,0.033040464
125812,0,0.033040628
125813,0,0.033040635
125814,0,0.033040624
125815,0,0.033040643
125816,0,0.03304063
125817,0,0.03304063
125818,0,0.033041373
125819,0,0.03304178
125820,0,0.033041537
125821,0,0.03304154
125822,0,0.033041157
125823,0,0.03304117
125824,0,0.033041157
125825,0,0.03304117
125826,0,0.033040952
125827,0,0.033040956
125828,0,0.033040944
125829,0,0.033040833
125830,0,0.033040844
125831,0,0.03304084
125832,0,0.033040836
125833,0,0.03304084
125834,0,0.033040844
125835,0,0.03304084
125836,0,0.033041865
125837,0,0.033041306
125838,0,0.033041067
125839,0,0.03304106
125840,0,0.033041067
125841,0,0.03304106
125842,0,0.033041056
125843,0,0.033040583
125844,0,0.033040576
125845,0,0.03304058
125846,0,0.033040587
125847,0,0.033040583
125848,0,0.033040334
125849,0,0.033040334
125850,0,0.03304034
125851,0,0.033040337
125852,0,0.03304034
125853,0,0.033040613
125854,0,0.033040617
125855,0,0.03304061
125856,0,0.033040598
125857,0,0.033040605
125858,0,0.033040795
125859,0,0.033040788
125860,0,0.033040803
125861,0,0.033040576
125862,0,0.033040453
125863,0,0.03304044
125864,0,0.03304045
125865,0,0.03304045
125866,0,0.033040468
125867,0,0.033040445
125868,0,0.033040456
125869,0,0.03304045
125870,0,0.033040453
125871,0,0.0330405
125872,0,0.03304108
125873,0,0.033041064
125874,0,0.03304108
125875,0,0.0330412
125876,0,0.03304145
125877,0,0.03304082
125878,0,0.03304081
125879,0,0.03304084
125880,0,0.033040836
125881,0,0.03304088
125882,0,0.033040743
125883,0,0.033040732
125884,0,0.033040743
125885,0,0.033040784
125886,0,0.03304075
125887,0,0.033040736
125888,0,0.033040736
125889,0,0.03304074
125890,0,0.033040747
125891,0,0.03304076
125892,0,0.03304075
125893,0,0.03304074
125894,0,0.03304088
125895,0,0.033040896
125896,0,0.033040907
125897,0,0.033040904
125898,0,0.033040985
125899,0,0.033040978
125900,0,0.033040974
125901,0,0.033040985
125902,0,0.033040985
125903,0,0.03304099
125904,0,0.033040963
125905,0,0.03304184
125906,0,0.033042092
125907,0,0.03304215
125908,0,0.03304235
125909,0,0.033041015
125910,0,0.03304101
125911,0,0.033041004
125912,0,0.033041004
125913,0,0.03304104
125914,0,0.033040915
125915,0,0.033040926
125916,0,0.03304093
125917,0,0.033040933
125918,0,0.033040937
125919,0,0.033041798
125920,0,0.033041798
125921,0,0.0330418
125922,0,0.03304181
125923,0,0.03304181
125924,0,0.03304179
125925,0,0.033042137
125926,0,0.033041995
125927,0,0.03304201
125928,0,0.033042017
125929,0,0.033042002
125930,0,0.03304201
125931,0,0.033042014
125932,0,0.033041548
125933,0,0.03304154
125934,0,0.03304154
125935,0,0.033041533
125936,0,0.03304087
125937,0,0.033040877
125938,0,0.033040866
125939,0,0.033040855
125940,0,0.033040866
125941,0,0.033040855
125942,0,0.033041008
125943,0,0.033040956
125944,0,0.033040933
125945,0,0.033040985
125946,0,0.03304144
125947,0,0.03304047
125948,0,0.033040468
125949,0,0.033040486
125950,0,0.033040486
125951,0,0.03304048
125952,0,0.03304042
125953,0,0.033040397
125954,0,0.033040397
125955,0,0.0330404
125956,0,0.0330404
125957,0,0.03304068
125958,0,0.033040684
125959,0,0.033040613
125960,0,0.03304057
125961,0,0.033040408
125962,0,0.03304041
125963,0,0.0330404
125964,0,0.033040415
125965,0,0.033040393
125966,0,0.03304039
125967,0,0.03304036
125968,0,0.03304038
125969,0,0.03304039
125970,0,0.033040423
125971,0,0.03304067
125972,0,0.03304067
125973,0,0.0330404
125974,0,0.03304039
125975,0,0.033040393
125976,0,0.033040393
125977,0,0.03304091
125978,0,0.033040334
125979,0,0.033040356
125980,0,0.03304041
125981,0,0.03304029
125982,0,0.033040337
125983,0,0.03304029
125984,0,0.03304028
125985,0,0.033040307
125986,0,0.033040285
125987,0,0.03304032
125988,0,0.03304035
125989,0,0.03304066
125990,0,0.033040553
125991,0,0.033040565
125992,0,0.03304055
125993,0,0.03304055
125994,0,0.03304055
125995,0,0.03304046
125996,0,0.03304046
125997,0,0.033040464
125998,0,0.03304046
125999,0,0.03304117
126000,0,0.033041168
126001,0,0.033041168
126002,0,0.033041194
126003,0,0.033040345
126004,0,0.033040345
126005,0,0.03304037
126006,0,0.033040375
126007,0,0.033040375
126008,0,0.033040483
126009,0,0.033040494
126010,0,0.033040483
126011,0,0.03304048
126012,0,0.033040483
126013,0,0.03304069
126014,0,0.0330412
126015,0,0.0330412
126016,0,0.03304121
126017,0,0.033041485
126018,0,0.033041485
126019,0,0.033041477
126020,0,0.033042178
126021,0,0.03304218
126022,0,0.03304077
126023,0,0.03304077
126024,0,0.033041064
126025,0,0.033041056
126026,0,0.033040635
126027,0,0.03304064
126028,0,0.03304064
126029,0,0.033040643
126030,0,0.033040643
126031,0,0.03304064
126032,0,0.03304105
126033,0,0.03304039
126034,0,0.03304039
126035,0,0.033040393
126036,0,0.03304054
126037,0,0.03304054
126038,0,0.03304054
126039,0,0.033040535
126040,0,0.033040535
126041,0,0.03304054
126042,0,0.033040535
126043,0,0.03304075
126044,0,0.033040754
126045,0,0.03304075
126046,0,0.033040974
126047,0,0.033040974
126048,0,0.033040974
126049,0,0.033040974
126050,0,0.033041008
126051,0,0.033040605
126052,0,0.033040605
126053,0,0.033040613
126054,0,0.03304061
126055,0,0.03304061
126056,0,0.03304061
126057,0,0.0330406
126058,0,0.033040605
126059,0,0.033040617
126060,0,0.033040673
126061,0,0.03304117
126062,0,0.033045277
126063,0,0.033044018
126064,0,0.033044197
126065,0,0.033040464
126066,0,0.0330407
126067,0,0.033040706
126068,0,0.033040732
126069,0,0.033040643
126070,0,0.03304056
126071,0,0.03304064
126072,0,0.03304105
126073,0,0.033040997
126074,0,0.03304076
126075,0,0.033362456
126076,0,0.033300713
126077,0,0.033302303
126078,0,0.03330563
126079,0,0.034263786
126080,0,0.033979278
126081,0,0.033975203
126082,0,0.033979937
126083,0,0.033376437
126084,0,0.033758204
126085,0,0.03376558
126086,0,0.033770233
126087,0,0.033761825
126088,0,0.03827298
126089,0,0.038290232
126090,0,0.08838937
126091,0,0.08844124
126092,0,0.08841135
126093,0,0.08851389
126094,0,0.047657084
126095,0,0.03305548
126096,0,0.033055432
126097,0,0.033055436
126098,0,0.033055183
126099,0,0.0330552
126100,0,0.0330409
126101,0,0.033040695
126102,0,0.03304074
126103,0,0.033040646
126104,0,0.033040855
126105,0,0.0330409
126106,0,0.03304076
126107,0,0.03304075
126108,0,0.033040773
126109,0,0.03304069
126110,0,0.033041023
126111,0,0.033040907
126112,0,0.033040766
126113,0,0.033040836
126114,0,0.033040904
126115,0,0.03304108
126116,0,0.03304066
126117,0,0.033040844
126118,0,0.033040732
126119,0,0.033040766
126120,0,0.033040922
126121,0,0.033040997
126122,0,0.033041008
126123,0,0.03304067
126124,0,0.03304072
126125,0,0.033040725
126126,0,0.033040803
126127,0,0.03304141
126128,0,0.033041414
126129,0,0.03304141
126130,0,0.033044472
126131,0,0.033956934
126132,0,0.03396092
126133,0,0.033959914
126134,0,0.033411764
126135,0,0.03340971
126136,0,0.033407286
126137,0,0.03340581
126138,0,0.034448493
126139,0,0.035642836
126140,0,0.033040818
126141,0,0.03304087
126142,0,0.033040818
126143,0,0.03304083
126144,0,0.03304089
126145,0,0.033040665
126146,0,0.0330408
126147,0,0.033040658
126148,0,0.033040985
126149,0,0.033040818
126150,0,0.033040583
126151,0,0.0330408
126152,0,0.03304065
126153,0,0.033040646
126154,0,0.033040985
126155,0,0.03304104
126156,0,0.033040695
126157,0,0.033139877
126158,0,0.033139363
126159,0,0.033040714
126160,0,0.03304075
126161,0,0.033040754
126162,0,0.03304057
126163,0,0.033040773
126164,0,0.033040766
126165,0,0.033040643
126166,0,0.03304062
126167,0,0.033040762
126168,0,0.033040665
126169,0,0.03304074
126170,0,0.03304076
126171,0,0.033040926
126172,0,0.033040795
126173,0,0.03304071
126174,0,0.033041038
126175,0,0.033040777
126176,0,0.03304078
126177,0,0.03304078
126178,0,0.033040803
126179,0,0.033040646
126180,0,0.033040743
126181,0,0.0330407
126182,0,0.033040702
126183,0,0.0330407
126184,0,0.033040956
126185,0,0.033040736
126186,0,0.033040754
126187,0,0.03304074
126188,0,0.03356848
126189,0,0.033565238
126190,0,0.033681963
126191,0,0.034572087
126192,0,0.034559082
126193,0,0.0330407
126194,0,0.03304063
126195,0,0.0330407
126196,0,0.033040598
126197,0,0.0330406
126198,0,0.033040747
126199,0,0.03304064
126200,0,0.033040714
126201,0,0.03304078
126202,0,0.033040605
126203,0,0.033040788
126204,0,0.033040762
126205,0,0.033040557
126206,0,0.033040732
126207,0,0.033040807
126208,0,0.033040795
126209,0,0.03304084
126210,0,0.03304069
126211,0,0.033040624
126212,0,0.033040594
126213,0,0.03304058
126214,0,0.03304061
126215,0,0.033040684
126216,0,0.03304075
126217,0,0.0330407
126218,0,0.033040743
126219,0,0.033040818
126220,0,0.033040583
126221,0,0.033040572
126222,0,0.033042595
126223,0,0.033042617
126224,0,0.033041224
126225,0,0.03304123
126226,0,0.033041228
126227,0,0.033041235
126228,0,0.033041235
126229,0,0.033044476
126230,0,0.034856126
126231,0,0.033043314
126232,0,0.03304326
126233,0,0.033043228
126234,0,0.033043254
126235,0,0.03304325
126236,0,0.03304324
126237,0,0.03304322
126238,0,0.033043213
126239,0,0.033040702
126240,0,0.03304068
126241,0,0.033040732
126242,0,0.033040732
126243,0,0.033040654
126244,0,0.033040725
126245,0,0.03304091
126246,0,0.033040687
126247,0,0.033040684
126248,0,0.033040714
126249,0,0.033040766
126250,0,0.033040747
126251,0,0.033040587
126252,0,0.033040747
126253,0,0.033040963
126254,0,0.033041026
126255,0,0.03304077
126256,0,0.033040803
126257,0,0.033040807
126258,0,0.033040907
126259,0,0.033040732
126260,0,0.033040825
126261,0,0.033040717
126262,0,0.033041347
126263,0,0.033041116
126264,0,0.033041123
126265,0,0.03304148
126266,0,0.033041477
126267,0,0.03304147
126268,0,0.033041477
126269,0,0.034077346
126270,0,0.033048727
126271,0,0.033048756
126272,0,0.033048652
126273,0,0.03304851
126274,0,0.033048455
126275,0,0.033041015
126276,0,0.03304099
126277,0,0.033040736
126278,0,0.033040747
126279,0,0.033040743
126280,0,0.033040896
126281,0,0.033040605
126282,0,0.033040695
126283,0,0.033040766
126284,0,0.033040922
126285,0,0.033040654
126286,0,0.033040773
126287,0,0.033040557
126288,0,0.033040676
126289,0,0.03304096
126290,0,0.0330408
126291,0,0.03304077
126292,0,0.033040736
126293,0,0.033040777
126294,0,0.033040825
126295,0,0.03304079
126296,0,0.033041045
126297,0,0.033040836
126298,0,0.033040766
126299,0,0.03304098
126300,0,0.033040605
126301,0,0.03304077
126302,0,0.03304101
126303,0,0.033040773
126304,0,0.033040594
126305,0,0.033040676
126306,0,0.033040695
126307,0,0.033041004
126308,0,0.03304086
126309,0,0.033040732
126310,0,0.033040583
126311,0,0.033040717
126312,0,0.03304084
126313,0,0.033040687
126314,0,0.033040788
126315,0,0.033040687
126316,0,0.03304051
126317,0,0.033040643
126318,0,0.033040933
126319,0,0.03304108
126320,0,0.03304077
126321,0,0.03304057
126322,0,0.033040565
126323,0,0.033040952
126324,0,0.033040777
126325,0,0.03304078
126326,0,0.033040497
126327,0,0.03304077
126328,0,0.03304073
126329,0,0.033040594
126330,0,0.033040565
126331,0,0.033040762
126332,0,0.033040784
126333,0,0.033040814
126334,0,0.033041
126335,0,0.03304101
126336,0,0.03304076
126337,0,0.03304086
126338,0,0.03304069
126339,0,0.03304077
126340,0,0.03304113
126341,0,0.033041127
126342,0,0.033040795
126343,0,0.03304076
126344,0,0.033040717
126345,0,0.033040892
126346,0,0.033040583
126347,0,0.033040747
126348,0,0.033040658
126349,0,0.033040702
126350,0,0.033041053
126351,0,0.033040803
126352,0,0.033044893
126353,0,0.03305854
126354,0,0.033058584
126355,0,0.033058792
126356,0,0.03305859
126357,0,0.03305863
126358,0,0.03305855
126359,0,0.033058867
126360,0,0.033078022
126361,0,0.033102516
126362,0,0.033101954
126363,0,0.033179
126364,0,0.0331786
126365,0,0.033176634
126366,0,0.033065956
126367,0,0.033040766
126368,0,0.033040546
126369,0,0.03304045
126370,0,0.033040486
126371,0,0.03304034
126372,0,0.03304036
126373,0,0.03304038
126374,0,0.033040375
126375,0,0.033040345
126376,0,0.03304036
126377,0,0.03304036
126378,0,0.03304034
126379,0,0.033040423
126380,0,0.033040393
126381,0,0.03304049
126382,0,0.033040304
126383,0,0.033040356
126384,0,0.033040367
126385,0,0.033040315
126386,0,0.033040423
126387,0,0.033040393
126388,0,0.03304041
126389,0,0.03304046
126390,0,0.033040393
126391,0,0.03304041
126392,0,0.03304042
126393,0,0.03304043
126394,0,0.033040553
126395,0,0.03304042
126396,0,0.03304042
126397,0,0.03304042
126398,0,0.03304042
126399,0,0.033040553
126400,0,0.03304042
126401,0,0.033040367
126402,0,0.033040423
126403,0,0.033040423
126404,0,0.033040415
126405,0,0.033040892
126406,0,0.033040754
126407,0,0.033044133
126408,0,0.033044122
126409,0,0.033044096
126410,0,0.033040773
126411,0,0.03304071
126412,0,0.03304059
126413,0,0.03304053
126414,0,0.033040613
126415,0,0.033040732
126416,0,0.03304081
126417,0,0.033040628
126418,0,0.03304073
126419,0,0.033040747
126420,0,0.033040695
126421,0,0.03304076
126422,0,0.033040926
126423,0,0.033040725
126424,0,0.03304083
126425,0,0.03304074
126426,0,0.03304081
126427,0,0.033040907
126428,0,0.033040725
126429,0,0.03304077
126430,0,0.0330406
126431,0,0.033040747
126432,0,0.03304072
126433,0,0.033040762
126434,0,0.033040788
126435,0,0.03304085
126436,0,0.033040803
126437,0,0.03304067
126438,0,0.033040725
126439,0,0.03850072
126440,0,0.033040673
126441,0,0.033040725
126442,0,0.033041097
126443,0,0.0330411
126444,0,0.033041093
126445,0,0.033041097
126446,0,0.03304071
126447,0,0.033040624
126448,0,0.033040743
126449,0,0.03304086
126450,0,0.03304077
126451,0,0.03304065
126452,0,0.03304073
126453,0,0.03304059
126454,0,0.033040654
126455,0,0.033040706
126456,0,0.033040646
126457,0,0.033040583
126458,0,0.033040512
126459,0,0.03304063
126460,0,0.033040762
126461,0,0.033040877
126462,0,0.03304059
126463,0,0.033040565
126464,0,0.033040702
126465,0,0.03304052
126466,0,0.03304068
126467,0,0.03304078
126468,0,0.03304075
126469,0,0.033040754
126470,0,0.033040732
126471,0,0.03304068
126472,0,0.03304055
126473,0,0.033040877
126474,0,0.05359994
126475,0,0.03349794
126476,0,0.033040766
126477,0,0.033040676
126478,0,0.033040855
126479,0,0.03304097
126480,0,0.033040754
126481,0,0.033040762
126482,0,0.03304075
126483,0,0.03304095
126484,0,0.03304071
126485,0,0.033040725
126486,0,0.033040762
126487,0,0.033040732
126488,0,0.03304073
126489,0,0.03304061
126490,0,0.033040963
126491,0,0.033040963
126492,0,0.033040963
126493,0,0.033040963
126494,0,0.033040967
126495,0,0.033040967
126496,0,0.033040967
126497,0,0.036533363
126498,0,0.03655335
126499,0,0.036532696
126500,0,0.033044845
126501,0,0.03304489
126502,0,0.033040702
126503,0,0.033040684
126504,0,0.03304069
126505,0,0.03304082
126506,0,0.033040624
126507,0,0.033040818
126508,0,0.03304093
126509,0,0.033041053
126510,0,0.033040725
126511,0,0.033040665
126512,0,0.033040646
126513,0,0.033142377
126514,0,0.0565969
126515,0,0.0567004
126516,0,0.033040818
126517,0,0.033041023
126518,0,0.03304084
126519,0,0.033040874
126520,0,0.033040654
126521,0,0.03304071
126522,0,0.0330407
126523,0,0.033040695
126524,0,0.033040684
126525,0,0.03304101
126526,0,0.033040818
126527,0,0.0330408
126528,0,0.03304026
126529,0,0.033040278
126530,0,0.033040293
126531,0,0.033040248
126532,0,0.033040322
126533,0,0.033040322
126534,0,0.033040307
126535,0,0.033040304
126536,0,0.03304031
126537,0,0.033040307
126538,0,0.033040438
126539,0,0.03304044
126540,0,0.033040237
126541,0,0.03304027
126542,0,0.03304026
126543,0,0.033040565
126544,0,0.03304026
126545,0,0.033040687
126546,0,0.03304026
126547,0,0.03304026
126548,0,0.03304026
126549,0,0.03304026
126550,0,0.033040233
126551,0,0.033040248
126552,0,0.03304024
126553,0,0.03304024
126554,0,0.033040285
126555,0,0.03304028
126556,0,0.033040244
126557,0,0.03304024
126558,0,0.03304024
126559,0,0.03304061
126560,0,0.03304024
126561,0,0.03304026
126562,0,0.033040285
126563,0,0.033040233
126564,0,0.033040233
126565,0,0.033040233
126566,0,0.033040233
126567,0,0.033040237
126568,0,0.033040233
126569,0,0.033040233
126570,0,0.033040233
126571,0,0.033040233
126572,0,0.033040226
126573,0,0.033040337
126574,0,0.033040334
126575,0,0.033040237
126576,0,0.03304024
126577,0,0.033040233
126578,0,0.033040747
126579,0,0.03304028
126580,0,0.03304028
126581,0,0.03304028
126582,0,0.033040565
126583,0,0.033139247
126584,0,0.055986766
126585,0,0.056039583
126586,0,0.033040967
126587,0,0.033040967
126588,0,0.03304096
126589,0,0.033040952
126590,0,0.033040952
126591,0,0.033040944
126592,0,0.03304021
126593,0,0.033040233
126594,0,0.033040233
126595,0,0.03304023
126596,0,0.033040237
126597,0,0.033040248
126598,0,0.03304025
126599,0,0.033040255
126600,0,0.033040248
126601,0,0.033040248
126602,0,0.03304043
126603,0,0.033040274
126604,0,0.033040274
126605,0,0.033040307
126606,0,0.033040226
126607,0,0.033066217
126608,0,0.033066377
126609,0,0.033040415
126610,0,0.033040415
126611,0,0.033040415
126612,0,0.033040438
126613,0,0.033040415
126614,0,0.033040415
126615,0,0.033040415
126616,0,0.033040415
126617,0,0.03304021
126618,0,0.033040207
126619,0,0.033040214
126620,0,0.033040214
126621,0,0.033040214
126622,0,0.03304021
126623,0,0.033040203
126624,0,0.033040203
126625,0,0.03304024
126626,0,0.033040226
126627,0,0.03304024
126628,0,0.03304024
126629,0,0.033040255
126630,0,0.03304018
126631,0,0.033040192
126632,0,0.033040192
126633,0,0.033040207
126634,0,0.033040266
126635,0,0.033040233
126636,0,0.033040203
126637,0,0.03304021
126638,0,0.0330402
126639,0,0.033040214
126640,0,0.03304024
126641,0,0.03304022
126642,0,0.033040214
126643,0,0.033040248
126644,0,0.033040233
126645,0,0.03304024
126646,0,0.033040278
126647,0,0.03304025
126648,0,0.033040322
126649,0,0.033040326
126650,0,0.03304031
126651,0,0.03304021
126652,0,0.03304021
126653,0,0.03304022
126654,0,0.033040263
126655,0,0.033040263
126656,0,0.033040263
126657,0,0.03304029
126658,0,0.03304029
126659,0,0.03304027
126660,0,0.033040263
126661,0,0.033040263
126662,0,0.033040263
126663,0,0.03304027
126664,0,0.033040192
126665,0,0.033040218
126666,0,0.033040214
126667,0,0.033040203
126668,0,0.033040315
126669,0,0.033040315
126670,0,0.033040285
126671,0,0.033040285
126672,0,0.03304031
126673,0,0.033040315
126674,0,0.033040315
126675,0,0.033040315
126676,0,0.033040315
126677,0,0.033040315
126678,0,0.03304031
126679,0,0.033040337
126680,0,0.03304038
126681,0,0.0330404
126682,0,0.03304043
126683,0,0.033040427
126684,0,0.033108823
126685,0,0.03310832
126686,0,0.03304041
126687,0,0.03304041
126688,0,0.033040415
126689,0,0.033040218
126690,0,0.033040214
126691,0,0.033040214
126692,0,0.033040203
126693,0,0.033040244
126694,0,0.033040248
126695,0,0.033040218
126696,0,0.033040203
126697,0,0.03304039
126698,0,0.033040773
126699,0,0.033040233
126700,0,0.03304021
126701,0,0.033040203
126702,0,0.033040248
126703,0,0.033040248
126704,0,0.033040248
126705,0,0.033040248
126706,0,0.033040248
126707,0,0.033040248
126708,0,0.033040248
126709,0,0.033040248
126710,0,0.033040248
126711,0,0.033040248
126712,0,0.033040214
126713,0,0.033040635
126714,0,0.0330402
126715,0,0.033040255
126716,0,0.03304109
126717,0,0.033040784
126718,0,0.0330402
126719,0,0.03304072
126720,0,0.033040736
126721,0,0.033040226
126722,0,0.033040266
126723,0,0.03304032
126724,0,0.033040307
126725,0,0.03304025
126726,0,0.03304025
126727,0,0.03304087
126728,0,0.03304023
126729,0,0.03304023
126730,0,0.033040203
126731,0,0.033040203
126732,0,0.03304022
126733,0,0.033040278
126734,0,0.033040214
126735,0,0.03304021
126736,0,0.033040855
126737,0,0.033040695
126738,0,0.033040777
126739,0,0.033041157
126740,0,0.033040274
126741,0,0.033040244
126742,0,0.033040255
126743,0,0.03304085
126744,0,0.033040818
126745,0,0.033040747
126746,0,0.033040196
126747,0,0.033040207
126748,0,0.03304026
126749,0,0.033040214
126750,0,0.033040192
126751,0,0.033040214
126752,0,0.033040214
126753,0,0.033040207
126754,0,0.033040226
126755,0,0.033040214
126756,0,0.033040207
126757,0,0.033040274
126758,0,0.033040278
126759,0,0.033040207
126760,0,0.033040214
126761,0,0.03304023
126762,0,0.033040192
126763,0,0.03304022
126764,0,0.033040196
126765,0,0.03304019
126766,0,0.03304021
126767,0,0.033040218
126768,0,0.03304021
126769,0,0.033040244
126770,0,0.033040214
126771,0,0.033040207
126772,0,0.033040226
126773,0,0.033040237
126774,0,0.033040244
126775,0,0.033040237
126776,0,0.033040233
126777,0,0.033040237
126778,0,0.033040233
126779,0,0.033040237
126780,0,0.03304025
126781,0,0.03304025
126782,0,0.03304025
126783,0,0.03304026
126784,0,0.033040226
126785,0,0.03304023
126786,0,0.03304023
126787,0,0.033040226
126788,0,0.03304023
126789,0,0.033040233
126790,0,0.03304024
126791,0,0.03304024
126792,0,0.03304023
126793,0,0.033040233
126794,0,0.03304091
126795,0,0.03304092
126796,0,0.033040475
126797,0,0.03304216
126798,0,0.033040468
126799,0,0.033040468
126800,0,0.033040468
126801,0,0.033040375
126802,0,0.033040375
126803,0,0.03304037
126804,0,0.033040352
126805,0,0.033040293
126806,0,0.033040293
126807,0,0.033040565
126808,0,0.033040285
126809,0,0.033040285
126810,0,0.033040266
126811,0,0.033040266
126812,0,0.033040266
126813,0,0.033040687
126814,0,0.03304065
126815,0,0.03304023
126816,0,0.03304023
126817,0,0.03304023
126818,0,0.03304023
126819,0,0.03304023
126820,0,0.033040237
126821,0,0.03304025
126822,0,0.033040255
126823,0,0.033040233
126824,0,0.033040628
126825,0,0.03304022
126826,0,0.03304023
126827,0,0.03304023
126828,0,0.03304023
126829,0,0.03304023
126830,0,0.033040896
126831,0,0.03304032
126832,0,0.033040397
126833,0,0.033040795
126834,0,0.033040397
126835,0,0.033040397
126836,0,0.033040397
126837,0,0.033040397
126838,0,0.033040877
126839,0,0.033040397
126840,0,0.03304023
126841,0,0.033040263
126842,0,0.033040863
126843,0,0.033040203
126844,0,0.033040192
126845,0,0.03304073
126846,0,0.033040848
126847,0,0.033040997
126848,0,0.03304071
126849,0,0.03304021
126850,0,0.033040203
126851,0,0.033040207
126852,0,0.03304018
126853,0,0.033040922
126854,0,0.03304075
126855,0,0.0330402
126856,0,0.033040997
126857,0,0.033040766
126858,0,0.033040773
126859,0,0.03304022
126860,0,0.03304025
126861,0,0.03951394
126862,0,0.03949212
126863,0,0.033040825
126864,0,0.033041056
126865,0,0.0330411
126866,0,0.03304021
126867,0,0.03304044
126868,0,0.033040456
126869,0,0.033040658
126870,0,0.033040196
126871,0,0.03304021
126872,0,0.033040196
126873,0,0.033040214
126874,0,0.033040214
126875,0,0.03304022
126876,0,0.033040874
126877,0,0.03304116
126878,0,0.033040848
126879,0,0.03304077
126880,0,0.033040702
126881,0,0.03304083
126882,0,0.03304089
126883,0,0.03304083
126884,0,0.03304085
126885,0,0.033040717
126886,0,0.033040825
126887,0,0.03304068
126888,0,0.033040214
126889,0,0.033040226
126890,0,0.03304085
126891,0,0.033041183
126892,0,0.033040766
126893,0,0.03304086
126894,0,0.033041164
126895,0,0.033040863
126896,0,0.03304064
126897,0,0.03304071
126898,0,0.033040814
126899,0,0.03304065
126900,0,0.03304074
126901,0,0.03304079
126902,0,0.03304086
126903,0,0.033040717
126904,0,0.033041105
126905,0,0.03304088
126906,0,0.03304077
126907,0,0.033040714
126908,0,0.033040855
126909,0,0.033040795
126910,0,0.033040777
126911,0,0.03304067
126912,0,0.03304068
126913,0,0.03304076
126914,0,0.0330411
126915,0,0.033040766
126916,0,0.03304073
126917,0,0.033040747
126918,0,0.03304085
126919,0,0.033040583
126920,0,0.033040773
126921,0,0.0330408
126922,0,0.033040833
126923,0,0.033040848
126924,0,0.03304066
126925,0,0.03304065
126926,0,0.03304074
126927,0,0.033040684
126928,0,0.03304078
126929,0,0.03304077
126930,0,0.033040773
126931,0,0.03304073
126932,0,0.033040687
126933,0,0.03304063
126934,0,0.033040717
126935,0,0.033040985
126936,0,0.033040855
126937,0,0.033040784
126938,0,0.033040814
126939,0,0.03304084
126940,0,0.033040784
126941,0,0.03304071
126942,0,0.033040844
126943,0,0.033040747
126944,0,0.033040717
126945,0,0.03304064
126946,0,0.03304073
126947,0,0.033040993
126948,0,0.033040855
126949,0,0.033040844
126950,0,0.033040654
126951,0,0.03304073
126952,0,0.03304068
126953,0,0.033041038
126954,0,0.033040598
126955,0,0.03304083
126956,0,0.03304082
126957,0,0.03304088
126958,0,0.033040732
126959,0,0.03304061
126960,0,0.03304071
126961,0,0.033040795
126962,0,0.03304078
126963,0,0.033040725
126964,0,0.033040777
126965,0,0.033040695
126966,0,0.033040494
126967,0,0.03304055
126968,0,0.033040423
126969,0,0.03304052
126970,0,0.033040456
126971,0,0.033040427
126972,0,0.033040334
126973,0,0.03304038
126974,0,0.033040483
126975,0,0.03304049
126976,0,0.033040464
126977,0,0.03304037
126978,0,0.033040542
126979,0,0.03304051
126980,0,0.03304054
126981,0,0.033040434
126982,0,0.033040382
126983,0,0.03304054
126984,0,0.03304038
126985,0,0.033040427
126986,0,0.033040494
126987,0,0.033040587
126988,0,0.033040505
126989,0,0.033040505
126990,0,0.033040527
126991,0,0.033040468
126992,0,0.03304051
126993,0,0.033040572
126994,0,0.033040535
126995,0,0.033040483
126996,0,0.033043344
126997,0,0.03313284
126998,0,0.033133723
126999,0,0.03304054
127000,0,0.03304054
127001,0,0.033040453
127002,0,0.033040427
127003,0,0.033040382
127004,0,0.033040617
127005,0,0.03304049
127006,0,0.033040453
127007,0,0.033040576
127008,0,0.03304048
127009,0,0.033040605
127010,0,0.033040326
127011,0,0.033040408
127012,0,0.033040408
127013,0,0.033040423
127014,0,0.033040427
127015,0,0.03304045
127016,0,0.03304044
127017,0,0.033040404
127018,0,0.033040516
127019,0,0.0330405
127020,0,0.033040505
127021,0,0.03304041
127022,0,0.033040445
127023,0,0.033040434
127024,0,0.033040546
127025,0,0.03304054
127026,0,0.033040494
127027,0,0.03304043
127028,0,0.03304041
127029,0,0.033040617
127030,0,0.033040557
127031,0,0.03304045
127032,0,0.033040434
127033,0,0.033040427
127034,0,0.03304044
127035,0,0.033040404
127036,0,0.033040483
127037,0,0.033040505
127038,0,0.03304041
127039,0,0.033040598
127040,0,0.03304049
127041,0,0.033040486
127042,0,0.03304053
127043,0,0.033040438
127044,0,0.033040546
127045,0,0.033040456
127046,0,0.033040505
127047,0,0.033040456
127048,0,0.03304048
127049,0,0.033040408
127050,0,0.03304066
127051,0,0.03304077
127052,0,0.033040762
127053,0,0.033040468
127054,0,0.033040483
127055,0,0.033040617
127056,0,0.03304071
127057,0,0.03304078
127058,0,0.033040658
127059,0,0.03304108
127060,0,0.033041008
127061,0,0.03304066
127062,0,0.03304074
127063,0,0.033040654
127064,0,0.03304068
127065,0,0.03304073
127066,0,0.033040635
127067,0,0.03304094
127068,0,0.033041015
127069,0,0.03304075
127070,0,0.033040702
127071,0,0.033040687
127072,0,0.03304071
127073,0,0.033040687
127074,0,0.033045705
127075,0,0.03304571
127076,0,0.03304075
127077,0,0.033040788
127078,0,0.033040795
127079,0,0.033041112
127080,0,0.03304077
127081,0,0.03304078
127082,0,0.033040702
127083,0,0.033040736
127084,0,0.03304055
127085,0,0.03304063
127086,0,0.033040788
127087,0,0.033040803
127088,0,0.03304059
127089,0,0.03304069
127090,0,0.033040874
127091,0,0.033041093
127092,0,0.033040676
127093,0,0.03304075
127094,0,0.033040684
127095,0,0.03304076
127096,0,0.033040714
127097,0,0.033040732
127098,0,0.033040695
127099,0,0.033040646
127100,0,0.033040736
127101,0,0.033040605
127102,0,0.0330411
127103,0,0.03304097
127104,0,0.033040732
127105,0,0.0330409
127106,0,0.033040747
127107,0,0.033040777
127108,0,0.03304075
127109,0,0.03304101
127110,0,0.03304072
127111,0,0.033040777
127112,0,0.033040747
127113,0,0.033040598
127114,0,0.033040754
127115,0,0.033040475
127116,0,0.033040565
127117,0,0.033040557
127118,0,0.03304052
127119,0,0.033040635
127120,0,0.033040557
127121,0,0.033040628
127122,0,0.03304055
127123,0,0.03304058
127124,0,0.033040643
127125,0,0.03304065
127126,0,0.033040863
127127,0,0.03304069
127128,0,0.033040736
127129,0,0.03304106
127130,0,0.033040706
127131,0,0.033040743
127132,0,0.033040818
127133,0,0.033040714
127134,0,0.03304081
127135,0,0.03304089
127136,0,0.03304094
127137,0,0.0330408
127138,0,0.033040684
127139,0,0.033040814
127140,0,0.03304071
127141,0,0.033040673
127142,0,0.03304076
127143,0,0.03304065
127144,0,0.03304072
127145,0,0.033040557
127146,0,0.033040717
127147,0,0.033040613
127148,0,0.03304078
127149,0,0.033040714
127150,0,0.03304072
127151,0,0.033040874
127152,0,0.033040725
127153,0,0.033040743
127154,0,0.033040807
127155,0,0.033040754
127156,0,0.033040702
127157,0,0.03304075
127158,0,0.033040807
127159,0,0.03304105
127160,0,0.03304071
127161,0,0.03304066
127162,0,0.0330408
127163,0,0.033040814
127164,0,0.033040725
127165,0,0.033052936
127166,0,0.033041976
127167,0,0.033052325
127168,0,0.033040605
127169,0,0.033040706
127170,0,0.033040747
127171,0,0.033040766
127172,0,0.033040814
127173,0,0.03304067
127174,0,0.03304104
127175,0,0.033041123
127176,0,0.033040747
127177,0,0.033040736
127178,0,0.033040587
127179,0,0.033040658
127180,0,0.03304062
127181,0,0.033040546
127182,0,0.03304063
127183,0,0.033040784
127184,0,0.03304074
127185,0,0.033040643
127186,0,0.033040687
127187,0,0.03304064
127188,0,0.033040643
127189,0,0.03304073
127190,0,0.033040576
127191,0,0.033040557
127192,0,0.033040673
127193,0,0.033040725
127194,0,0.03304066
127195,0,0.033040762
127196,0,0.033040773
127197,0,0.033040877
127198,0,0.033040754
127199,0,0.03304048
127200,0,0.033040453
127201,0,0.033040475
127202,0,0.033040453
127203,0,0.033040453
127204,0,0.03304058
127205,0,0.033040475
127206,0,0.033040475
127207,0,0.033040375
127208,0,0.033040367
127209,0,0.033040464
127210,0,0.033040524
127211,0,0.03304055
127212,0,0.033040408
127213,0,0.033040605
127214,0,0.033040404
127215,0,0.033040445
127216,0,0.033040475
127217,0,0.033040646
127218,0,0.03304045
127219,0,0.033040464
127220,0,0.03304048
127221,0,0.033040337
127222,0,0.033040654
127223,0,0.033040687
127224,0,0.033040658
127225,0,0.033040702
127226,0,0.03304057
127227,0,0.03304065
127228,0,0.03304068
127229,0,0.033040784
127230,0,0.03304081
127231,0,0.033040553
127232,0,0.03304071
127233,0,0.033040788
127234,0,0.033040687
127235,0,0.03304061
127236,0,0.033040866
127237,0,0.033040766
127238,0,0.03304108
127239,0,0.03304078
127240,0,0.033040624
127241,0,0.033040695
127242,0,0.033040613
127243,0,0.03304068
127244,0,0.033040885
127245,0,0.033040777
127246,0,0.033040777
127247,0,0.03304081
127248,0,0.033040743
127249,0,0.03304075
127250,0,0.033040736
127251,0,0.03304073
127252,0,0.033040762
127253,0,0.033040814
127254,0,0.033040795
127255,0,0.033040747
127256,0,0.033040766
127257,0,0.033040762
127258,0,0.033040717
127259,0,0.03304088
127260,0,0.03304109
127261,0,0.03304082
127262,0,0.033040732
127263,0,0.033040814
127264,0,0.03304063
127265,0,0.03304108
127266,0,0.033040803
127267,0,0.033040583
127268,0,0.033040844
127269,0,0.03304081
127270,0,0.033040848
127271,0,0.033040944
127272,0,0.03304069
127273,0,0.033040885
127274,0,0.033040598
127275,0,0.03304077
127276,0,0.033040836
127277,0,0.033040684
127278,0,0.033040747
127279,0,0.033040736
127280,0,0.033040654
127281,0,0.03304072
127282,0,0.033041026
127283,0,0.033040762
127284,0,0.033040814
127285,0,0.03304082
127286,0,0.033040788
127287,0,0.03304089
127288,0,0.033040777
127289,0,0.033040676
127290,0,0.033040747
127291,0,0.033040743
127292,0,0.03304084
127293,0,0.033040877
127294,0,0.033040673
127295,0,0.033040624
127296,0,0.033040978
127297,0,0.033040702
127298,0,0.033040687
127299,0,0.033040646
127300,0,0.03304072
127301,0,0.033040706
127302,0,0.033040974
127303,0,0.0330407
127304,0,0.03304065
127305,0,0.033040673
127306,0,0.033040702
127307,0,0.033040646
127308,0,0.03304063
127309,0,0.033040635
127310,0,0.03304062
127311,0,0.033040613
127312,0,0.03304077
127313,0,0.033040494
127314,0,0.03304086
127315,0,0.03304067
127316,0,0.033040673
127317,0,0.033040464
127318,0,0.033040617
127319,0,0.033040717
127320,0,0.033040725
127321,0,0.033040993
127322,0,0.033041123
127323,0,0.03304072
127324,0,0.03304052
127325,0,0.033040453
127326,0,0.03304062
127327,0,0.033040587
127328,0,0.03304049
127329,0,0.033040546
127330,0,0.033040687
127331,0,0.033040456
127332,0,0.033040512
127333,0,0.03304047
127334,0,0.033040512
127335,0,0.033040494
127336,0,0.03304047
127337,0,0.03304055
127338,0,0.03304049
127339,0,0.033040617
127340,0,0.033040524
127341,0,0.033040516
127342,0,0.03304071
127343,0,0.033040512
127344,0,0.033040475
127345,0,0.033040695
127346,0,0.033040553
127347,0,0.033040717
127348,0,0.033040643
127349,0,0.03304045
127350,0,0.033040494
127351,0,0.033040605
127352,0,0.03304047
127353,0,0.033040557
127354,0,0.033040643
127355,0,0.03304048
127356,0,0.033040598
127357,0,0.033040646
127358,0,0.033040464
127359,0,0.033040497
127360,0,0.033040524
127361,0,0.03304046
127362,0,0.03304047
127363,0,0.033040438
127364,0,0.03304049
127365,0,0.03304046
127366,0,0.03304053
127367,0,0.033040475
127368,0,0.033040587
127369,0,0.033040695
127370,0,0.033040684
127371,0,0.033040706
127372,0,0.033040795
127373,0,0.033040617
127374,0,0.03304058
127375,0,0.03304063
127376,0,0.033040732
127377,0,0.033040714
127378,0,0.03304082
127379,0,0.033040736
127380,0,0.03304047
127381,0,0.033040553
127382,0,0.033040423
127383,0,0.0330406
127384,0,0.03304835
127385,0,0.033040825
127386,0,0.0330407
127387,0,0.03304045
127388,0,0.033040557
127389,0,0.03304046
127390,0,0.033040754
127391,0,0.033040468
127392,0,0.033040404
127393,0,0.033040486
127394,0,0.033040565
127395,0,0.033040546
127396,0,0.033040676
127397,0,0.03304056
127398,0,0.033040643
127399,0,0.033040456
127400,0,0.033040583
127401,0,0.033040542
127402,0,0.033040423
127403,0,0.033040367
127404,0,0.033040438
127405,0,0.03304047
127406,0,0.03304048
127407,0,0.03304051
127408,0,0.033040427
127409,0,0.03304045
127410,0,0.033040483
127411,0,0.033040464
127412,0,0.033040427
127413,0,0.033040475
127414,0,0.033040438
127415,0,0.033040445
127416,0,0.0330405
127417,0,0.033040456
127418,0,0.033040464
127419,0,0.033040527
127420,0,0.033040497
127421,0,0.033040404
127422,0,0.03304034
127423,0,0.033040397
127424,0,0.03304038
127425,0,0.033040375
127426,0,0.033040408
127427,0,0.03304049
127428,0,0.03304052
127429,0,0.033040483
127430,0,0.033040486
127431,0,0.03304048
127432,0,0.033040516
127433,0,0.0330405
127434,0,0.03304046
127435,0,0.033040352
127436,0,0.03304039
127437,0,0.033040438
127438,0,0.033040468
127439,0,0.033040464
127440,0,0.0330404
127441,0,0.033040453
127442,0,0.033040408
127443,0,0.033040427
127444,0,0.03304059
127445,0,0.033040464
127446,0,0.033040524
127447,0,0.033040524
127448,0,0.033040512
127449,0,0.03304048
127450,0,0.033040583
127451,0,0.033040524
127452,0,0.03304067
127453,0,0.033040714
127454,0,0.033040475
127455,0,0.03304052
127456,0,0.033040483
127457,0,0.03304047
127458,0,0.03304041
127459,0,0.03304049
127460,0,0.03304045
127461,0,0.03304056
127462,0,0.03304047
127463,0,0.033040516
127464,0,0.03304058
127465,0,0.033040404
127466,0,0.033040497
127467,0,0.033040393
127468,0,0.03304044
127469,0,0.033040475
127470,0,0.033040382
127471,0,0.033040512
127472,0,0.03304048
127473,0,0.03304051
127474,0,0.03304041
127475,0,0.033040393
127476,0,0.03304048
127477,0,0.033040438
127478,0,0.033040434
127479,0,0.03304057
127480,0,0.03304088
127481,0,0.033040587
127482,0,0.033040415
127483,0,0.033040456
127484,0,0.033040486
127485,0,0.033040512
127486,0,0.033040587
127487,0,0.033040423
127488,0,0.03304044
127489,0,0.03304042
127490,0,0.033040486
127491,0,0.03304043
127492,0,0.0330405
127493,0,0.033040468
127494,0,0.03304042
127495,0,0.033040445
127496,0,0.03304046
127497,0,0.03304045
127498,0,0.033040397
127499,0,0.0330405
127500,0,0.033040352
127501,0,0.033040415
127502,0,0.03304055
127503,0,0.03304041
127504,0,0.03304045
127505,0,0.03304041
127506,0,0.03304051
127507,0,0.033040423
127508,0,0.033040397
127509,0,0.033040404
127510,0,0.033040427
127511,0,0.033040382
127512,0,0.033040404
127513,0,0.033040456
127514,0,0.033040356
127515,0,0.03304047
127516,0,0.033040382
127517,0,0.03304048
127518,0,0.033040456
127519,0,0.03304045
127520,0,0.03304041
127521,0,0.03304047
127522,0,0.03304048
127523,0,0.033040524
127524,0,0.033040646
127525,0,0.033040497
127526,0,0.033040915
127527,0,0.033040527
127528,0,0.03304099
127529,0,0.033040483
127530,0,0.033040464
127531,0,0.03304047
127532,0,0.033040445
127533,0,0.033040445
127534,0,0.033040427
127535,0,0.03304057
127536,0,0.033040524
127537,0,0.033040587
127538,0,0.033040594
127539,0,0.033040736
127540,0,0.033040747
127541,0,0.033040594
127542,0,0.033040926
127543,0,0.033040732
127544,0,0.03304073
127545,0,0.033040762
127546,0,0.03304051
127547,0,0.03304066
127548,0,0.033040684
127549,0,0.03304081
127550,0,0.033040527
127551,0,0.0330407
127552,0,0.033040453
127553,0,0.033040423
127554,0,0.03304042
127555,0,0.03304054
127556,0,0.03304048
127557,0,0.033040665
127558,0,0.033040702
127559,0,0.033040777
127560,0,0.03304073
127561,0,0.03304048
127562,0,0.033040732
127563,0,0.03304058
127564,0,0.033040665
127565,0,0.033040743
127566,0,0.033040572
127567,0,0.033040453
127568,0,0.033040598
127569,0,0.0330406
127570,0,0.033040754
127571,0,0.033040393
127572,0,0.033040382
127573,0,0.033040337
127574,0,0.033040356
127575,0,0.033040497
127576,0,0.033040475
127577,0,0.03304035
127578,0,0.03304043
127579,0,0.033040516
127580,0,0.033040382
127581,0,0.033040486
127582,0,0.033040643
127583,0,0.033040676
127584,0,0.03304052
127585,0,0.033040512
127586,0,0.033040542
127587,0,0.033040933
127588,0,0.03304093
127589,0,0.03304093
127590,0,0.03304093
127591,0,0.033040874
127592,0,0.033040404
127593,0,0.033040494
127594,0,0.033040486
127595,0,0.033040475
127596,0,0.03304046
127597,0,0.03304049
127598,0,0.033040524
127599,0,0.033040468
127600,0,0.033040393
127601,0,0.033040434
127602,0,0.033040613
127603,0,0.033040892
127604,0,0.033040896
127605,0,0.033040408
127606,0,0.033040456
127607,0,0.033040635
127608,0,0.0330405
127609,0,0.033040494
127610,0,0.03304046
127611,0,0.0330404
127612,0,0.033040456
127613,0,0.033040594
127614,0,0.033040516
127615,0,0.033040524
127616,0,0.03304045
127617,0,0.033040468
127618,0,0.03304045
127619,0,0.03304041
127620,0,0.033040386
127621,0,0.033040423
127622,0,0.033040483
127623,0,0.033040464
127624,0,0.03304064
127625,0,0.033040516
127626,0,0.033040367
127627,0,0.033040565
127628,0,0.033040456
127629,0,0.03304044
127630,0,0.033040445
127631,0,0.03304062
127632,0,0.033040423
127633,0,0.033040516
127634,0,0.033040393
127635,0,0.033040583
127636,0,0.03304066
127637,0,0.03304048
127638,0,0.033040453
127639,0,0.03304051
127640,0,0.033040427
127641,0,0.033040468
127642,0,0.033040475
127643,0,0.03304043
127644,0,0.033040658
127645,0,0.033040546
127646,0,0.033040646
127647,0,0.033040535
127648,0,0.033040494
127649,0,0.033040512
127650,0,0.03304059
127651,0,0.033040542
127652,0,0.03304041
127653,0,0.033040438
127654,0,0.033040456
127655,0,0.033040546
127656,0,0.03304056
127657,0,0.033040494
127658,0,0.033040524
127659,0,0.033040497
127660,0,0.033040565
127661,0,0.033040587
127662,0,0.033040542
127663,0,0.03304051
127664,0,0.03304046
127665,0,0.03304043
127666,0,0.03304074
127667,0,0.03304054
127668,0,0.033040505
127669,0,0.03304055
127670,0,0.03304061
127671,0,0.03304044
127672,0,0.03304045
127673,0,0.033040505
127674,0,0.03304051
127675,0,0.03304063
127676,0,0.033040535
127677,0,0.033040553
127678,0,0.033040572
127679,0,0.03304039
127680,0,0.03304049
127681,0,0.033040754
127682,0,0.03304041
127683,0,0.033040468
127684,0,0.0330405
127685,0,0.03304054
127686,0,0.03304062
127687,0,0.033040445
127688,0,0.03304049
127689,0,0.033040576
127690,0,0.033040542
127691,0,0.03304056
127692,0,0.03304059
127693,0,0.03304053
127694,0,0.033040464
127695,0,0.033040512
127696,0,0.033040434
127697,0,0.033040438
127698,0,0.03304054
127699,0,0.03304046
127700,0,0.033040553
127701,0,0.03304054
127702,0,0.03304077
127703,0,0.033040527
127704,0,0.03304048
127705,0,0.033040497
127706,0,0.03304052
127707,0,0.033040535
127708,0,0.03304051
127709,0,0.03304066
127710,0,0.033040524
127711,0,0.03304049
127712,0,0.033040505
127713,0,0.033040546
127714,0,0.033040516
127715,0,0.033040542
127716,0,0.03304045
127717,0,0.033040505
127718,0,0.03304055
127719,0,0.033040453
127720,0,0.033040404
127721,0,0.03304943
127722,0,0.033049416
127723,0,0.033049416
127724,0,0.033048116
127725,0,0.033040524
127726,0,0.033040594
127727,0,0.03304061
127728,0,0.033040434
127729,0,0.033040434
127730,0,0.033040684
127731,0,0.033040497
127732,0,0.03304062
127733,0,0.033040766
127734,0,0.03304052
127735,0,0.033040497
127736,0,0.033040386
127737,0,0.03304051
127738,0,0.033040497
127739,0,0.03304047
127740,0,0.03304053
127741,0,0.033040565
127742,0,0.033040613
127743,0,0.033040565
127744,0,0.03304071
127745,0,0.033040524
127746,0,0.03304054
127747,0,0.033040315
127748,0,0.033040393
127749,0,0.033040475
127750,0,0.03304037
127751,0,0.033040386
127752,0,0.033040404
127753,0,0.033040576
127754,0,0.033040598
127755,0,0.033040386
127756,0,0.033040404
127757,0,0.033040497
127758,0,0.0330404
127759,0,0.033040475
127760,0,0.033040583
127761,0,0.033040483
127762,0,0.033040393
127763,0,0.033040464
127764,0,0.033040483
127765,0,0.033040415
127766,0,0.033040486
127767,0,0.0330404
127768,0,0.033040453
127769,0,0.033040456
127770,0,0.033040397
127771,0,0.03304042
127772,0,0.033040423
127773,0,0.033040684
127774,0,0.033040542
127775,0,0.033040497
127776,0,0.0330405
127777,0,0.033040445
127778,0,0.033040464
127779,0,0.03304044
127780,0,0.033040427
127781,0,0.033040434
127782,0,0.03304049
127783,0,0.033040557
127784,0,0.033040673
127785,0,0.033040404
127786,0,0.033040434
127787,0,0.033040527
127788,0,0.033040516
127789,0,0.033040494
127790,0,0.033040464
127791,0,0.03304051
127792,0,0.033040475
127793,0,0.0330405
127794,0,0.03304037
127795,0,0.033040434
127796,0,0.033040605
127797,0,0.03304053
127798,0,0.0330405
127799,0,0.033040475
127800,0,0.033040397
127801,0,0.03304049
127802,0,0.03304059
127803,0,0.033040516
127804,0,0.033040486
127805,0,0.033040516
127806,0,0.033040468
127807,0,0.033040494
127808,0,0.033040497
127809,0,0.03304038
127810,0,0.033040404
127811,0,0.033040483
127812,0,0.033040553
127813,0,0.033040486
127814,0,0.03304048
127815,0,0.03304059
127816,0,0.033040505
127817,0,0.033040453
127818,0,0.033040464
127819,0,0.033040456
127820,0,0.033040505
127821,0,0.033040434
127822,0,0.03304063
127823,0,0.033040542
127824,0,0.033040464
127825,0,0.033040483
127826,0,0.033040695
127827,0,0.03304041
127828,0,0.033040456
127829,0,0.03304047
127830,0,0.033040456
127831,0,0.033040438
127832,0,0.0330404
127833,0,0.033040505
127834,0,0.033040747
127835,0,0.033040654
127836,0,0.033040605
127837,0,0.033040445
127838,0,0.033040546
127839,0,0.033040468
127840,0,0.033040486
127841,0,0.03304044
127842,0,0.033040576
127843,0,0.033040483
127844,0,0.033040617
127845,0,0.033040468
127846,0,0.033040456
127847,0,0.03304056
127848,0,0.033040524
127849,0,0.03304047
127850,0,0.033040505
127851,0,0.033040527
127852,0,0.03304044
127853,0,0.033040397
127854,0,0.033040363
127855,0,0.033040497
127856,0,0.03304046
127857,0,0.033040497
127858,0,0.033040483
127859,0,0.03304043
127860,0,0.03304044
127861,0,0.033040404
127862,0,0.033040352
127863,0,0.033040404
127864,0,0.033040516
127865,0,0.033040605
127866,0,0.033040557
127867,0,0.033040565
127868,0,0.033040587
127869,0,0.033040598
127870,0,0.033040546
127871,0,0.033040762
127872,0,0.033040594
127873,0,0.033040438
127874,0,0.033040456
127875,0,0.033040475
127876,0,0.03304043
127877,0,0.03304061
127878,0,0.03304045
127879,0,0.033040512
127880,0,0.033040583
127881,0,0.033040557
127882,0,0.033040456
127883,0,0.033040587
127884,0,0.033040833
127885,0,0.033040717
127886,0,0.033040468
127887,0,0.03304045
127888,0,0.033040486
127889,0,0.033040572
127890,0,0.033040788
127891,0,0.03304066
127892,0,0.03304047
127893,0,0.0330405
127894,0,0.03304045
127895,0,0.033040494
127896,0,0.033040617
127897,0,0.03304047
127898,0,0.03304056
127899,0,0.033040505
127900,0,0.03304078
127901,0,0.033040605
127902,0,0.033040475
127903,0,0.033040594
127904,0,0.033040445
127905,0,0.033040356
127906,0,0.033040356
127907,0,0.033040393
127908,0,0.03304047
127909,0,0.03304051
127910,0,0.033040445
127911,0,0.033040497
127912,0,0.033040415
127913,0,0.033040494
127914,0,0.033040635
127915,0,0.033040535
127916,0,0.03304057
127917,0,0.033040587
127918,0,0.033040512
127919,0,0.033040483
127920,0,0.033040456
127921,0,0.033040542
127922,0,0.03304057
127923,0,0.03304059
127924,0,0.033040427
127925,0,0.033040505
127926,0,0.033040415
127927,0,0.033040494
127928,0,0.03304071
127929,0,0.03304066
127930,0,0.03304057
127931,0,0.033040542
127932,0,0.033040747
127933,0,0.033040445
127934,0,0.03304046
127935,0,0.03304052
127936,0,0.033040423
127937,0,0.033069383
127938,0,0.033042356
127939,0,0.033042442
127940,0,0.033042446
127941,0,0.033042435
127942,0,0.033042435
127943,0,0.033042442
127944,0,0.033040583
127945,0,0.03304056
127946,0,0.03304063
127947,0,0.03304059
127948,0,0.033040572
127949,0,0.03304055
127950,0,0.033040628
127951,0,0.033040557
127952,0,0.033040576
127953,0,0.03304057
127954,0,0.03304053
127955,0,0.033040624
127956,0,0.0330406
127957,0,0.033040557
127958,0,0.033040524
127959,0,0.033040557
127960,0,0.033040565
127961,0,0.033040594
127962,0,0.03304055
127963,0,0.033040598
127964,0,0.033040594
127965,0,0.03304044
127966,0,0.033040516
127967,0,0.03304059
127968,0,0.033040617
127969,0,0.03304053
127970,0,0.03304059
127971,0,0.033040565
127972,0,0.033040658
127973,0,0.03304058
127974,0,0.03304057
127975,0,0.033040557
127976,0,0.033040598
127977,0,0.033040497
127978,0,0.033040516
127979,0,0.033040687
127980,0,0.033040494
127981,0,0.033040565
127982,0,0.033040464
127983,0,0.033040497
127984,0,0.033040527
127985,0,0.03304062
127986,0,0.033040617
127987,0,0.033040576
127988,0,0.033040505
127989,0,0.03304054
127990,0,0.0330405
127991,0,0.03304062
127992,0,0.033040605
127993,0,0.033040557
127994,0,0.03304042
127995,0,0.03304054
127996,0,0.033040546
127997,0,0.033040494
127998,0,0.033040565
127999,0,0.033040725
128000,0,0.033040736
128001,0,0.03304051
128002,0,0.033040486
128003,0,0.033040527
128004,0,0.033040553
128005,0,0.03304052
128006,0,0.0330405
128007,0,0.033040565
128008,0,0.033040565
128009,0,0.033040445
128010,0,0.033040527
128011,0,0.03304058
128012,0,0.033040486
128013,0,0.033040665
128014,0,0.033040576
128015,0,0.0330406
128016,0,0.03304045
128017,0,0.033040434
128018,0,0.033040486
128019,0,0.033040542
128020,0,0.033040494
128021,0,0.033040464
128022,0,0.0330406
128023,0,0.03304044
128024,0,0.033040587
128025,0,0.033040535
128026,0,0.0330406
128027,0,0.033040836
128028,0,0.03304061
128029,0,0.0330406
128030,0,0.033040557
128031,0,0.03304055
128032,0,0.033040434
128033,0,0.033040542
128034,0,0.033040587
128035,0,0.033040635
128036,0,0.033040587
128037,0,0.033040483
128038,0,0.033040714
128039,0,0.033040676
128040,0,0.033040646
128041,0,0.033040628
128042,0,0.033040546
128043,0,0.03304204
128044,0,0.03304204
128045,0,0.03304053
128046,0,0.03304069
128047,0,0.0330406
128048,0,0.03304054
128049,0,0.033040483
128050,0,0.03304054
128051,0,0.033040702
128052,0,0.033040576
128053,0,0.03304063
128054,0,0.03304061
128055,0,0.0330406
128056,0,0.033040628
128057,0,0.033040598
128058,0,0.03304068
128059,0,0.033040468
128060,0,0.033040535
128061,0,0.033040535
128062,0,0.03304048
128063,0,0.033040524
128064,0,0.033040617
128065,0,0.033040598
128066,0,0.033040594
128067,0,0.033040535
128068,0,0.0330405
128069,0,0.033040628
128070,0,0.033040535
128071,0,0.03304055
128072,0,0.03304228
128073,0,0.033042803
128074,0,0.033042807
128075,0,0.033042688
128076,0,0.03304052
128077,0,0.033040527
128078,0,0.033040572
128079,0,0.033040624
128080,0,0.03304062
128081,0,0.033040565
128082,0,0.03304057
128083,0,0.033040546
128084,0,0.033040654
128085,0,0.033040576
128086,0,0.033040557
128087,0,0.033040583
128088,0,0.033040557
128089,0,0.03304062
128090,0,0.03304082
128091,0,0.033040635
128092,0,0.033040598
128093,0,0.033040505
128094,0,0.033040546
128095,0,0.033040788
128096,0,0.033040613
128097,0,0.033040613
128098,0,0.03304057
128099,0,0.03304043
128100,0,0.033040565
128101,0,0.033040598
128102,0,0.03304061
128103,0,0.033040676
128104,0,0.033040542
128105,0,0.033040557
128106,0,0.03304057
128107,0,0.03304055
128108,0,0.03304053
128109,0,0.033040732
128110,0,0.033040393
128111,0,0.03304056
128112,0,0.033040643
128113,0,0.033040706
128114,0,0.033040658
128115,0,0.03304078
128116,0,0.03304047
128117,0,0.03304041
128118,0,0.03304042
128119,0,0.033040445
128120,0,0.033040572
128121,0,0.03304051
128122,0,0.033040646
128123,0,0.033040553
128124,0,0.033040393
128125,0,0.033040516
128126,0,0.033040635
128127,0,0.033040773
128128,0,0.03304043
128129,0,0.03304057
128130,0,0.033040594
128131,0,0.033040434
128132,0,0.033040583
128133,0,0.03304052
128134,0,0.033040524
128135,0,0.03304069
128136,0,0.03304046
128137,0,0.033040397
128138,0,0.03304052
128139,0,0.03304061
128140,0,0.033040654
128141,0,0.033040833
128142,0,0.033040494
128143,0,0.033040486
128144,0,0.03304052
128145,0,0.03304053
128146,0,0.03304059
128147,0,0.033040874
128148,0,0.033040535
128149,0,0.033040654
128150,0,0.033040706
128151,0,0.033040527
128152,0,0.033040557
128153,0,0.033040643
128154,0,0.033040572
128155,0,0.033040583
128156,0,0.03304075
128157,0,0.03304076
128158,0,0.033040788
128159,0,0.033040803
128160,0,0.033040613
128161,0,0.033040665
128162,0,0.033040598
128163,0,0.033040605
128164,0,0.033040598
128165,0,0.033040646
128166,0,0.033040594
128167,0,0.0330405
128168,0,0.033040594
128169,0,0.03304068
128170,0,0.033040687
128171,0,0.033040512
128172,0,0.03304083
128173,0,0.033040687
128174,0,0.03304054
128175,0,0.033040784
128176,0,0.033040807
128177,0,0.033040524
128178,0,0.03304064
128179,0,0.033040587
128180,0,0.03304061
128181,0,0.033040695
128182,0,0.033040654
128183,0,0.033040706
128184,0,0.03304057
128185,0,0.033040613
128186,0,0.033040665
128187,0,0.033040717
128188,0,0.03304069
128189,0,0.033040673
128190,0,0.033040736
128191,0,0.033040807
128192,0,0.033040833
128193,0,0.03304065
128194,0,0.0330407
128195,0,0.033040572
128196,0,0.033040613
128197,0,0.03304055
128198,0,0.033040814
128199,0,0.033040676
128200,0,0.033040643
128201,0,0.033040613
128202,0,0.03304079
128203,0,0.033040773
128204,0,0.03304086
128205,0,0.033040714
128206,0,0.0330408
128207,0,0.033040695
128208,0,0.033040695
128209,0,0.033040863
128210,0,0.03304084
128211,0,0.033040747
128212,0,0.03304066
128213,0,0.033040967
128214,0,0.03304056
128215,0,0.033040643
128216,0,0.03304098
128217,0,0.03304102
128218,0,0.033041
128219,0,0.033040635
128220,0,0.033043683
128221,0,0.03304091
128222,0,0.033040617
128223,0,0.03304083
128224,0,0.03304069
128225,0,0.03304094
128226,0,0.033040795
128227,0,0.033040933
128228,0,0.03304114
128229,0,0.03304078
128230,0,0.033040885
128231,0,0.033040937
128232,0,0.0330411
128233,0,0.033040896
128234,0,0.033040967
128235,0,0.033040807
128236,0,0.033041008
128237,0,0.033041038
128238,0,0.033040993
128239,0,0.033040877
128240,0,0.033041034
128241,0,0.033040475
128242,0,0.033040874
128243,0,0.033040907
128244,0,0.03304079
128245,0,0.033040807
128246,0,0.033040754
128247,0,0.033040933
128248,0,0.033040904
128249,0,0.033040717
128250,0,0.0330406
128251,0,0.033040795
128252,0,0.033040967
128253,0,0.033040952
128254,0,0.03304082
128255,0,0.033040836
128256,0,0.033040836
128257,0,0.033040848
128258,0,0.03304084
128259,0,0.033040717
128260,0,0.03304078
128261,0,0.033040907
128262,0,0.033040807
128263,0,0.03304097
128264,0,0.033040922
128265,0,0.033040848
128266,0,0.03304082
128267,0,0.033040784
128268,0,0.03304093
128269,0,0.033040944
128270,0,0.033040624
128271,0,0.033040788
128272,0,0.0330408
128273,0,0.03304078
128274,0,0.03304071
128275,0,0.033040598
128276,0,0.03304112
128277,0,0.033040695
128278,0,0.03304075
128279,0,0.033040762
128280,0,0.03304081
128281,0,0.03304065
128282,0,0.033040725
128283,0,0.033040714
128284,0,0.033040904
128285,0,0.033040725
128286,0,0.03304074
128287,0,0.033040825
128288,0,0.033040766
128289,0,0.033040803
128290,0,0.03304067
128291,0,0.0330409
128292,0,0.03304071
128293,0,0.033041038
128294,0,0.033040807
128295,0,0.03304109
128296,0,0.033041045
128297,0,0.033040937
128298,0,0.0330409
128299,0,0.03304104
128300,0,0.033040985
128301,0,0.03304108
128302,0,0.03304079
128303,0,0.033040825
128304,0,0.033040833
128305,0,0.033040863
128306,0,0.033040676
128307,0,0.03304075
128308,0,0.033040855
128309,0,0.03304083
128310,0,0.033041
128311,0,0.03304091
128312,0,0.033040836
128313,0,0.033040818
128314,0,0.03304081
128315,0,0.033040874
128316,0,0.03304073
128317,0,0.033040874
128318,0,0.03304094
128319,0,0.033040933
128320,0,0.03304111
128321,0,0.03304089
128322,0,0.03304094
128323,0,0.033041164
128324,0,0.033040933
128325,0,0.03304086
128326,0,0.03304099
128327,0,0.033040855
128328,0,0.033040915
128329,0,0.033041053
128330,0,0.033040944
128331,0,0.03304109
128332,0,0.033041023
128333,0,0.033041026
128334,0,0.033040967
128335,0,0.033040926
128336,0,0.033040736
128337,0,0.03304101
128338,0,0.033041008
128339,0,0.033040863
128340,0,0.03304077
128341,0,0.03304062
128342,0,0.03304074
128343,0,0.033040944
128344,0,0.03304084
128345,0,0.033040844
128346,0,0.033040732
128347,0,0.033040784
128348,0,0.033040717
128349,0,0.033040743
128350,0,0.03304075
128351,0,0.033040702
128352,0,0.033040807
128353,0,0.033040628
128354,0,0.03304065
128355,0,0.033040617
128356,0,0.033040684
128357,0,0.033040687
128358,0,0.03304056
128359,0,0.033040732
128360,0,0.033040784
128361,0,0.033040777
128362,0,0.033040754
128363,0,0.03304066
128364,0,0.03304073
128365,0,0.03304081
128366,0,0.033040833
128367,0,0.033040613
128368,0,0.03304081
128369,0,0.033040736
128370,0,0.033040684
128371,0,0.033040702
128372,0,0.033040687
128373,0,0.033040516
128374,0,0.033040844
128375,0,0.033040874
128376,0,0.033040736
128377,0,0.033040967
128378,0,0.03304069
128379,0,0.03304075
128380,0,0.033040754
128381,0,0.033040836
128382,0,0.033040814
128383,0,0.033040836
128384,0,0.03304066
128385,0,0.033040322
128386,0,0.033040278
128387,0,0.033040754
128388,0,0.033040293
128389,0,0.033040307
128390,0,0.033040334
128391,0,0.03304031
128392,0,0.03304034
128393,0,0.03304029
128394,0,0.033040322
128395,0,0.03304032
128396,0,0.03304025
128397,0,0.033040315
128398,0,0.03304029
128399,0,0.033040334
128400,0,0.033040375
128401,0,0.033040352
128402,0,0.033040326
128403,0,0.03304031
128404,0,0.033040226
128405,0,0.033040322
128406,0,0.033040296
128407,0,0.033040375
128408,0,0.033040326
128409,0,0.033040363
128410,0,0.033040326
128411,0,0.033040304
128412,0,0.0330403
128413,0,0.03304028
128414,0,0.03304029
128415,0,0.033040296
128416,0,0.033040337
128417,0,0.03304031
128418,0,0.033040382
128419,0,0.033040345
128420,0,0.033040337
128421,0,0.033040352
128422,0,0.033040382
128423,0,0.033040386
128424,0,0.03304033
128425,0,0.03304035
128426,0,0.03304027
128427,0,0.033040345
128428,0,0.033040334
128429,0,0.033040345
128430,0,0.03304033
128431,0,0.033040315
128432,0,0.033040304
128433,0,0.033040322
128434,0,0.033040304
128435,0,0.033040315
128436,0,0.0330403
128437,0,0.033040345
128438,0,0.033040334
128439,0,0.033040345
128440,0,0.03304035
128441,0,0.033040307
128442,0,0.03304034
128443,0,0.033040307
128444,0,0.033040337
128445,0,0.033040278
128446,0,0.033040285
128447,0,0.03304026
128448,0,0.03304031
128449,0,0.033040296
128450,0,0.033040307
128451,0,0.033040345
128452,0,0.033040293
128453,0,0.03304032
128454,0,0.033040315
128455,0,0.033040334
128456,0,0.033040315
128457,0,0.033040326
128458,0,0.03304027
128459,0,0.033040274
128460,0,0.033040345
128461,0,0.033040334
128462,0,0.03304025
128463,0,0.033040315
128464,0,0.03304031
128465,0,0.03304028
128466,0,0.033040296
128467,0,0.033040296
128468,0,0.033040233
128469,0,0.03304025
128470,0,0.033040266
128471,0,0.033040285
128472,0,0.033040293
128473,0,0.033040293
128474,0,0.033040345
128475,0,0.03304033
128476,0,0.033040322
128477,0,0.033040263
128478,0,0.03304031
128479,0,0.033040337
128480,0,0.033040337
128481,0,0.033040285
128482,0,0.03304032
128483,0,0.033040345
128484,0,0.033040356
128485,0,0.033040352
128486,0,0.03304027
128487,0,0.033040296
128488,0,0.0330403
128489,0,0.03304028
128490,0,0.03304027
128491,0,0.03304032
128492,0,0.033040293
128493,0,0.03304031
128494,0,0.033040307
128495,0,0.033040296
128496,0,0.033040345
128497,0,0.033040244
128498,0,0.033040307
128499,0,0.033040263
128500,0,0.033040285
128501,0,0.033040255
128502,0,0.033040274
128503,0,0.033040322
128504,0,0.03304029
128505,0,0.033040237
128506,0,0.03304028
128507,0,0.03304024
128508,0,0.03304029
128509,0,0.033040293
128510,0,0.033040293
128511,0,0.033040274
128512,0,0.033040352
128513,0,0.03304029
128514,0,0.0330403
128515,0,0.0330403
128516,0,0.03304027
128517,0,0.033040307
128518,0,0.03304025
128519,0,0.03304035
128520,0,0.033040285
128521,0,0.033040285
128522,0,0.03304028
128523,0,0.033040248
128524,0,0.033040263
128525,0,0.033040244
128526,0,0.03304021
128527,0,0.033040237
128528,0,0.033040248
128529,0,0.033040278
128530,0,0.033040278
128531,0,0.03304031
128532,0,0.033040315
128533,0,0.0330403
128534,0,0.033040334
128535,0,0.033040322
128536,0,0.0330403
128537,0,0.03304029
128538,0,0.03304033
128539,0,0.03304032
128540,0,0.03304029
128541,0,0.033040304
128542,0,0.03304032
128543,0,0.03304029
128544,0,0.03304029
128545,0,0.03304029
128546,0,0.033040345
128547,0,0.033040337
128548,0,0.033040337
128549,0,0.033040535
128550,0,0.033040535
128551,0,0.033040535
128552,0,0.033040535
128553,0,0.033040345
128554,0,0.033040345
128555,0,0.033040345
128556,0,0.033040345
128557,0,0.033040352
128558,0,0.033040263
128559,0,0.033040307
128560,0,0.03304029
128561,0,0.033040274
128562,0,0.033040293
128563,0,0.033040274
128564,0,0.033040274
128565,0,0.033040274
128566,0,0.03304026
128567,0,0.033040293
128568,0,0.03304026
128569,0,0.033040233
128570,0,0.03304028
128571,0,0.03304029
128572,0,0.033040296
128573,0,0.03304027
128574,0,0.03304026
128575,0,0.033040226
128576,0,0.033040285
128577,0,0.03304032
128578,0,0.033040322
128579,0,0.03304031
128580,0,0.03304034
128581,0,0.033040326
128582,0,0.0330403
128583,0,0.03304031
128584,0,0.03304028
128585,0,0.03304029
128586,0,0.033040285
128587,0,0.033040293
128588,0,0.033040266
128589,0,0.033040315
128590,0,0.03304032
128591,0,0.033040296
128592,0,0.033040322
128593,0,0.033040326
128594,0,0.033040337
128595,0,0.033040315
128596,0,0.03304034
128597,0,0.03304028
128598,0,0.033040304
128599,0,0.033040307
128600,0,0.03304032
128601,0,0.03304032
128602,0,0.033040315
128603,0,0.033040293
128604,0,0.033040248
128605,0,0.033040285
128606,0,0.033040278
128607,0,0.03304029
128608,0,0.033040367
128609,0,0.033040367
128610,0,0.033040363
128611,0,0.033040363
128612,0,0.033040322
128613,0,0.033040337
128614,0,0.03304033
128615,0,0.03304033
128616,0,0.03304033
128617,0,0.03304033
128618,0,0.03304033
128619,0,0.033040337
128620,0,0.03304033
128621,0,0.03304033
128622,0,0.0330403
128623,0,0.033040326
128624,0,0.033040293
128625,0,0.033040266
128626,0,0.033040296
128627,0,0.03304033
128628,0,0.033040326
128629,0,0.033040315
128630,0,0.03304029
128631,0,0.03304025
128632,0,0.03304028
128633,0,0.033040315
128634,0,0.033040337
128635,0,0.033040363
128636,0,0.033040304
128637,0,0.033040296
128638,0,0.033040315
128639,0,0.0330403
128640,0,0.033040345
128641,0,0.033040334
128642,0,0.0330403
128643,0,0.03304033
128644,0,0.033040334
128645,0,0.03304032
128646,0,0.03304032
128647,0,0.03304029
128648,0,0.03304028
128649,0,0.033040304
128650,0,0.033040304
128651,0,0.033040322
128652,0,0.033040322
128653,0,0.033040322
128654,0,0.033040345
128655,0,0.033040624
128656,0,0.033040684
128657,0,0.03304054
128658,0,0.03304042
128659,0,0.03304063
128660,0,0.033040624
128661,0,0.033040695
128662,0,0.03304081
128663,0,0.033040937
128664,0,0.03304099
128665,0,0.03304084
128666,0,0.033040933
128667,0,0.03304052
128668,0,0.033040434
128669,0,0.0330405
128670,0,0.033040512
128671,0,0.03304043
128672,0,0.033040423
128673,0,0.033040494
128674,0,0.033040516
128675,0,0.033040468
128676,0,0.033040546
128677,0,0.03304057
128678,0,0.03304054
128679,0,0.033040456
128680,0,0.033040423
128681,0,0.033040397
128682,0,0.033040483
128683,0,0.03304053
128684,0,0.03304047
128685,0,0.03304048
128686,0,0.03304049
128687,0,0.03304049
128688,0,0.03304051
128689,0,0.03304051
128690,0,0.03304045
128691,0,0.03304043
128692,0,0.03304062
128693,0,0.033040468
128694,0,0.033040565
128695,0,0.033040527
128696,0,0.033040747
128697,0,0.033040542
128698,0,0.033040408
128699,0,0.033040475
128700,0,0.03304053
128701,0,0.033040512
128702,0,0.033040386
128703,0,0.03304049
128704,0,0.033040583
128705,0,0.033040524
128706,0,0.03304052
128707,0,0.033040527
128708,0,0.033040475
128709,0,0.03304046
128710,0,0.033040494
128711,0,0.033040434
128712,0,0.033040658
128713,0,0.033040505
128714,0,0.033040468
128715,0,0.033040546
128716,0,0.033040475
128717,0,0.033040397
128718,0,0.033040505
128719,0,0.0330405
128720,0,0.033040524
128721,0,0.033040427
128722,0,0.033040643
128723,0,0.03304051
128724,0,0.033040445
128725,0,0.03304044
128726,0,0.033040494
128727,0,0.033040535
128728,0,0.033040546
128729,0,0.03304052
128730,0,0.033040475
128731,0,0.03304049
128732,0,0.033040483
128733,0,0.03304042
128734,0,0.033040486
128735,0,0.03304056
128736,0,0.033040553
128737,0,0.03304043
128738,0,0.033040546
128739,0,0.033040456
128740,0,0.03304051
128741,0,0.033040583
128742,0,0.03304045
128743,0,0.033040475
128744,0,0.033040386
128745,0,0.033040605
128746,0,0.033040505
128747,0,0.033040527
128748,0,0.033040676
128749,0,0.033040505
128750,0,0.033040576
128751,0,0.033040512
128752,0,0.033040684
128753,0,0.033040512
128754,0,0.033040598
128755,0,0.03304055
128756,0,0.033040382
128757,0,0.03304043
128758,0,0.033040497
128759,0,0.033040438
128760,0,0.033040576
128761,0,0.03304054
128762,0,0.03304046
128763,0,0.033040617
128764,0,0.033040497
128765,0,0.033040565
128766,0,0.033040404
128767,0,0.033040483
128768,0,0.033040486
128769,0,0.033040397
128770,0,0.033040516
128771,0,0.03304066
128772,0,0.033040393
128773,0,0.033040497
128774,0,0.033040516
128775,0,0.033040464
128776,0,0.033040397
128777,0,0.033040434
128778,0,0.033040386
128779,0,0.03304048
128780,0,0.033040505
128781,0,0.033040594
128782,0,0.033040654
128783,0,0.033040654
128784,0,0.033040676
128785,0,0.033040676
128786,0,0.03304146
128787,0,0.03304146
128788,0,0.033041563
128789,0,0.03304155
128790,0,0.033040483
128791,0,0.033040483
128792,0,0.033040483
128793,0,0.033040483
128794,0,0.033040483
128795,0,0.033040483
128796,0,0.033040483
128797,0,0.033040483
128798,0,0.03304049
128799,0,0.033040475
128800,0,0.0330405
128801,0,0.033040505
128802,0,0.033040512
128803,0,0.033040512
128804,0,0.033040512
128805,0,0.033040512
128806,0,0.033040512
128807,0,0.033040512
128808,0,0.033040512
128809,0,0.033040542
128810,0,0.033040505
128811,0,0.033040505
128812,0,0.033040386
128813,0,0.033040386
128814,0,0.033040386
128815,0,0.033040386
128816,0,0.033040386
128817,0,0.033040386
128818,0,0.033040386
128819,0,0.033040386
128820,0,0.03304042
128821,0,0.03304042
128822,0,0.033040512
128823,0,0.033040512
128824,0,0.033040512
128825,0,0.033040512
128826,0,0.033040512
128827,0,0.033040512
128828,0,0.033040512
128829,0,0.033040505
128830,0,0.03304049
128831,0,0.03304054
128832,0,0.033040542
128833,0,0.033040542
128834,0,0.033040494
128835,0,0.033040494
128836,0,0.033040494
128837,0,0.033040397
128838,0,0.033040397
128839,0,0.033040397
128840,0,0.033040397
128841,0,0.033040397
128842,0,0.033040337
128843,0,0.033040326
128844,0,0.033040293
128845,0,0.033040315
128846,0,0.033040304
128847,0,0.033040315
128848,0,0.03304033
128849,0,0.03304029
128850,0,0.033040304
128851,0,0.033040393
128852,0,0.033040285
128853,0,0.03304027
128854,0,0.03304041
128855,0,0.033040326
128856,0,0.033040307
128857,0,0.033040334
128858,0,0.033040293
128859,0,0.033040415
128860,0,0.033040334
128861,0,0.033040345
128862,0,0.033040427
128863,0,0.033040356
128864,0,0.033040337
128865,0,0.03304036
128866,0,0.033040326
128867,0,0.03304029
128868,0,0.033040516
128869,0,0.033040397
128870,0,0.033040386
128871,0,0.033040393
128872,0,0.033040393
128873,0,0.033040363
128874,0,0.03304039
128875,0,0.033040427
128876,0,0.033040434
128877,0,0.033040397
128878,0,0.033040557
128879,0,0.03304042
128880,0,0.033040352
128881,0,0.033040337
128882,0,0.033040352
128883,0,0.033040337
128884,0,0.03304063
128885,0,0.033040572
128886,0,0.033040572
128887,0,0.033040572
128888,0,0.033040572
128889,0,0.033040572
128890,0,0.033040572
128891,0,0.033040572
128892,0,0.033040572
128893,0,0.033040572
128894,0,0.033040557
128895,0,0.033040762
128896,0,0.033040762
128897,0,0.033040762
128898,0,0.033040762
128899,0,0.033040762
128900,0,0.033040915
128901,0,0.03304088
128902,0,0.033040643
128903,0,0.03304052
128904,0,0.03304052
128905,0,0.033040535
128906,0,0.033040535
128907,0,0.033040512
128908,0,0.033040524
128909,0,0.033040524
128910,0,0.033040524
128911,0,0.03304053
128912,0,0.03304043
128913,0,0.03304043
128914,0,0.03304042
128915,0,0.03304042
128916,0,0.03304042
128917,0,0.03304042
128918,0,0.03304042
128919,0,0.03304042
128920,0,0.03304042
128921,0,0.03304042
128922,0,0.033040434
128923,0,0.033040434
128924,0,0.03304044
128925,0,0.033040438
128926,0,0.033040438
128927,0,0.033040624
128928,0,0.033040624
128929,0,0.033040624
128930,0,0.033040624
128931,0,0.033040624
128932,0,0.033040624
128933,0,0.033040628
128934,0,0.033040628
128935,0,0.033040613
128936,0,0.033040695
128937,0,0.033040695
128938,0,0.033040695
128939,0,0.033040695
128940,0,0.033040695
128941,0,0.033040695
128942,0,0.03304258
128943,0,0.03304258
128944,0,0.033042584
128945,0,0.033040658
128946,0,0.03304063
128947,0,0.03304063
128948,0,0.033040635
128949,0,0.033040635
128950,0,0.03304062
128951,0,0.03304062
128952,0,0.03304028
128953,0,0.033040296
128954,0,0.033040296
128955,0,0.033040296
128956,0,0.033040296
128957,0,0.03304028
128958,0,0.03304028
128959,0,0.033040278
128960,0,0.033040296
128961,0,0.0330403
128962,0,0.03304027
128963,0,0.03304027
128964,0,0.033040274
128965,0,0.033040278
128966,0,0.033040278
128967,0,0.033040356
128968,0,0.033040356
128969,0,0.033040356
128970,0,0.033040356
128971,0,0.033040356
128972,0,0.033040356
128973,0,0.033040393
128974,0,0.033040393
128975,0,0.03304045
128976,0,0.03304044
128977,0,0.03304044
128978,0,0.03304044
128979,0,0.033040304
128980,0,0.03304029
128981,0,0.033040326
128982,0,0.03304032
128983,0,0.03304029
128984,0,0.03304033
128985,0,0.03304035
128986,0,0.033040315
128987,0,0.03304028
128988,0,0.033040296
128989,0,0.033040453
128990,0,0.03304059
128991,0,0.03304059
128992,0,0.033040356
128993,0,0.033040356
128994,0,0.033040356
128995,0,0.03304032
128996,0,0.033040296
128997,0,0.03304033
128998,0,0.03304027
128999,0,0.033040244
129000,0,0.03304032
129001,0,0.033040278
129002,0,0.033040274
129003,0,0.03304025
129004,0,0.033040248
129005,0,0.033040356
129006,0,0.033040356
129007,0,0.033040356
129008,0,0.033040356
129009,0,0.033040356
129010,0,0.03304034
129011,0,0.03304035
129012,0,0.033040345
129013,0,0.033040572
129014,0,0.033040572
129015,0,0.033040572
129016,0,0.033040628
129017,0,0.033040512
129018,0,0.033040512
129019,0,0.03304048
129020,0,0.03304048
129021,0,0.03304048
129022,0,0.03304048
129023,0,0.03304047
129024,0,0.033040497
129025,0,0.03304048
129026,0,0.03304048
129027,0,0.033040494
129028,0,0.033040494
129029,0,0.033040613
129030,0,0.033040613
129031,0,0.033040613
129032,0,0.033040613
129033,0,0.033040613
129034,0,0.033040613
129035,0,0.03304062
129036,0,0.03304065
129037,0,0.03304065
129038,0,0.03304065
129039,0,0.0330407
129040,0,0.0330407
129041,0,0.033040646
129042,0,0.03304064
129043,0,0.03304064
129044,0,0.03304064
129045,0,0.033040605
129046,0,0.033040605
129047,0,0.0330406
129048,0,0.03304044
129049,0,0.03304044
129050,0,0.03304044
129051,0,0.03304044
129052,0,0.03304044
129053,0,0.03304044
129054,0,0.03304044
129055,0,0.03304044
129056,0,0.03304042
129057,0,0.03304042
129058,0,0.033040773
129059,0,0.033040773
129060,0,0.033040773
129061,0,0.033040773
129062,0,0.033040777
129063,0,0.033040773
129064,0,0.033040777
129065,0,0.033040777
129066,0,0.033040617
129067,0,0.033040598
129068,0,0.03304062
129069,0,0.03304062
129070,0,0.03304062
129071,0,0.033040613
129072,0,0.033040613
129073,0,0.033040613
129074,0,0.03304028
129075,0,0.03304028
129076,0,0.03304028
129077,0,0.033040285
129078,0,0.033040285
129079,0,0.033040293
129080,0,0.033040266
129081,0,0.033040266
129082,0,0.033040266
129083,0,0.033040266
129084,0,0.03304059
129085,0,0.03304074
129086,0,0.03304074
129087,0,0.03304074
129088,0,0.03304074
129089,0,0.03304074
129090,0,0.03304074
129091,0,0.033040598
129092,0,0.033040598
129093,0,0.033040598
129094,0,0.033040598
129095,0,0.033040687
129096,0,0.033040617
129097,0,0.033040617
129098,0,0.033040594
129099,0,0.033040594
129100,0,0.033040594
129101,0,0.033040594
129102,0,0.033040594
129103,0,0.033040594
129104,0,0.033040367
129105,0,0.033040363
129106,0,0.033040363
129107,0,0.03304036
129108,0,0.033040363
129109,0,0.033040363
129110,0,0.033040363
129111,0,0.033040363
129112,0,0.033040397
129113,0,0.03304036
129114,0,0.033040576
129115,0,0.033040576
129116,0,0.033040576
129117,0,0.033040576
129118,0,0.033040576
129119,0,0.033040576
129120,0,0.033040576
129121,0,0.03304084
129122,0,0.03304076
129123,0,0.033040635
129124,0,0.033040714
129125,0,0.033040714
129126,0,0.033040714
129127,0,0.033040714
129128,0,0.033040714
129129,0,0.033040714
129130,0,0.033040624
129131,0,0.033040624
129132,0,0.033040624
129133,0,0.033040624
129134,0,0.033040628
129135,0,0.033040628
129136,0,0.033040628
129137,0,0.033040628
129138,0,0.033040628
129139,0,0.033040628
129140,0,0.033040654
129141,0,0.033040613
129142,0,0.033040613
129143,0,0.033040613
129144,0,0.03304062
129145,0,0.03304062
129146,0,0.03304062
129147,0,0.03304057
129148,0,0.03304057
129149,0,0.03304055
129150,0,0.03304055
129151,0,0.03304055
129152,0,0.03304055
129153,0,0.03304055
129154,0,0.03304056
129155,0,0.03304056
129156,0,0.03304056
129157,0,0.033040795
129158,0,0.0330408
129159,0,0.033040795
129160,0,0.033040795
129161,0,0.033040795
129162,0,0.033040795
129163,0,0.033040795
129164,0,0.033040736
129165,0,0.033040736
129166,0,0.033040915
129167,0,0.033040892
129168,0,0.033040896
129169,0,0.0330409
129170,0,0.033040635
129171,0,0.033040635
129172,0,0.033040635
129173,0,0.033040635
129174,0,0.033040635
129175,0,0.033040635
129176,0,0.033040635
129177,0,0.033040635
129178,0,0.033040635
129179,0,0.03304063
129180,0,0.033040628
129181,0,0.033040673
129182,0,0.033040673
129183,0,0.033040673
129184,0,0.03304053
129185,0,0.03304053
129186,0,0.03304053
129187,0,0.03304053
129188,0,0.03304053
129189,0,0.03304053
129190,0,0.03304053
129191,0,0.03304054
129192,0,0.033040546
129193,0,0.033040546
129194,0,0.03304073
129195,0,0.033040743
129196,0,0.033040743
129197,0,0.03304068
129198,0,0.03304068
129199,0,0.03304068
129200,0,0.03304068
129201,0,0.03304068
129202,0,0.033040646
129203,0,0.033040646
129204,0,0.033040646
129205,0,0.033040646
129206,0,0.033040646
129207,0,0.033040874
129208,0,0.033041183
129209,0,0.033041272
129210,0,0.03304127
129211,0,0.033049323
129212,0,0.03304177
129213,0,0.03304177
129214,0,0.03304177
129215,0,0.03304177
129216,0,0.03304177
129217,0,0.03304177
129218,0,0.033040788
129219,0,0.033040725
129220,0,0.033040706
129221,0,0.03304061
129222,0,0.03304061
129223,0,0.033040624
129224,0,0.033040624
129225,0,0.033040624
129226,0,0.033040624
129227,0,0.033040624
129228,0,0.033040624
129229,0,0.033040624
129230,0,0.033040624
129231,0,0.033040624
129232,0,0.033040736
129233,0,0.033040684
129234,0,0.033040684
129235,0,0.033040684
129236,0,0.033040684
129237,0,0.033040784
129238,0,0.033040784
129239,0,0.033040784
129240,0,0.03304055
129241,0,0.03304055
129242,0,0.03304055
129243,0,0.03304055
129244,0,0.03304055
129245,0,0.03304055
129246,0,0.03304055
129247,0,0.03304055
129248,0,0.03304055
129249,0,0.03304055
129250,0,0.033040643
129251,0,0.033040643
129252,0,0.033040643
129253,0,0.033040643
129254,0,0.033040617
129255,0,0.033040617
129256,0,0.03304059
129257,0,0.03304059
129258,0,0.03304059
129259,0,0.033040613
129260,0,0.033040613
129261,0,0.033040613
129262,0,0.03304063
129263,0,0.03304063
129264,0,0.033040456
129265,0,0.033040456
129266,0,0.033040456
129267,0,0.033040456
129268,0,0.033040456
129269,0,0.033040445
129270,0,0.033040445
129271,0,0.033040445
129272,0,0.033040445
129273,0,0.033040445
129274,0,0.033040844
129275,0,0.033040844
129276,0,0.033040635
129277,0,0.033040635
129278,0,0.033040635
129279,0,0.033040594
129280,0,0.033040594
129281,0,0.03304061
129282,0,0.033040617
129283,0,0.033040617
129284,0,0.033040617
129285,0,0.033040617
129286,0,0.033040617
129287,0,0.033040617
129288,0,0.033040617
129289,0,0.03304062
129290,0,0.03304062
129291,0,0.03304059
129292,0,0.03304059
129293,0,0.03304059
129294,0,0.03304059
129295,0,0.033040445
129296,0,0.033040445
129297,0,0.03304045
129298,0,0.03304045
129299,0,0.03304045
129300,0,0.03304047
129301,0,0.033040464
129302,0,0.033040464
129303,0,0.033040464
129304,0,0.033040464
129305,0,0.033040598
129306,0,0.0330406
129307,0,0.0330406
129308,0,0.0330406
129309,0,0.033040624
129310,0,0.033040624
129311,0,0.033040624
129312,0,0.033040624
129313,0,0.033040624
129314,0,0.033040624
129315,0,0.033040598
129316,0,0.033040587
129317,0,0.033040587
129318,0,0.03304065
129319,0,0.03304063
129320,0,0.03304063
129321,0,0.03304063
129322,0,0.03304063
129323,0,0.03304063
129324,0,0.03304063
129325,0,0.03304063
129326,0,0.03304063
129327,0,0.03304063
129328,0,0.033040613
129329,0,0.033040605
129330,0,0.033040605
129331,0,0.033040605
129332,0,0.033040605
129333,0,0.033040605
129334,0,0.033040605
129335,0,0.033040605
129336,0,0.033040587
129337,0,0.03304035
129338,0,0.03304035
129339,0,0.03304035
129340,0,0.03304035
129341,0,0.03304035
129342,0,0.033040375
129343,0,0.033040375
129344,0,0.033040375
129345,0,0.033040382
129346,0,0.0330404
129347,0,0.03304043
129348,0,0.03304043
129349,0,0.03304043
129350,0,0.033040304
129351,0,0.033040304
129352,0,0.033040248
129353,0,0.033040248
129354,0,0.033040248
129355,0,0.033040248
129356,0,0.033040248
129357,0,0.033040248
129358,0,0.033040248
129359,0,0.033040248
129360,0,0.033040248
129361,0,0.033040136
129362,0,0.17624566
129363,0,0.17624566
129364,0,0.17624566
129365,0,0.17624566
129366,0,0.17624566
129367,0,0.17624566
129368,0,0.17624566
129369,0,0.17624566
129370,0,0.17624566
129371,0,0.17624566
129372,0,0.17624566
129373,0,0.17624566
129374,0,0.17624566
129375,0,0.17624566
129376,0,0.17624566
129377,0,0.17624566
129378,0,0.17624566
129379,0,0.17624566
129380,0,0.17624566
129381,0,0.17624566
129382,0,0.17624566
129383,0,0.17624566
129384,0,0.17624566
129385,0,0.17624566
129386,0,0.17624566
129387,0,0.17624566
129388,0,0.17624566
129389,0,0.17624566
129390,0,0.17624566
129391,0,0.17624566
129392,0,0.17624566
129393,0,0.17624566
129394,0,0.17624566
129395,0,0.17624566
129396,0,0.17624566
129397,0,0.17624566
129398,0,0.17624566
129399,0,0.17624566
129400,0,0.17624566
129401,0,0.17624566
129402,0,0.17624566
129403,0,0.17624566
129404,0,0.17624566
129405,0,0.17624566
129406,0,0.17624566
129407,0,0.17624566
129408,0,0.17624566
129409,0,0.17624566
129410,0,0.17624566
129411,0,0.17624566
129412,0,0.17624566
129413,0,0.17624566
129414,0,0.17624566
129415,0,0.17624566
129416,0,0.17624566
129417,0,0.17624566
129418,0,0.17624566
129419,0,0.17624566
129420,0,0.17624566
129421,0,0.17624566
129422,0,0.17624566
129423,0,0.17624566
129424,0,0.17624566
129425,0,0.17624566
129426,0,0.17624566
129427,0,0.17624566
129428,0,0.17624566
129429,0,0.17624566
129430,0,0.17624566
129431,0,0.17624566
129432,0,0.17624566
129433,0,0.17624566
129434,0,0.17624566
129435,0,0.17624566
129436,0,0.17624566
129437,0,0.17624566
129438,0,0.17624566
129439,0,0.17624566
129440,0,0.17624566
129441,0,0.17624566
129442,0,0.17624566
129443,0,0.17624566
129444,0,0.17624566
129445,0,0.17624566
129446,0,0.17624566
129447,0,0.17624566
129448,0,0.17624566
129449,0,0.17624566
129450,0,0.17624566
129451,0,0.17624566
129452,0,0.17624566
129453,0,0.17624566
129454,0,0.17624566
129455,0,0.17624566
129456,0,0.17624566
129457,0,0.17624566
129458,0,0.17624566
129459,0,0.17624566
129460,0,0.17624566
129461,0,0.17624566
129462,0,0.17624566
129463,0,0.17624566
129464,0,0.17624566
129465,0,0.17624566
129466,0,0.17624566
129467,0,0.17624566
129468,0,0.17624566
129469,0,0.17624566
129470,0,0.17624566
129471,0,0.17624566
129472,0,0.17624566
129473,0,0.17624566
129474,0,0.17624566
129475,0,0.17624566
129476,0,0.17624566
129477,0,0.17624566
129478,0,0.17624566
129479,0,0.17624566
129480,0,0.17624566
129481,0,0.17624566
129482,0,0.17624566
129483,0,0.17624566
129484,0,0.17624566
129485,0,0.17624566
129486,0,0.17624566
129487,0,0.17624566
129488,0,0.17624566
129489,0,0.17624566
129490,0,0.17624566
129491,0,0.17624566
129492,0,0.17624566
129493,0,0.17624566
129494,0,0.17624566
129495,0,0.17624566
129496,0,0.17624566
129497,0,0.17624566
129498,0,0.17624566
129499,0,0.17624566
129500,0,0.17624566
129501,0,0.17624566
129502,0,0.17624566
129503,0,0.17624566
129504,0,0.17624566
129505,0,0.17624566
129506,0,0.17624566
129507,0,0.17624566
129508,0,0.17624566
129509,0,0.17624566
129510,0,0.17624566
129511,0,0.17624566
129512,0,0.17624566
129513,0,0.17624566
129514,0,0.17624566
129515,0,0.17624566
129516,0,0.17624566
129517,0,0.17624566
129518,0,0.17624566
129519,0,0.17624566
129520,0,0.17624566
129521,0,0.17624566
129522,0,0.17624566
129523,0,0.17624566
129524,0,0.17624566
129525,0,0.17624566
129526,0,0.17624566
129527,0,0.17624566
129528,0,0.17624566
129529,0,0.17624566
129530,0,0.17624566
129531,0,0.17624566
129532,0,0.17624566
129533,0,0.17624566
129534,0,0.17624566
129535,0,0.17624566
129536,0,0.17624566
129537,0,0.17624566
129538,0,0.17624566
129539,0,0.17624566
129540,0,0.17624566
129541,0,0.17624566
129542,0,0.17624566
129543,0,0.17624566
129544,0,0.17624566
129545,0,0.17624566
129546,0,0.17624566
129547,0,0.17624566
129548,0,0.17624566
129549,0,0.17624566
129550,0,0.17624566
129551,0,0.17624566
129552,0,0.17624566
129553,0,0.17624566
129554,0,0.17624566
129555,0,0.17624566
129556,0,0.17624566
129557,0,0.17624566
129558,0,0.17624566
129559,0,0.17624566
129560,0,0.17624566
129561,0,0.17624566
129562,0,0.17624566
129563,0,0.17624566
129564,0,0.17624566
129565,0,0.17624566
129566,0,0.17624566
129567,0,0.17624566
129568,0,0.17624566
129569,0,0.17624566
129570,0,0.17624566
129571,0,0.17624566
129572,0,0.17624566
129573,0,0.17624566
129574,0,0.17624566
129575,0,0.17624566
129576,0,0.17624566
129577,0,0.17624566
129578,0,0.17624566
129579,0,0.17624566
129580,0,0.17624566
129581,0,0.17624566
129582,0,0.17624566
129583,0,0.17624566
129584,0,0.17624566
129585,0,0.17624566
129586,0,0.17624566
129587,0,0.17624566
129588,0,0.17624566
129589,0,0.17624566
129590,0,0.17624566
129591,0,0.17624566
129592,0,0.17624566
129593,0,0.17624566
129594,0,0.17624566
129595,0,0.17624566
129596,0,0.17624566
129597,0,0.17624566
129598,0,0.17624566
129599,0,0.17624566
129600,0,0.17624566
129601,0,0.17624566
129602,0,0.17624566
129603,0,0.17624566
129604,0,0.17624566
129605,0,0.17624566
129606,0,0.17624566
129607,0,0.17624566
129608,0,0.17624566
129609,0,0.17624566
129610,0,0.17624566
129611,0,0.17624566
129612,0,0.17624566
129613,0,0.17624566
129614,0,0.17624566
129615,0,0.17624566
129616,0,0.17624566
129617,0,0.17624566
129618,0,0.17624566
129619,0,0.17624566
129620,0,0.17624566
129621,0,0.17624566
129622,0,0.17624566
129623,0,0.17624566
129624,0,0.17624566
129625,0,0.17624566
129626,0,0.17624566
129627,0,0.17624566
129628,0,0.17624566
129629,0,0.17624566
129630,0,0.17624566
129631,0,0.17624566
129632,0,0.17624566
129633,0,0.17624566
129634,0,0.17624566
129635,0,0.17624566
129636,0,0.17624566
129637,0,0.17624566
129638,0,0.17624566
129639,0,0.17624566
129640,0,0.17624566
129641,0,0.17624566
129642,0,0.17624566
129643,0,0.17624566
129644,0,0.17624566
129645,0,0.17624566
129646,0,0.17624566
129647,0,0.17624566
129648,0,0.17624566
129649,0,0.17624566
129650,0,0.17624566
129651,0,0.17624566
129652,0,0.17624566
129653,0,0.17624566
129654,0,0.17624566
129655,0,0.17624566
129656,0,0.17624566
129657,0,0.17624566
129658,0,0.17624566
129659,0,0.17624566
129660,0,0.17624566
129661,0,0.17624566
129662,0,0.17624566
129663,0,0.17624566
129664,0,0.17624566
129665,0,0.17624566
129666,0,0.17624566
129667,0,0.17624566
129668,0,0.17624566
129669,0,0.17624566
129670,0,0.17624566
129671,0,0.17624566
129672,0,0.17624566
129673,0,0.17624566
129674,0,0.17624566
129675,0,0.17624566
129676,0,0.17624566
129677,0,0.17624566
129678,0,0.17624566
129679,0,0.17624566
129680,0,0.17624566
129681,0,0.17624566
129682,0,0.17624566
129683,0,0.17624566
129684,0,0.17624566
129685,0,0.17624566
129686,0,0.17624566
129687,0,0.17624566
129688,0,0.17624566
129689,0,0.17624566
129690,0,0.17624566
129691,0,0.17624566
129692,0,0.17624566
129693,0,0.17624566
129694,0,0.17624566
129695,0,0.17624566
129696,0,0.17624566
129697,0,0.17624566
129698,0,0.17624566
129699,0,0.17624566
129700,0,0.17624566
129701,0,0.17624566
129702,0,0.17624566
129703,0,0.17624566
129704,0,0.17624566
129705,0,0.17624566
129706,0,0.17624566
129707,0,0.17624566
129708,0,0.17624566
129709,0,0.17624566
129710,0,0.17624566
129711,0,0.17624566
129712,0,0.17624566
129713,0,0.17624566
129714,0,0.17624566
129715,0,0.17624566
129716,0,0.17624566
129717,0,0.17624566
129718,0,0.17624566
129719,0,0.17624566
129720,0,0.17624566
129721,0,0.17624566
129722,0,0.17624566
129723,0,0.17624566
129724,0,0.17624566
129725,0,0.17624566
129726,0,0.17624566
129727,0,0.17624566
129728,0,0.17624566
129729,0,0.17624566
129730,0,0.17624566
129731,0,0.17624566
129732,0,0.17624566
129733,0,0.17624566
129734,0,0.17624566
129735,0,0.17624566
129736,0,0.17624566
129737,0,0.17624566
129738,0,0.17624566
129739,0,0.17624566
129740,0,0.17624566
129741,0,0.17624566
129742,0,0.17624566
129743,0,0.17624566
129744,0,0.17624566
129745,0,0.17624566
129746,0,0.17624566
129747,0,0.17624566
129748,0,0.17624566
129749,0,0.17624566
129750,0,0.17624566
129751,0,0.17624566
129752,0,0.17624566
129753,0,0.17624566
129754,0,0.17624566
129755,0,0.17624566
129756,0,0.17624566
129757,0,0.17624566
129758,0,0.17624566
129759,0,0.17624566
129760,0,0.17624566
129761,0,0.17624566
129762,0,0.17624566
129763,0,0.17624566
129764,0,0.17624566
129765,0,0.17624566
129766,0,0.17624566
129767,0,0.17624566
129768,0,0.17624566
129769,0,0.17624566
129770,0,0.17624566
129771,0,0.17624566
129772,0,0.17624566
129773,0,0.17624566
129774,0,0.17624566
129775,0,0.17624566
129776,0,0.17624566
129777,0,0.17624566
129778,0,0.17624566
129779,0,0.17624566
129780,0,0.17624566
129781,0,0.17624566
129782,0,0.17624566
129783,0,0.17624566
129784,0,0.17624566
129785,0,0.17624566
129786,0,0.17624566
129787,0,0.17624566
129788,0,0.17624566
129789,0,0.17624566
129790,0,0.17624566
129791,0,0.17624566
129792,0,0.17624566
129793,0,0.17624566
129794,0,0.17624566
129795,0,0.17624566
129796,0,0.17624566
129797,0,0.17624566
129798,0,0.17624566
129799,0,0.17624566
129800,0,0.17624566
129801,0,0.17624566
129802,0,0.17624566
129803,0,0.17624566
129804,0,0.17624566
129805,0,0.17624566
129806,0,0.17624566
129807,0,0.17624566
129808,0,0.17624566
129809,0,0.17624566
129810,0,0.17624566
129811,0,0.17624566
129812,0,0.17624566
129813,0,0.17624566
129814,0,0.17624566
129815,0,0.17624566
129816,0,0.17624566
129817,0,0.17624566
129818,0,0.17624566
129819,0,0.17624566
129820,0,0.17624566
129821,0,0.17624566
129822,0,0.17624566
129823,0,0.17624566
129824,0,0.17624566
129825,0,0.17624566
129826,0,0.17624566
129827,0,0.17624566
129828,0,0.17624566
129829,0,0.17624566
129830,0,0.17624566
129831,0,0.17624566
129832,0,0.17624566
129833,0,0.17624566
129834,0,0.17624566
129835,0,0.17624566
129836,0,0.17624566
129837,0,0.17624566
129838,0,0.17624566
129839,0,0.17624566
129840,0,0.17624566
129841,0,0.17624566
129842,0,0.17624566
129843,0,0.17624566
129844,0,0.17624566
129845,0,0.17624566
129846,0,0.17624566
129847,0,0.17624566
129848,0,0.17624566
129849,0,0.17624566
129850,0,0.17624566
129851,0,0.17624566
129852,0,0.17624566
129853,0,0.17624566
129854,0,0.17624566
129855,0,0.17624566
129856,0,0.17624566
129857,0,0.17624566
129858,0,0.17624566
129859,0,0.17624566
129860,0,0.17624566
129861,0,0.17624566
129862,0,0.17624566
129863,0,0.17624566
129864,0,0.17624566
129865,0,0.17624566
129866,0,0.17624566
129867,0,0.17624566
129868,0,0.17624566
129869,0,0.17624566
129870,0,0.17624566
129871,0,0.17624566
129872,0,0.17624566
129873,0,0.17624566
129874,0,0.17624566
129875,0,0.17624566
129876,0,0.17624566
129877,0,0.17624566
129878,0,0.17624566
129879,0,0.17624566
129880,0,0.17624566
129881,0,0.17624566
129882,0,0.17624566
129883,0,0.17624566
129884,0,0.17624566
129885,0,0.17624566
129886,0,0.17624566
129887,0,0.17624566
129888,0,0.17624566
129889,0,0.17624566
129890,0,0.17624566
129891,0,0.17624566
129892,0,0.17624566
129893,0,0.17624566
129894,0,0.17624566
129895,0,0.17624566
129896,0,0.17624566
129897,0,0.17624566
129898,0,0.17624566
129899,0,0.17624566
129900,0,0.17624566
129901,0,0.17624566
129902,0,0.17624566
129903,0,0.17624566
129904,0,0.17624566
129905,0,0.17624566
129906,0,0.17624566
129907,0,0.17624566
129908,0,0.17624566
129909,0,0.17624566
129910,0,0.17624566
129911,0,0.17624566
129912,0,0.17624566
129913,0,0.17624566
129914,0,0.17624566
129915,0,0.17624566
129916,0,0.17624566
129917,0,0.17624566
129918,0,0.17624566
129919,0,0.17624566
129920,0,0.17624566
129921,0,0.17624566
129922,0,0.17624566
129923,0,0.17624566
129924,0,0.17624566
129925,0,0.17624566
129926,0,0.17624566
129927,0,0.17624566
129928,0,0.17624566
129929,0,0.17624566
129930,0,0.17624566
129931,0,0.17624566
129932,0,0.17624566
129933,0,0.17624566
129934,0,0.17624566
129935,0,0.17624566
129936,0,0.17624566
129937,0,0.17624566
129938,0,0.17624566
129939,0,0.17624566
129940,0,0.17624566
129941,0,0.17624566
129942,0,0.17624566
129943,0,0.17624566
129944,0,0.17624566
129945,0,0.17624566
129946,0,0.17624566
129947,0,0.17624566
129948,0,0.17624566
129949,0,0.17624566
129950,0,0.17624566
129951,0,0.17624566
129952,0,0.17624566
129953,0,0.17624566
129954,0,0.17624566
129955,0,0.17624566
129956,0,0.17624566
129957,0,0.17624566
129958,0,0.17624566
129959,0,0.17624566
129960,0,0.17624566
129961,0,0.17624566
129962,0,0.17624566
129963,0,0.17624566
129964,0,0.17624566
129965,0,0.17624566
129966,0,0.17624566
129967,0,0.17624566
129968,0,0.17624566
129969,0,0.17624566
129970,0,0.17624566
129971,0,0.17624566
129972,0,0.17624566
129973,0,0.17624566
129974,0,0.17624566
129975,0,0.17624566
129976,0,0.17624566
129977,0,0.17624566
129978,0,0.17624566
129979,0,0.17624566
129980,0,0.17624566
129981,0,0.17624566
129982,0,0.17624566
129983,0,0.17624566
129984,0,0.17624566
129985,0,0.17624566
129986,0,0.17624566
129987,0,0.17624566
129988,0,0.17624566
129989,0,0.17624566
129990,0,0.17624566
129991,0,0.17624566
129992,0,0.17624566
129993,0,0.17624566
129994,0,0.17624566
129995,0,0.17624566
129996,0,0.17624566
129997,0,0.17624566
129998,0,0.17624566
129999,0,0.17624566
130000,0,0.17624566
130001,0,0.17624566
130002,0,0.17624566
130003,0,0.17624566
130004,0,0.17624566
130005,0,0.17624566
130006,0,0.17624566
130007,0,0.17624566
130008,0,0.17624566
130009,0,0.17624566
130010,0,0.17624566
130011,0,0.17624566
130012,0,0.17624566
130013,0,0.17624566
130014,0,0.17624566
130015,0,0.17624566
130016,0,0.17624566
130017,0,0.17624566
130018,0,0.17624566
130019,0,0.17624566
130020,0,0.17624566
130021,0,0.17624566
130022,0,0.17624566
130023,0,0.17624566
130024,0,0.17624566
130025,0,0.17624566
130026,0,0.17624566
130027,0,0.17624566
130028,0,0.17624566
130029,0,0.17624566
130030,0,0.17624566
130031,0,0.17624566
130032,0,0.17624566
130033,0,0.17624566
130034,0,0.17624566
130035,0,0.17624566
130036,0,0.17624566
130037,0,0.17624566
130038,0,0.17624566
130039,0,0.17624566
130040,0,0.17624566
130041,0,0.17624566
130042,0,0.17624566
130043,0,0.17624566
130044,0,0.17624566
130045,0,0.17624566
130046,0,0.17624566
130047,0,0.17624566
130048,0,0.17624566
130049,0,0.17624566
130050,0,0.17624566
130051,0,0.17624566
130052,0,0.17624566
130053,0,0.17624566
130054,0,0.17624566
130055,0,0.17624566
130056,0,0.17624566
130057,0,0.17624566
130058,0,0.17624566
130059,0,0.17624566
130060,0,0.17624566
130061,0,0.17624566
130062,0,0.17624566
130063,0,0.17624566
130064,0,0.17624566
130065,0,0.17624566
130066,0,0.17624566
130067,0,0.17624566
130068,0,0.17624566
130069,0,0.17624566
130070,0,0.17624566
130071,0,0.17624566
130072,0,0.17624566
130073,0,0.17624566
130074,0,0.17624566
130075,0,0.17624566
130076,0,0.17624566
130077,0,0.17624566
130078,0,0.17624566
130079,0,0.17624566
130080,0,0.17624566
130081,0,0.17624566
130082,0,0.17624566
130083,0,0.17624566
130084,0,0.17624566
130085,0,0.17624566
130086,0,0.17624566
130087,0,0.17624566
130088,0,0.17624566
130089,0,0.17624566
130090,0,0.17624566
130091,0,0.17624566
130092,0,0.17624566
130093,0,0.17624566
130094,0,0.17624566
130095,0,0.17624566
130096,0,0.17624566
130097,0,0.17624566
130098,0,0.17624566
130099,0,0.17624566
130100,0,0.17624566
130101,0,0.17624566
130102,0,0.17624566
130103,0,0.17624566
130104,0,0.17624566
130105,0,0.17624566
130106,0,0.17624566
130107,0,0.17624566
130108,0,0.17624566
130109,0,0.17624566
130110,0,0.17624566
130111,0,0.17624566
130112,0,0.17624566
130113,0,0.17624566
130114,0,0.17624566
130115,0,0.17624566
130116,0,0.17624566
130117,0,0.17624566
130118,0,0.17624566
130119,0,0.17624566
130120,0,0.17624566
130121,0,0.17624566
130122,0,0.17624566
130123,0,0.17624566
130124,0,0.17624566
130125,0,0.17624566
130126,0,0.17624566
130127,0,0.17624566
130128,0,0.17624566
130129,0,0.17624566
130130,0,0.17624566
130131,0,0.17624566
130132,0,0.17624566
130133,0,0.17624566
130134,0,0.17624566
130135,0,0.17624566
130136,0,0.17624566
130137,0,0.17624566
130138,0,0.17624566
130139,0,0.17624566
130140,0,0.17624566
130141,0,0.17624566
130142,0,0.17624566
130143,0,0.17624566
130144,0,0.17624566
130145,0,0.17624566
130146,0,0.17624566
130147,0,0.17624566
130148,0,0.17624566
130149,0,0.17624566
130150,0,0.17624566
130151,0,0.17624566
130152,0,0.17624566
130153,0,0.17624566
130154,0,0.17624566
130155,0,0.17624566
130156,0,0.17624566
130157,0,0.17624566
130158,0,0.17624566
130159,0,0.17624566
130160,0,0.17624566
130161,0,0.17624566
130162,0,0.17624566
130163,0,0.17624566
130164,0,0.17624566
130165,0,0.17624566
130166,0,0.17624566
130167,0,0.17624566
130168,0,0.17624566
130169,0,0.17624566
130170,0,0.17624566
130171,0,0.17624566
130172,0,0.17624566
130173,0,0.17624566
130174,0,0.17624566
130175,0,0.17624566
130176,0,0.17624566
130177,0,0.17624566
130178,0,0.17624566
130179,0,0.17624566
130180,0,0.17624566
130181,0,0.17624566
130182,0,0.17624566
130183,0,0.17624566
130184,0,0.17624566
130185,0,0.17624566
130186,0,0.17624566
130187,0,0.17624566
130188,0,0.17624566
130189,0,0.17624566
130190,0,0.17624566
130191,0,0.17624566
130192,0,0.17624566
130193,0,0.17624566
130194,0,0.17624566
130195,0,0.17624566
130196,0,0.17624566
130197,0,0.17624566
130198,0,0.17624566
130199,0,0.17624566
130200,0,0.17624566
130201,0,0.17624566
130202,0,0.17624566
130203,0,0.17624566
130204,0,0.17624566
130205,0,0.17624566
130206,0,0.17624566
130207,0,0.17624566
130208,0,0.17624566
130209,0,0.17624566
130210,0,0.17624566
130211,0,0.17624566
130212,0,0.17624566
130213,0,0.17624566
130214,0,0.17624566
130215,0,0.17624566
130216,0,0.17624566
130217,0,0.17624566
130218,0,0.17624566
130219,0,0.17624566
130220,0,0.17624566
130221,0,0.17624566
130222,0,0.17624566
130223,0,0.17624566
130224,0,0.17624566
130225,0,0.17624566
130226,0,0.17624566
130227,0,0.17624566
130228,0,0.17624566
130229,0,0.17624566
130230,0,0.17624566
130231,0,0.17624566
130232,0,0.17624566
130233,0,0.17624566
130234,0,0.17624566
130235,0,0.17624566
130236,0,0.17624566
130237,0,0.17624566
130238,0,0.17624566
130239,0,0.17624566
130240,0,0.17624566
130241,0,0.17624566
130242,0,0.17624566
130243,0,0.17624566
130244,0,0.17624566
130245,0,0.17624566
130246,0,0.17624566
130247,0,0.17624566
130248,0,0.17624566
130249,0,0.17624566
130250,0,0.17624566
130251,0,0.17624566
130252,0,0.17624566
130253,0,0.17624566
130254,0,0.17624566
130255,0,0.17624566
130256,0,0.17624566
130257,0,0.17624566
130258,0,0.17624566
130259,0,0.17624566
130260,0,0.17624566
130261,0,0.17624566
130262,0,0.17624566
130263,0,0.17624566
130264,0,0.17624566
130265,0,0.17624566
130266,0,0.17624566
130267,0,0.17624566
130268,0,0.17624566
130269,0,0.17624566
130270,0,0.17624566
130271,0,0.17624566
130272,0,0.17624566
130273,0,0.17624566
130274,0,0.17624566
130275,0,0.17624566
130276,0,0.17624566
130277,0,0.17624566
130278,0,0.17624566
130279,0,0.17624566
130280,0,0.17624566
130281,0,0.17624566
130282,0,0.17624566
130283,0,0.17624566
130284,0,0.17624566
130285,0,0.17624566
130286,0,0.17624566
130287,0,0.17624566
130288,0,0.17624566
130289,0,0.17624566
130290,0,0.17624566
130291,0,0.17624566
130292,0,0.17624566
130293,0,0.17624566
130294,0,0.17624566
130295,0,0.17624566
130296,0,0.17624566
130297,0,0.17624566
130298,0,0.17624566
130299,0,0.17624566
130300,0,0.17624566
130301,0,0.17624566
130302,0,0.17624566
130303,0,0.17624566
130304,0,0.17624566
130305,0,0.17624566
130306,0,0.17624566
130307,0,0.17624566
130308,0,0.17624566
130309,0,0.17624566
130310,0,0.17624566
130311,0,0.17624566
130312,0,0.17624566
130313,0,0.17624566
130314,0,0.17624566
130315,0,0.17624566
130316,0,0.17624566
130317,0,0.17624566
130318,0,0.17624566
130319,0,0.17624566
130320,0,0.17624566
130321,0,0.17624566
130322,0,0.17624566
130323,0,0.17624566
130324,0,0.17624566
130325,0,0.17624566
130326,0,0.17624566
130327,0,0.17624566
130328,0,0.17624566
130329,0,0.17624566
130330,0,0.17624566
130331,0,0.17624566
130332,0,0.17624566
130333,0,0.17624566
130334,0,0.17624566
130335,0,0.17624566
130336,0,0.17624566
130337,0,0.17624566
130338,0,0.17624566
130339,0,0.17624566
130340,0,0.17624566
130341,0,0.17624566
130342,0,0.17624566
130343,0,0.17624566
130344,0,0.17624566
130345,0,0.17624566
130346,0,0.17624566
130347,0,0.17624566
130348,0,0.17624566
130349,0,0.17624566
130350,0,0.17624566
130351,0,0.17624566
130352,0,0.17624566
130353,0,0.17624566
130354,0,0.17624566
130355,0,0.17624566
130356,0,0.17624566
130357,0,0.17624566
130358,0,0.17624566
130359,0,0.17624566
130360,0,0.17624566
130361,0,0.17624566
130362,0,0.17624566
130363,0,0.17624566
130364,0,0.17624566
130365,0,0.17624566
130366,0,0.17624566
130367,0,0.17624566
130368,0,0.17624566
130369,0,0.17624566
130370,0,0.17624566
130371,0,0.17624566
130372,0,0.17624566
130373,0,0.17624566
130374,0,0.17624566
130375,0,0.17624566
130376,0,0.17624566
130377,0,0.17624566
130378,0,0.17624566
130379,0,0.17624566
130380,0,0.17624566
130381,0,0.17624566
130382,0,0.17624566
130383,0,0.17624566
130384,0,0.17624566
130385,0,0.17624566
130386,0,0.17624566
130387,0,0.17624566
130388,0,0.17624566
130389,0,0.17624566
130390,0,0.17624566
130391,0,0.17624566
130392,0,0.17624566
130393,0,0.17624566
130394,0,0.17624566
130395,0,0.17624566
130396,0,0.17624566
130397,0,0.17624566
130398,0,0.17624566
130399,0,0.17624566
130400,0,0.17624566
130401,0,0.17624566
130402,0,0.17624566
130403,0,0.17624566
130404,0,0.17624566
130405,0,0.17624566
130406,0,0.17624566
130407,0,0.17624566
130408,0,0.17624566
130409,0,0.17624566
130410,0,0.17624566
130411,0,0.17624566
130412,0,0.17624566
130413,0,0.17624566
130414,0,0.17624566
130415,0,0.17624566
130416,0,0.17624566
130417,0,0.17624566
130418,0,0.17624566
130419,0,0.17624566
130420,0,0.17624566
130421,0,0.17624566
130422,0,0.17624566
130423,0,0.17624566
130424,0,0.17624566
130425,0,0.17624566
130426,0,0.17624566
130427,0,0.17624566
130428,0,0.17624566
130429,0,0.17624566
130430,0,0.17624566
130431,0,0.17624566
130432,0,0.17624566
130433,0,0.17624566
130434,0,0.17624566
130435,0,0.17624566
130436,0,0.17624566
130437,0,0.17624566
130438,0,0.17624566
130439,0,0.17624566
130440,0,0.17624566
130441,0,0.17624566
130442,0,0.17624566
130443,0,0.17624566
130444,0,0.17624566
130445,0,0.17624566
130446,0,0.17624566
130447,0,0.17624566
130448,0,0.17624566
130449,0,0.17624566
130450,0,0.17624566
130451,0,0.17624566
130452,0,0.17624566
130453,0,0.17624566
130454,0,0.17624566
130455,0,0.17624566
130456,0,0.17624566
130457,0,0.17624566
130458,0,0.17624566
130459,0,0.17624566
130460,0,0.17624566
130461,0,0.17624566
130462,0,0.17624566
130463,0,0.17624566
130464,0,0.17624566
130465,0,0.17624566
130466,0,0.17624566
130467,0,0.17624566
130468,0,0.17624566
130469,0,0.17624566
130470,0,0.17624566
130471,0,0.17624566
130472,0,0.17624566
130473,0,0.17624566
130474,0,0.17624566
130475,0,0.17624566
130476,0,0.17624566
130477,0,0.17624566
130478,0,0.17624566
130479,0,0.17624566
130480,0,0.17624566
130481,0,0.17624566
130482,0,0.17624566
130483,0,0.17624566
130484,0,0.17624566
130485,0,0.17624566
130486,0,0.17624566
130487,0,0.17624566
130488,0,0.17624566
130489,0,0.17624566
130490,0,0.17624566
130491,0,0.17624566
130492,0,0.17624566
130493,0,0.17624566
130494,0,0.17624566
130495,0,0.17624566
130496,0,0.17624566
130497,0,0.17624566
130498,0,0.17624566
130499,0,0.17624566
130500,0,0.17624566
130501,0,0.17624566
130502,0,0.17624566
130503,0,0.17624566
130504,0,0.17624566
130505,0,0.17624566
130506,0,0.17624566
130507,0,0.17624566
130508,0,0.17624566
130509,0,0.17624566
130510,0,0.17624566
130511,0,0.17624566
130512,0,0.17624566
130513,0,0.17624566
130514,0,0.17624566
130515,0,0.17624566
130516,0,0.17624566
130517,0,0.17624566
130518,0,0.17624566
130519,0,0.17624566
130520,0,0.17624566
130521,0,0.17624566
130522,0,0.17624566
130523,0,0.17624566
130524,0,0.17624566
130525,0,0.17624566
130526,0,0.17624566
130527,0,0.17624566
130528,0,0.17624566
130529,0,0.17624566
130530,0,0.17624566
130531,0,0.17624566
130532,0,0.17624566
130533,0,0.17624566
130534,0,0.17624566
130535,0,0.17624566
130536,0,0.17624566
130537,0,0.17624566
130538,0,0.17624566
130539,0,0.17624566
130540,0,0.17624566
130541,0,0.17624566
130542,0,0.17624566
130543,0,0.17624566
130544,0,0.17624566
130545,0,0.17624566
130546,0,0.17624566
130547,0,0.17624566
130548,0,0.17624566
130549,0,0.17624566
130550,0,0.17624566
130551,0,0.17624566
130552,0,0.17624566
130553,0,0.17624566
130554,0,0.17624566
130555,0,0.17624566
130556,0,0.17624566
130557,0,0.17624566
130558,0,0.17624566
130559,0,0.17624566
130560,0,0.17624566
130561,0,0.17624566
130562,0,0.17624566
130563,0,0.17624566
130564,0,0.17624566
130565,0,0.17624566
130566,0,0.17624566
130567,0,0.17624566
130568,0,0.17624566
130569,0,0.17624566
130570,0,0.17624566
130571,0,0.17624566
130572,0,0.17624566
130573,0,0.17624566
130574,0,0.17624566
130575,0,0.17624566
130576,0,0.17624566
130577,0,0.17624566
130578,0,0.17624566
130579,0,0.17624566
130580,0,0.17624566
130581,0,0.17624566
130582,0,0.17624566
130583,0,0.17624566
130584,0,0.17624566
130585,0,0.17624566
130586,0,0.17624566
130587,0,0.17624566
130588,0,0.17624566
130589,0,0.17624566
130590,0,0.17624566
130591,0,0.17624566
130592,0,0.17624566
130593,0,0.17624566
130594,0,0.17624566
130595,0,0.17624566
130596,0,0.17624566
130597,0,0.17624566
130598,0,0.17624566
130599,0,0.17624566
130600,0,0.17624566
130601,0,0.17624566
130602,0,0.17624566
130603,0,0.17624566
130604,0,0.17624566
130605,0,0.17624566
130606,0,0.17624566
130607,0,0.17624566
130608,0,0.17624566
130609,0,0.17624566
130610,0,0.17624566
130611,0,0.17624566
130612,0,0.17624566
130613,0,0.17624566
130614,0,0.17624566
130615,0,0.17624566
130616,0,0.17624566
130617,0,0.17624566
130618,0,0.17624566
130619,0,0.17624566
130620,0,0.17624566
130621,0,0.17624566
130622,0,0.17624566
130623,0,0.17624566
130624,0,0.17624566
130625,0,0.17624566
130626,0,0.17624566
130627,0,0.17624566
130628,0,0.17624566
130629,0,0.17624566
130630,0,0.17624566
130631,0,0.17624566
130632,0,0.17624566
130633,0,0.17624566
130634,0,0.17624566
130635,0,0.17624566
130636,0,0.17624566
130637,0,0.17624566
130638,0,0.17624566
130639,0,0.17624566
130640,0,0.17624566
130641,0,0.17624566
130642,0,0.17624566
130643,0,0.17624566
130644,0,0.17624566
130645,0,0.17624566
130646,0,0.17624566
130647,0,0.17624566
130648,0,0.17624566
130649,0,0.17624566
130650,0,0.17624566
130651,0,0.17624566
130652,0,0.17624566
130653,0,0.17624566
130654,0,0.17624566
130655,0,0.17624566
130656,0,0.17624566
130657,0,0.17624566
130658,0,0.17624566
130659,0,0.17624566
130660,0,0.17624566
130661,0,0.17624566
130662,0,0.17624566
130663,0,0.17624566
130664,0,0.17624566
130665,0,0.17624566
130666,0,0.17624566
130667,0,0.17624566
130668,0,0.17624566
130669,0,0.17624566
130670,0,0.17624566
130671,0,0.17624566
130672,0,0.17624566
130673,0,0.17624566
130674,0,0.17624566
130675,0,0.17624566
130676,0,0.17624566
130677,0,0.17624566
130678,0,0.17624566
130679,0,0.17624566
130680,0,0.17624566
130681,0,0.17624566
130682,0,0.17624566
130683,0,0.17624566
130684,0,0.17624566
130685,0,0.17624566
130686,0,0.17624566
130687,0,0.17624566
130688,0,0.17624566
130689,0,0.17624566
130690,0,0.17624566
130691,0,0.17624566
130692,0,0.17624566
130693,0,0.17624566
130694,0,0.17624566
130695,0,0.17624566
130696,0,0.17624566
130697,0,0.17624566
130698,0,0.17624566
130699,0,0.17624566
130700,0,0.17624566
130701,0,0.17624566
130702,0,0.17624566
130703,0,0.17624566
130704,0,0.17624566
130705,0,0.17624566
130706,0,0.17624566
130707,0,0.17624566
130708,0,0.17624566
130709,0,0.17624566
130710,0,0.17624566
130711,0,0.17624566
130712,0,0.17624566
130713,0,0.17624566
130714,0,0.17624566
130715,0,0.17624566
130716,0,0.17624566
130717,0,0.17624566
130718,0,0.17624566
130719,0,0.17624566
130720,0,0.17624566
130721,0,0.17624566
130722,0,0.17624566
130723,0,0.17624566
130724,0,0.17624566
130725,0,0.17624566
130726,0,0.17624566
130727,0,0.17624566
130728,0,0.17624566
130729,0,0.17624566
130730,0,0.17624566
130731,0,0.17624566
130732,0,0.17624566
130733,0,0.17624566
130734,0,0.17624566
130735,0,0.17624566
130736,0,0.17624566
130737,0,0.17624566
130738,0,0.17624566
130739,0,0.17624566
130740,0,0.17624566
130741,0,0.17624566
130742,0,0.17624566
130743,0,0.17624566
130744,0,0.17624566
130745,0,0.17624566
130746,0,0.17624566
130747,0,0.17624566
130748,0,0.17624566
130749,0,0.17624566
130750,0,0.17624566
130751,0,0.17624566
130752,0,0.17624566
130753,0,0.17624566
130754,0,0.17624566
130755,0,0.17624566
130756,0,0.17624566
130757,0,0.17624566
130758,0,0.17624566
130759,0,0.17624566
130760,0,0.17624566
130761,0,0.17624566
130762,0,0.17624566
130763,0,0.17624566
130764,0,0.17624566
130765,0,0.17624566
130766,0,0.17624566
130767,0,0.17624566
130768,0,0.17624566
130769,0,0.17624566
130770,0,0.17624566
130771,0,0.17624566
130772,0,0.17624566
130773,0,0.17624566
130774,0,0.17624566
130775,0,0.17624566
130776,0,0.17624566
130777,0,0.17624566
130778,0,0.17624566
130779,0,0.17624566
130780,0,0.17624566
130781,0,0.17624566
130782,0,0.17624566
130783,0,0.17624566
130784,0,0.17624566
130785,0,0.17624566
130786,0,0.17624566
130787,0,0.17624566
130788,0,0.17624566
130789,0,0.17624566
130790,0,0.17624566
130791,0,0.17624566
130792,0,0.17624566
130793,0,0.17624566
130794,0,0.17624566
130795,0,0.17624566
130796,0,0.17624566
130797,0,0.17624566
130798,0,0.17624566
130799,0,0.17624566
130800,0,0.17624566
130801,0,0.17624566
130802,0,0.17624566
130803,0,0.17624566
130804,0,0.17624566
130805,0,0.17624566
130806,0,0.17624566
130807,0,0.17624566
130808,0,0.17624566
130809,0,0.17624566
130810,0,0.17624566
130811,0,0.17624566
130812,0,0.17624566
130813,0,0.17624566
130814,0,0.17624566
130815,0,0.17624566
130816,0,0.17624566
130817,0,0.17624566
130818,0,0.17624566
130819,0,0.17624566
130820,0,0.17624566
130821,0,0.17624566
130822,0,0.17624566
130823,0,0.17624566
130824,0,0.17624566
130825,0,0.17624566
130826,0,0.17624566
130827,0,0.17624566
130828,0,0.17624566
130829,0,0.17624566
130830,0,0.17624566
130831,0,0.17624566
130832,0,0.17624566
130833,0,0.17624566
130834,0,0.17624566
130835,0,0.17624566
130836,0,0.17624566
130837,0,0.17624566
130838,0,0.17624566
130839,0,0.17624566
130840,0,0.17624566
130841,0,0.17624566
130842,0,0.17624566
130843,0,0.17624566
130844,0,0.17624566
130845,0,0.17624566
130846,0,0.17624566
130847,0,0.17624566
130848,0,0.17624566
130849,0,0.17624566
130850,0,0.17624566
130851,0,0.17624566
130852,0,0.17624566
130853,0,0.17624566
130854,0,0.17624566
130855,0,0.17624566
130856,0,0.17624566
130857,0,0.17624566
130858,0,0.17624566
130859,0,0.17624566
130860,0,0.17624566
130861,0,0.17624566
130862,0,0.17624566
130863,0,0.17624566
130864,0,0.17624566
130865,0,0.17624566
130866,0,0.17624566
130867,0,0.17624566
130868,0,0.17624566
130869,0,0.17624566
130870,0,0.17624566
130871,0,0.17624566
130872,0,0.17624566
130873,0,0.17624566
130874,0,0.17624566
130875,0,0.17624566
130876,0,0.17624566
130877,0,0.17624566
130878,0,0.17624566
130879,0,0.17624566
130880,0,0.17624566
130881,0,0.17624566
130882,0,0.17624566
130883,0,0.17624566
130884,0,0.17624566
130885,0,0.17624566
130886,0,0.17624566
130887,0,0.17624566
130888,0,0.17624566
130889,0,0.17624566
130890,0,0.17624566
130891,0,0.17624566
130892,0,0.17624566
130893,0,0.17624566
130894,0,0.17624566
130895,0,0.17624566
130896,0,0.17624566
130897,0,0.17624566
130898,0,0.17624566
130899,0,0.17624566
130900,0,0.17624566
130901,0,0.17624566
130902,0,0.17624566
130903,0,0.17624566
130904,0,0.17624566
130905,0,0.17624566
130906,0,0.17624566
130907,0,0.17624566
130908,0,0.17624566
130909,0,0.17624566
130910,0,0.17624566
130911,0,0.17624566
130912,0,0.17624566
130913,0,0.17624566
130914,0,0.17624566
130915,0,0.17624566
130916,0,0.17624566
130917,0,0.17624566
130918,0,0.17624566
130919,0,0.17624566
130920,0,0.17624566
130921,0,0.17624566
130922,0,0.17624566
130923,0,0.17624566
130924,0,0.17624566
130925,0,0.17624566
130926,0,0.17624566
130927,0,0.17624566
130928,0,0.17624566
130929,0,0.17624566
130930,0,0.17624566
130931,0,0.17624566
130932,0,0.17624566
130933,0,0.17624566
130934,0,0.17624566
130935,0,0.17624566
130936,0,0.17624566
130937,0,0.17624566
130938,0,0.17624566
130939,0,0.17624566
130940,0,0.17624566
130941,0,0.17624566
130942,0,0.17624566
130943,0,0.17624566
130944,0,0.17624566
130945,0,0.17624566
130946,0,0.17624566
130947,0,0.17624566
130948,0,0.17624566
130949,0,0.17624566
130950,0,0.17624566
130951,0,0.17624566
130952,0,0.17624566
130953,0,0.17624566
130954,0,0.17624566
130955,0,0.17624566
130956,0,0.17624566
130957,0,0.17624566
130958,0,0.17624566
130959,0,0.17624566
130960,0,0.17624566
130961,0,0.17624566
130962,0,0.17624566
130963,0,0.17624566
130964,0,0.17624566
130965,0,0.17624566
130966,0,0.17624566
130967,0,0.17624566
130968,0,0.17624566
130969,0,0.17624566
130970,0,0.17624566
130971,0,0.17624566
130972,0,0.17624566
130973,0,0.17624566
130974,0,0.17624566
130975,0,0.17624566
130976,0,0.17624566
130977,0,0.17624566
130978,0,0.17624566
130979,0,0.17624566
130980,0,0.17624566
130981,0,0.17624566
130982,0,0.17624566
130983,0,0.17624566
130984,0,0.17624566
130985,0,0.17624566
130986,0,0.17624566
130987,0,0.17624566
130988,0,0.17624566
130989,0,0.17624566
130990,0,0.17624566
130991,0,0.17624566
130992,0,0.17624566
130993,0,0.17624566
130994,0,0.17624566
130995,0,0.17624566
130996,0,0.17624566
130997,0,0.17624566
130998,0,0.17624566
130999,0,0.17624566
131000,0,0.17624566
131001,0,0.17624566
131002,0,0.17624566
131003,0,0.17624566
131004,0,0.17624566
131005,0,0.17624566
131006,0,0.17624566
131007,0,0.17624566
131008,0,0.17624566
131009,0,0.17624566
131010,0,0.17624566
131011,0,0.17624566
131012,0,0.17624566
131013,0,0.17624566
131014,0,0.17624566
131015,0,0.17624566
131016,0,0.17624566
131017,0,0.17624566
131018,0,0.17624566
131019,0,0.17624566
131020,0,0.17624566
131021,0,0.17624566
131022,0,0.17624566
131023,0,0.17624566
131024,0,0.17624566
131025,0,0.17624566
131026,0,0.17624566
131027,0,0.17624566
131028,0,0.17624566
131029,0,0.17624566
131030,0,0.17624566
131031,0,0.17624566
131032,0,0.17624566
131033,0,0.17624566
131034,0,0.17624566
131035,0,0.17624566
131036,0,0.17624566
131037,0,0.17624566
131038,0,0.17624566
131039,0,0.17624566
131040,0,0.17624566
131041,0,0.17624566
131042,0,0.17624566
131043,0,0.17624566
131044,0,0.17624566
131045,0,0.17624566
131046,0,0.17624566
131047,0,0.17624566
131048,0,0.17624566
131049,0,0.17624566
131050,0,0.17624566
131051,0,0.17624566
131052,0,0.17624566
131053,0,0.17624566
131054,0,0.17624566
131055,0,0.17624566
131056,0,0.17624566
131057,0,0.17624566
131058,0,0.17624566
131059,0,0.17624566
131060,0,0.17624566
131061,0,0.17624566
131062,0,0.17624566
131063,0,0.17624566
131064,0,0.17624566
131065,0,0.17624566
131066,0,0.17624566
131067,0,0.17624566
131068,0,0.17624566
131069,0,0.17624566
131070,0,0.17624566
131071,0,0.17624566
131072,0,0.17624566
131073,0,0.17624566
131074,0,0.17624566
131075,0,0.17624566
131076,0,0.17624566
131077,0,0.17624566
131078,0,0.17624566
131079,0,0.17624566
131080,0,0.17624566
131081,0,0.17624566
131082,0,0.17624566
131083,0,0.17624566
131084,0,0.17624566
131085,0,0.17624566
131086,0,0.17624566
131087,0,0.17624566
131088,0,0.17624566
131089,0,0.17624566
131090,0,0.17624566
131091,0,0.17624566
131092,0,0.17624566
131093,0,0.17624566
131094,0,0.17624566
131095,0,0.17624566
131096,0,0.17624566
131097,0,0.17624566
131098,0,0.17624566
131099,0,0.17624566
131100,0,0.17624566
131101,0,0.17624566
131102,0,0.17624566
131103,0,0.17624566
131104,0,0.17624566
131105,0,0.17624566
131106,0,0.17624566
131107,0,0.17624566
131108,0,0.17624566
131109,0,0.17624566
131110,0,0.17624566
131111,0,0.17624566
131112,0,0.17624566
131113,0,0.17624566
131114,0,0.17624566
131115,0,0.17624566
131116,0,0.17624566
131117,0,0.17624566
131118,0,0.17624566
131119,0,0.17624566
131120,0,0.17624566
131121,0,0.17624566
131122,0,0.17624566
131123,0,0.17624566
131124,0,0.17624566
131125,0,0.17624566
131126,0,0.17624566
131127,0,0.17624566
131128,0,0.17624566
131129,0,0.17624566
131130,0,0.17624566
131131,0,0.17624566
131132,0,0.17624566
131133,0,0.17624566
131134,0,0.17624566
131135,0,0.17624566
131136,0,0.17624566
131137,0,0.17624566
131138,0,0.17624566
131139,0,0.17624566
131140,0,0.17624566
131141,0,0.17624566
131142,0,0.17624566
131143,0,0.17624566
131144,0,0.17624566
131145,0,0.17624566
131146,0,0.17624566
131147,0,0.17624566
131148,0,0.17624566
131149,0,0.17624566
131150,0,0.17624566
131151,0,0.17624566
131152,0,0.17624566
131153,0,0.17624566
131154,0,0.17624566
131155,0,0.17624566
131156,0,0.17624566
131157,0,0.17624566
131158,0,0.17624566
131159,0,0.17624566
131160,0,0.17624566
131161,0,0.17624566
131162,0,0.17624566
131163,0,0.17624566
131164,0,0.17624566
131165,0,0.17624566
131166,0,0.17624566
131167,0,0.17624566
131168,0,0.17624566
131169,0,0.17624566
131170,0,0.17624566
131171,0,0.17624566
131172,0,0.17624566
131173,0,0.17624566
131174,0,0.17624566
131175,0,0.17624566
131176,0,0.17624566
131177,0,0.17624566
131178,0,0.17624566
131179,0,0.17624566
131180,0,0.17624566
131181,0,0.17624566
131182,0,0.17624566
131183,0,0.17624566
131184,0,0.17624566
131185,0,0.17624566
131186,0,0.17624566
131187,0,0.17624566
131188,0,0.17624566
131189,0,0.17624566
131190,0,0.17624566
131191,0,0.17624566
131192,0,0.17624566
131193,0,0.17624566
131194,0,0.17624566
131195,0,0.17624566
131196,0,0.17624566
131197,0,0.17624566
131198,0,0.17624566
131199,0,0.17624566
131200,0,0.17624566
131201,0,0.17624566
131202,0,0.17624566
131203,0,0.17624566
131204,0,0.17624566
131205,0,0.17624566
131206,0,0.17624566
131207,0,0.17624566
131208,0,0.17624566
131209,0,0.17624566
131210,0,0.17624566
131211,0,0.17624566
131212,0,0.17624566
131213,0,0.17624566
131214,0,0.17624566
131215,0,0.17624566
131216,0,0.17624566
131217,0,0.17624566
131218,0,0.17624566
131219,0,0.17624566
131220,0,0.17624566
131221,0,0.17624566
131222,0,0.17624566
131223,0,0.17624566
131224,0,0.17624566
131225,0,0.17624566
131226,0,0.17624566
131227,0,0.17624566
131228,0,0.17624566
131229,0,0.17624566
131230,0,0.17624566
131231,0,0.17624566
131232,0,0.17624566
131233,0,0.17624566
131234,0,0.17624566
131235,0,0.17624566
131236,0,0.17624566
131237,0,0.17624566
131238,0,0.17624566
131239,0,0.17624566
131240,0,0.17624566
131241,0,0.17624566
131242,0,0.17624566
131243,0,0.17624566
131244,0,0.17624566
131245,0,0.17624566
131246,0,0.17624566
131247,0,0.17624566
131248,0,0.17624566
131249,0,0.17624566
131250,0,0.17624566
131251,0,0.17624566
131252,0,0.17624566
131253,0,0.17624566
131254,0,0.17624566
131255,0,0.17624566
131256,0,0.17624566
131257,0,0.17624566
131258,0,0.17624566
131259,0,0.17624566
131260,0,0.17624566
131261,0,0.17624566
131262,0,0.17624566
131263,0,0.17624566
131264,0,0.17624566
131265,0,0.17624566
131266,0,0.17624566
131267,0,0.17624566
131268,0,0.17624566
131269,0,0.17624566
131270,0,0.17624566
131271,0,0.17624566
131272,0,0.17624566
131273,0,0.17624566
131274,0,0.17624566
131275,0,0.17624566
131276,0,0.17624566
131277,0,0.17624566
131278,0,0.17624566
131279,0,0.17624566
131280,0,0.17624566
131281,0,0.17624566
131282,0,0.17624566
131283,0,0.17624566
131284,0,0.17624566
131285,0,0.17624566
131286,0,0.17624566
131287,0,0.17624566
131288,0,0.17624566
131289,0,0.17624566
131290,0,0.17624566
131291,0,0.17624566
131292,0,0.17624566
131293,0,0.17624566
131294,0,0.17624566
131295,0,0.17624566
131296,0,0.17624566
131297,0,0.17624566
131298,0,0.17624566
131299,0,0.17624566
131300,0,0.17624566
131301,0,0.17624566
131302,0,0.17624566
131303,0,0.17624566
131304,0,0.17624566
131305,0,0.17624566
131306,0,0.17624566
131307,0,0.17624566
131308,0,0.17624566
131309,0,0.17624566
131310,0,0.17624566
131311,0,0.17624566
131312,0,0.17624566
131313,0,0.17624566
131314,0,0.17624566
131315,0,0.17624566
131316,0,0.17624566
131317,0,0.17624566
131318,0,0.17624566
131319,0,0.17624566
131320,0,0.17624566
131321,0,0.17624566
131322,0,0.17624566
131323,0,0.17624566
131324,0,0.17624566
131325,0,0.17624566
131326,0,0.17624566
131327,0,0.17624566
131328,0,0.17624566
131329,0,0.17624566
131330,0,0.17624566
131331,0,0.17624566
131332,0,0.17624566
131333,0,0.17624566
131334,0,0.17624566
131335,0,0.17624566
131336,0,0.17624566
131337,0,0.17624566
131338,0,0.17624566
131339,0,0.17624566
131340,0,0.17624566
131341,0,0.17624566
131342,0,0.17624566
131343,0,0.17624566
131344,0,0.17624566
131345,0,0.17624566
131346,0,0.17624566
131347,0,0.17624566
131348,0,0.17624566
131349,0,0.17624566
131350,0,0.17624566
131351,0,0.17624566
131352,0,0.17624566
131353,0,0.17624566
131354,0,0.17624566
131355,0,0.17624566
131356,0,0.17624566
131357,0,0.17624566
131358,0,0.17624566
131359,0,0.17624566
131360,0,0.17624566
131361,0,0.17624566
131362,0,0.17624566
131363,0,0.17624566
131364,0,0.17624566
131365,0,0.17624566
131366,0,0.17624566
131367,0,0.17624566
131368,0,0.17624566
131369,0,0.17624566
131370,0,0.17624566
131371,0,0.17624566
131372,0,0.17624566
131373,0,0.17624566
131374,0,0.17624566
131375,0,0.17624566
131376,0,0.17624566
131377,0,0.17624566
131378,0,0.17624566
131379,0,0.17624566
131380,0,0.17624566
131381,0,0.17624566
131382,0,0.17624566
131383,0,0.17624566
131384,0,0.17624566
131385,0,0.17624566
131386,0,0.17624566
131387,0,0.17624566
131388,0,0.17624566
131389,0,0.17624566
131390,0,0.17624566
131391,0,0.17624566
131392,0,0.17624566
131393,0,0.17624566
131394,0,0.17624566
131395,0,0.17624566
131396,0,0.17624566
131397,0,0.17624566
131398,0,0.17624566
131399,0,0.17624566
131400,0,0.17624566
131401,0,0.17624566
131402,0,0.17624566
131403,0,0.17624566
131404,0,0.17624566
131405,0,0.17624566
131406,0,0.17624566
131407,0,0.17624566
131408,0,0.17624566
131409,0,0.17624566
131410,0,0.17624566
131411,0,0.17624566
131412,0,0.17624566
131413,0,0.17624566
131414,0,0.17624566
131415,0,0.17624566
131416,0,0.17624566
131417,0,0.17624566
131418,0,0.17624566
131419,0,0.17624566
131420,0,0.17624566
131421,0,0.17624566
131422,0,0.17624566
131423,0,0.17624566
131424,0,0.17624566
131425,0,0.17624566
131426,0,0.17624566
131427,0,0.17624566
131428,0,0.17624566
131429,0,0.17624566
131430,0,0.17624566
131431,0,0.17624566
131432,0,0.17624566
131433,0,0.17624566
131434,0,0.17624566
131435,0,0.17624566
131436,0,0.17624566
131437,0,0.17624566
131438,0,0.17624566
131439,0,0.17624566
131440,0,0.17624566
131441,0,0.17624566
131442,0,0.17624566
131443,0,0.17624566
131444,0,0.17624566
131445,0,0.17624566
131446,0,0.17624566
131447,0,0.17624566
131448,0,0.17624566
131449,0,0.17624566
131450,0,0.17624566
131451,0,0.17624566
131452,0,0.17624566
131453,0,0.17624566
131454,0,0.17624566
131455,0,0.17624566
131456,0,0.17624566
131457,0,0.17624566
131458,0,0.17624566
131459,0,0.17624566
131460,0,0.17624566
131461,0,0.17624566
131462,0,0.17624566
131463,0,0.17624566
131464,0,0.17624566
131465,0,0.17624566
131466,0,0.17624566
131467,0,0.17624566
131468,0,0.17624566
131469,0,0.17624566
131470,0,0.17624566
131471,0,0.17624566
131472,0,0.17624566
131473,0,0.17624566
131474,0,0.17624566
131475,0,0.17624566
131476,0,0.17624566
131477,0,0.17624566
131478,0,0.17624566
131479,0,0.17624566
131480,0,0.17624566
131481,0,0.17624566
131482,0,0.17624566
131483,0,0.17624566
131484,0,0.17624566
131485,0,0.17624566
131486,0,0.17624566
131487,0,0.17624566
131488,0,0.17624566
131489,0,0.17624566
131490,0,0.17624566
131491,0,0.17624566
131492,0,0.17624566
131493,0,0.17624566
131494,0,0.17624566
131495,0,0.17624566
131496,0,0.17624566
131497,0,0.17624566
131498,0,0.17624566
131499,0,0.17624566
131500,0,0.17624566
131501,0,0.17624566
131502,0,0.17624566
131503,0,0.17624566
131504,0,0.17624566
131505,0,0.17624566
131506,0,0.17624566
131507,0,0.17624566
131508,0,0.17624566
131509,0,0.17624566
131510,0,0.17624566
131511,0,0.17624566
131512,0,0.17624566
131513,0,0.17624566
131514,0,0.17624566
131515,0,0.17624566
131516,0,0.17624566
131517,0,0.17624566
131518,0,0.17624566
131519,0,0.17624566
131520,0,0.17624566
131521,0,0.17624566
131522,0,0.17624566
131523,0,0.17624566
131524,0,0.17624566
131525,0,0.17624566
131526,0,0.17624566
131527,0,0.17624566
131528,0,0.17624566
131529,0,0.17624566
131530,0,0.17624566
131531,0,0.17624566
131532,0,0.17624566
131533,0,0.17624566
131534,0,0.17624566
131535,0,0.17624566
131536,0,0.17624566
131537,0,0.17624566
131538,0,0.17624566
131539,0,0.17624566
131540,0,0.17624566
131541,0,0.17624566
131542,0,0.17624566
131543,0,0.17624566
131544,0,0.17624566
131545,0,0.17624566
131546,0,0.17624566
131547,0,0.17624566
131548,0,0.17624566
131549,0,0.17624566
131550,0,0.17624566
131551,0,0.17624566
131552,0,0.17624566
131553,0,0.17624566
131554,0,0.17624566
131555,0,0.17624566
131556,0,0.17624566
131557,0,0.17624566
131558,0,0.17624566
131559,0,0.17624566
131560,0,0.17624566
131561,0,0.17624566
131562,0,0.17624566
131563,0,0.17624566
131564,0,0.17624566
131565,0,0.17624566
131566,0,0.17624566
131567,0,0.17624566
131568,0,0.17624566
131569,0,0.17624566
131570,0,0.17624566
131571,0,0.17624566
131572,0,0.17624566
131573,0,0.17624566
131574,0,0.17624566
131575,0,0.17624566
131576,0,0.17624566
131577,0,0.17624566
131578,0,0.17624566
131579,0,0.17624566
131580,0,0.17624566
131581,0,0.17624566
131582,0,0.17624566
131583,0,0.17624566
131584,0,0.17624566
131585,0,0.17624566
131586,0,0.17624566
131587,0,0.17624566
131588,0,0.17624566
131589,0,0.17624566
131590,0,0.17624566
131591,0,0.17624566
131592,0,0.17624566
131593,0,0.17624566
131594,0,0.17624566
131595,0,0.17624566
131596,0,0.17624566
131597,0,0.17624566
131598,0,0.17624566
131599,0,0.17624566
131600,0,0.17624566
131601,0,0.17624566
131602,0,0.17624566
131603,0,0.17624566
131604,0,0.17624566
131605,0,0.17624566
131606,0,0.17624566
131607,0,0.17624566
131608,0,0.17624566
131609,0,0.17624566
131610,0,0.17624566
131611,0,0.17624566
131612,0,0.17624566
131613,0,0.17624566
131614,0,0.17624566
131615,0,0.17624566
131616,0,0.17624566
131617,0,0.17624566
131618,0,0.17624566
131619,0,0.17624566
131620,0,0.17624566
131621,0,0.17624566
131622,0,0.17624566
131623,0,0.17624566
131624,0,0.17624566
131625,0,0.17624566
131626,0,0.17624566
131627,0,0.17624566
131628,0,0.17624566
131629,0,0.17624566
131630,0,0.17624566
131631,0,0.17624566
131632,0,0.17624566
131633,0,0.17624566
131634,0,0.17624566
131635,0,0.17624566
131636,0,0.17624566
131637,0,0.17624566
131638,0,0.17624566
131639,0,0.17624566
131640,0,0.17624566
131641,0,0.17624566
131642,0,0.17624566
131643,0,0.17624566
131644,0,0.17624566
131645,0,0.17624566
131646,0,0.17624566
131647,0,0.17624566
131648,0,0.17624566
131649,0,0.17624566
131650,0,0.17624566
131651,0,0.17624566
131652,0,0.17624566
131653,0,0.17624566
131654,0,0.17624566
131655,0,0.17624566
131656,0,0.17624566
131657,0,0.17624566
131658,0,0.17624566
131659,0,0.17624566
131660,0,0.17624566
131661,0,0.17624566
131662,0,0.17624566
131663,0,0.17624566
131664,0,0.17624566
131665,0,0.17624566
131666,0,0.17624566
131667,0,0.17624566
131668,0,0.17624566
131669,0,0.17624566
131670,0,0.17624566
131671,0,0.17624566
131672,0,0.17624566
131673,0,0.17624566
131674,0,0.17624566
131675,0,0.17624566
131676,0,0.17624566
131677,0,0.17624566
131678,0,0.17624566
131679,0,0.17624566
131680,0,0.17624566
131681,0,0.17624566
131682,0,0.17624566
131683,0,0.17624566
131684,0,0.17624566
131685,0,0.17624566
131686,0,0.17624566
131687,0,0.17624566
131688,0,0.17624566
131689,0,0.17624566
131690,0,0.17624566
131691,0,0.17624566
131692,0,0.17624566
131693,0,0.17624566
131694,0,0.17624566
131695,0,0.17624566
131696,0,0.17624566
131697,0,0.17624566
131698,0,0.17624566
131699,0,0.17624566
131700,0,0.17624566
131701,0,0.17624566
131702,0,0.17624566
131703,0,0.17624566
131704,0,0.17624566
131705,0,0.17624566
131706,0,0.17624566
131707,0,0.17624566
131708,0,0.17624566
131709,0,0.17624566
131710,0,0.17624566
131711,0,0.17624566
131712,0,0.17624566
131713,0,0.17624566
131714,0,0.17624566
131715,0,0.17624566
131716,0,0.17624566
131717,0,0.17624566
131718,0,0.17624566
131719,0,0.17624566
131720,0,0.17624566
131721,0,0.17624566
131722,0,0.17624566
131723,0,0.17624566
131724,0,0.17624566
131725,0,0.17624566
131726,0,0.17624566
131727,0,0.17624566
131728,0,0.17624566
131729,0,0.17624566
131730,0,0.17624566
131731,0,0.17624566
131732,0,0.17624566
131733,0,0.17624566
131734,0,0.17624566
131735,0,0.17624566
131736,0,0.17624566
131737,0,0.17624566
131738,0,0.17624566
131739,0,0.17624566
131740,0,0.17624566
131741,0,0.17624566
131742,0,0.17624566
131743,0,0.17624566
131744,0,0.17624566
131745,0,0.17624566
131746,0,0.17624566
131747,0,0.17624566
131748,0,0.17624566
131749,0,0.17624566
131750,0,0.17624566
131751,0,0.17624566
131752,0,0.17624566
131753,0,0.17624566
131754,0,0.17624566
131755,0,0.17624566
131756,0,0.17624566
131757,0,0.17624566
131758,0,0.17624566
131759,0,0.17624566
131760,0,0.17624566
131761,0,0.17624566
131762,0,0.17624566
131763,0,0.17624566
131764,0,0.17624566
131765,0,0.17624566
131766,0,0.17624566
131767,0,0.17624566
131768,0,0.17624566
131769,0,0.17624566
131770,0,0.17624566
131771,0,0.17624566
131772,0,0.17624566
131773,0,0.17624566
131774,0,0.17624566
131775,0,0.17624566
131776,0,0.17624566
131777,0,0.17624566
131778,0,0.17624566
131779,0,0.17624566
131780,0,0.17624566
131781,0,0.17624566
131782,0,0.17624566
131783,0,0.17624566
131784,0,0.17624566
131785,0,0.17624566
131786,0,0.17624566
131787,0,0.17624566
131788,0,0.17624566
131789,0,0.17624566
131790,0,0.17624566
131791,0,0.17624566
131792,0,0.17624566
131793,0,0.17624566
131794,0,0.17624566
131795,0,0.17624566
131796,0,0.17624566
131797,0,0.17624566
131798,0,0.17624566
131799,0,0.17624566
131800,0,0.17624566
131801,0,0.17624566
131802,0,0.17624566
131803,0,0.17624566
131804,0,0.17624566
131805,0,0.17624566
131806,0,0.17624566
131807,0,0.17624566
131808,0,0.17624566
131809,0,0.17624566
131810,0,0.17624566
131811,0,0.17624566
131812,0,0.17624566
131813,0,0.17624566
131814,0,0.17624566
131815,0,0.17624566
131816,0,0.17624566
131817,0,0.17624566
131818,0,0.17624566
131819,0,0.17624566
131820,0,0.17624566
131821,0,0.17624566
131822,0,0.17624566
131823,0,0.17624566
131824,0,0.17624566
131825,0,0.17624566
131826,0,0.17624566
131827,0,0.17624566
131828,0,0.17624566
131829,0,0.17624566
131830,0,0.17624566
131831,0,0.17624566
131832,0,0.17624566
131833,0,0.17624566
131834,0,0.17624566
131835,0,0.17624566
131836,0,0.17624566
131837,0,0.17624566
131838,0,0.17624566
131839,0,0.17624566
131840,0,0.17624566
131841,0,0.17624566
131842,0,0.17624566
131843,0,0.17624566
131844,0,0.17624566
131845,0,0.17624566
131846,0,0.17624566
131847,0,0.17624566
131848,0,0.17624566
131849,0,0.17624566
131850,0,0.17624566
131851,0,0.17624566
131852,0,0.17624566
131853,0,0.17624566
131854,0,0.17624566
131855,0,0.17624566
131856,0,0.17624566
131857,0,0.17624566
131858,0,0.17624566
131859,0,0.17624566
131860,0,0.17624566
131861,0,0.17624566
131862,0,0.17624566
131863,0,0.17624566
131864,0,0.17624566
131865,0,0.17624566
131866,0,0.17624566
131867,0,0.17624566
131868,0,0.17624566
131869,0,0.17624566
131870,0,0.17624566
131871,0,0.17624566
131872,0,0.17624566
131873,0,0.17624566
131874,0,0.17624566
131875,0,0.17624566
131876,0,0.17624566
131877,0,0.17624566
131878,0,0.17624566
131879,0,0.17624566
131880,0,0.17624566
131881,0,0.17624566
131882,0,0.17624566
131883,0,0.17624566
131884,0,0.17624566
131885,0,0.17624566
131886,0,0.17624566
131887,0,0.17624566
131888,0,0.17624566
131889,0,0.17624566
131890,0,0.17624566
131891,0,0.17624566
131892,0,0.17624566
131893,0,0.17624566
131894,0,0.17624566
131895,0,0.17624566
131896,0,0.17624566
131897,0,0.17624566
131898,0,0.17624566
131899,0,0.17624566
131900,0,0.17624566
131901,0,0.17624566
131902,0,0.17624566
131903,0,0.17624566
131904,0,0.17624566
131905,0,0.17624566
131906,0,0.17624566
131907,0,0.17624566
131908,0,0.17624566
131909,0,0.17624566
131910,0,0.17624566
131911,0,0.17624566
131912,0,0.17624566
131913,0,0.17624566
131914,0,0.17624566
131915,0,0.17624566
131916,0,0.17624566
131917,0,0.17624566
131918,0,0.17624566
131919,0,0.17624566
131920,0,0.17624566
131921,0,0.17624566
131922,0,0.17624566
131923,0,0.17624566
131924,0,0.17624566
131925,0,0.17624566
131926,0,0.17624566
131927,0,0.17624566
131928,0,0.17624566
131929,0,0.17624566
131930,0,0.17624566
131931,0,0.17624566
131932,0,0.17624566
131933,0,0.17624566
131934,0,0.17624566
131935,0,0.17624566
131936,0,0.17624566
131937,0,0.17624566
131938,0,0.17624566
131939,0,0.17624566
131940,0,0.17624566
131941,0,0.17624566
131942,0,0.17624566
131943,0,0.17624566
131944,0,0.17624566
131945,0,0.17624566
131946,0,0.17624566
131947,0,0.17624566
131948,0,0.17624566
131949,0,0.17624566
131950,0,0.17624566
131951,0,0.17624566
131952,0,0.17624566
131953,0,0.17624566
131954,0,0.17624566
131955,0,0.17624566
131956,0,0.17624566
131957,0,0.17624566
131958,0,0.17624566
131959,0,0.17624566
131960,0,0.17624566
131961,0,0.17624566
131962,0,0.17624566
131963,0,0.17624566
131964,0,0.17624566
131965,0,0.17624566
131966,0,0.17624566
131967,0,0.17624566
131968,0,0.17624566
131969,0,0.17624566
131970,0,0.17624566
131971,0,0.17624566
131972,0,0.17624566
131973,0,0.17624566
131974,0,0.17624566
131975,0,0.17624566
131976,0,0.17624566
131977,0,0.17624566
131978,0,0.17624566
131979,0,0.17624566
131980,0,0.17624566
131981,0,0.17624566
131982,0,0.17624566
131983,0,0.17624566
131984,0,0.17624566
131985,0,0.17624566
131986,0,0.17624566
131987,0,0.17624566
131988,0,0.17624566
131989,0,0.17624566
131990,0,0.17624566
131991,0,0.17624566
131992,0,0.17624566
131993,0,0.17624566
131994,0,0.17624566
131995,0,0.17624566
131996,0,0.17624566
131997,0,0.17624566
131998,0,0.17624566
131999,0,0.17624566
132000,0,0.17624566
132001,0,0.17624566
132002,0,0.17624566
132003,0,0.17624566
132004,0,0.17624566
132005,0,0.17624566
132006,0,0.17624566
132007,0,0.17624566
132008,0,0.17624566
132009,0,0.17624566
132010,0,0.17624566
132011,0,0.17624566
132012,0,0.17624566
132013,0,0.17624566
132014,0,0.17624566
132015,0,0.17624566
132016,0,0.17624566
132017,0,0.17624566
132018,0,0.17624566
132019,0,0.17624566
132020,0,0.17624566
132021,0,0.17624566
132022,0,0.17624566
132023,0,0.17624566
132024,0,0.17624566
132025,0,0.17624566
132026,0,0.17624566
132027,0,0.17624566
132028,0,0.17624566
132029,0,0.17624566
132030,0,0.17624566
132031,0,0.17624566
132032,0,0.17624566
132033,0,0.17624566
132034,0,0.17624566
132035,0,0.17624566
132036,0,0.17624566
132037,0,0.17624566
132038,0,0.17624566
132039,0,0.17624566
132040,0,0.17624566
132041,0,0.17624566
132042,0,0.17624566
132043,0,0.17624566
132044,0,0.17624566
132045,0,0.17624566
132046,0,0.17624566
132047,0,0.17624566
132048,0,0.17624566
132049,0,0.17624566
132050,0,0.17624566
132051,0,0.17624566
132052,0,0.17624566
132053,0,0.17624566
132054,0,0.17624566
132055,0,0.17624566
132056,0,0.17624566
132057,0,0.17624566
132058,0,0.17624566
132059,0,0.17624566
132060,0,0.17624566
132061,0,0.033040136
132062,0,0.033040136
132063,0,0.033040136
132064,0,0.033040136
132065,0,0.033040136
132066,0,0.033040136
132067,0,0.033040136
132068,0,0.033040136
132069,0,0.033040136
132070,0,0.033040136
132071,0,0.033040136
132072,0,0.033040136
132073,0,0.033040136
132074,0,0.033040136
132075,0,0.033040136
132076,0,0.033040136
132077,0,0.033040136
132078,0,0.033040136
132079,0,0.033040136
132080,0,0.033040136
132081,0,0.033040136
132082,0,0.033040136
132083,0,0.033040136
132084,0,0.033040136
132085,0,0.033040136
132086,0,0.033040136
132087,0,0.033040136
132088,0,0.033040136
132089,0,0.033040136
132090,0,0.033040136
132091,0,0.033040136
132092,0,0.033040136
132093,0,0.033040136
132094,0,0.033040136
132095,0,0.033040136
132096,0,0.033040136
132097,0,0.033040136
132098,0,0.033040136
132099,0,0.033040136
132100,0,0.033040136
132101,0,0.033040136
132102,0,0.033040136
132103,0,0.033040136
132104,0,0.033040136
132105,0,0.033040136
132106,0,0.033040136
132107,0,0.033040136
132108,0,0.033040136
132109,0,0.033040136
132110,0,0.033040136
132111,0,0.033040136
132112,0,0.033040136
132113,0,0.033040136
132114,0,0.033040136
132115,0,0.033040136
132116,0,0.033040136
132117,0,0.033040136
132118,0,0.033040136
132119,0,0.033040136
132120,0,0.033040136
132121,0,0.033040136
132122,0,0.033040136
132123,0,0.033040136
132124,0,0.033040136
132125,0,0.033040136
132126,0,0.033040136
132127,0,0.033040136
132128,0,0.033040136
132129,0,0.033040136
132130,0,0.033040136
132131,0,0.033040136
132132,0,0.033040136
132133,0,0.033040136
132134,0,0.033040136
132135,0,0.033040136
132136,0,0.033040136
132137,0,0.033040136
132138,0,0.033040136
132139,0,0.033040136
132140,0,0.033040136
132141,0,0.033040136
132142,0,0.033040136
132143,0,0.033040136
132144,0,0.033040136
132145,0,0.033040136
132146,0,0.033040136
132147,0,0.033040136
132148,0,0.033040136
132149,0,0.033040136
132150,0,0.033040136
132151,0,0.033040136
132152,0,0.033040136
132153,0,0.033040136
132154,0,0.033040136
132155,0,0.033040136
132156,0,0.033040136
132157,0,0.033040136
132158,0,0.033040136
132159,0,0.033040136
132160,0,0.033040136
132161,0,0.033040136
132162,0,0.033040136
132163,0,0.033040136
132164,0,0.033040136
132165,0,0.033040136
132166,0,0.033040136
132167,0,0.033040136
132168,0,0.033040136
132169,0,0.033040136
132170,0,0.033040136
132171,0,0.033040136
132172,0,0.033040136
132173,0,0.033040136
132174,0,0.033040136
132175,0,0.033040136
132176,0,0.033040136
132177,0,0.033040136
132178,0,0.033040136
132179,0,0.033040136
132180,0,0.033040136
132181,0,0.033040136
132182,0,0.033040136
132183,0,0.033040136
132184,0,0.033040136
132185,0,0.033040136
132186,0,0.033040136
132187,0,0.033040136
132188,0,0.033040136
132189,0,0.033040136
132190,0,0.033040136
132191,0,0.033040136
132192,0,0.033040136
132193,0,0.033040136
132194,0,0.033040136
132195,0,0.033040136
132196,0,0.033040136
132197,0,0.033040136
132198,0,0.033040136
132199,0,0.033040136
132200,0,0.033040136
132201,0,0.033040136
132202,0,0.033040136
132203,0,0.033040136
132204,0,0.033040136
132205,0,0.033040136
132206,0,0.033040136
132207,0,0.033040136
132208,0,0.033040136
132209,0,0.033040136
132210,0,0.033040136
132211,0,0.033040136
132212,0,0.033040136
132213,0,0.033040136
132214,0,0.033040136
132215,0,0.033040136
132216,0,0.033040136
132217,0,0.033040136
132218,0,0.033040136
132219,0,0.033040136
132220,0,0.033040136
132221,0,0.033040136
132222,0,0.033040136
132223,0,0.033040136
132224,0,0.033040136
132225,0,0.033040136
132226,0,0.033040136
132227,0,0.033040136
132228,0,0.033040136
132229,0,0.033040136
132230,0,0.033040136
132231,0,0.033040136
132232,0,0.033040136
132233,0,0.033040136
132234,0,0.033040136
132235,0,0.033040136
132236,0,0.033040136
132237,0,0.033040136
132238,0,0.033040136
132239,0,0.033040136
132240,0,0.033040136
132241,0,0.033040136
132242,0,0.033040136
132243,0,0.033040136
132244,0,0.033040136
132245,0,0.033040136
132246,0,0.033040136
132247,0,0.033040136
132248,0,0.033040136
132249,0,0.033040136
132250,0,0.033040136
132251,0,0.033040136
132252,0,0.033040136
132253,0,0.033040136
132254,0,0.033040136
132255,0,0.033040136
132256,0,0.033040136
132257,0,0.033040136
132258,0,0.033040136
132259,0,0.033040136
132260,0,0.033040136
132261,0,0.033040136
132262,0,0.033040136
132263,0,0.033040136
132264,0,0.033040136
132265,0,0.033040136
132266,0,0.033040136
132267,0,0.033040136
132268,0,0.033040136
132269,0,0.033040136
132270,0,0.033040136
132271,0,0.033040136
132272,0,0.033040136
132273,0,0.033040136
132274,0,0.033040136
132275,0,0.033040136
132276,0,0.033040136
132277,0,0.033040136
132278,0,0.033040136
132279,0,0.033040136
132280,0,0.033040136
132281,0,0.033040136
132282,0,0.033040136
132283,0,0.033040136
132284,0,0.033040136
132285,0,0.033040136
132286,0,0.033040136
132287,0,0.033040136
132288,0,0.033040136
132289,0,0.033040136
132290,0,0.033040136
132291,0,0.033040136
132292,0,0.033040136
132293,0,0.033040136
132294,0,0.033040136
132295,0,0.033040136
132296,0,0.033040136
132297,0,0.033040136
132298,0,0.033040136
132299,0,0.033040136
132300,0,0.033040136
132301,0,0.033040136
132302,0,0.033040136
132303,0,0.033040136
132304,0,0.033040136
132305,0,0.033040136
132306,0,0.033040136
132307,0,0.033040136
132308,0,0.033040136
132309,0,0.033040136
132310,0,0.033040136
132311,0,0.033040136
132312,0,0.033040136
132313,0,0.033040136
132314,0,0.033040136
132315,0,0.033040136
132316,0,0.033040136
132317,0,0.033040136
132318,0,0.033040136
132319,0,0.033040136
132320,0,0.033040136
132321,0,0.033040136
132322,0,0.033040136
132323,0,0.033040136
132324,0,0.033040136
132325,0,0.033040136
132326,0,0.033040136
132327,0,0.033040136
132328,0,0.033040136
132329,0,0.033040136
132330,0,0.033040136
132331,0,0.033040136
132332,0,0.033040136
132333,0,0.033040136
132334,0,0.033040136
132335,0,0.033040136
132336,0,0.033040136
132337,0,0.033040136
132338,0,0.033040136
132339,0,0.033040136
132340,0,0.033040136
132341,0,0.033040136
132342,0,0.033040136
132343,0,0.033040136
132344,0,0.033040136
132345,0,0.033040136
132346,0,0.033040136
132347,0,0.033040136
132348,0,0.033040136
132349,0,0.033040136
132350,0,0.033040136
132351,0,0.033040136
132352,0,0.033040136
132353,0,0.033040136
132354,0,0.033040136
132355,0,0.033040136
132356,0,0.033040136
132357,0,0.033040136
132358,0,0.033040136
132359,0,0.033040136
132360,0,0.033040136
132361,0,0.033040136
132362,0,0.033040136
132363,0,0.033040136
132364,0,0.033040136
132365,0,0.033040136
132366,0,0.033040136
132367,0,0.033040136
132368,0,0.033040136
132369,0,0.033040136
132370,0,0.033040136
132371,0,0.033040136
132372,0,0.033040136
132373,0,0.033040136
132374,0,0.033040136
132375,0,0.033040136
132376,0,0.033040136
132377,0,0.033040136
132378,0,0.033040136
132379,0,0.033040136
132380,0,0.033040136
132381,0,0.033040136
132382,0,0.033040136
132383,0,0.033040136
132384,0,0.033040136
132385,0,0.033040136
132386,0,0.033040136
132387,0,0.033040136
132388,0,0.033040136
132389,0,0.033040136
132390,0,0.17624566
132391,0,0.17624566
132392,0,0.17624566
132393,0,0.17624566
132394,0,0.17624566
132395,0,0.17624566
132396,0,0.17624566
132397,0,0.17624566
132398,0,0.17624566
132399,0,0.17624566
132400,0,0.17624566
132401,0,0.17624566
132402,0,0.17624566
132403,0,0.17624566
132404,0,0.17624566
132405,0,0.17624566
132406,0,0.17624566
132407,0,0.17624566
132408,0,0.17624566
132409,0,0.17624566
132410,0,0.17624566
132411,0,0.17624566
132412,0,0.17624566
132413,0,0.17624566
132414,0,0.17624566
132415,0,0.17624566
132416,0,0.17624566
132417,0,0.17624566
132418,0,0.17624566
132419,0,0.17624566
132420,0,0.17624566
132421,0,0.17624566
132422,0,0.17624566
132423,0,0.17624566
132424,0,0.17624566
132425,0,0.17624566
132426,0,0.17624566
132427,0,0.17624566
132428,0,0.17624566
132429,0,0.17624566
132430,0,0.17624566
132431,0,0.17624566
132432,0,0.17624566
132433,0,0.17624566
132434,0,0.17624566
132435,0,0.17624566
132436,0,0.17624566
132437,0,0.17624566
132438,0,0.17624566
132439,0,0.17624566
132440,0,0.17624566
132441,0,0.17624566
132442,0,0.17624566
132443,0,0.17624566
132444,0,0.17624566
132445,0,0.17624566
132446,0,0.17624566
132447,0,0.17624566
132448,0,0.17624566
132449,0,0.17624566
132450,0,0.17624566
132451,0,0.17624566
132452,0,0.17624566
132453,0,0.17624566
132454,0,0.17624566
132455,0,0.17624566
132456,0,0.17624566
132457,0,0.17624566
132458,0,0.17624566
132459,0,0.17624566
132460,0,0.17624566
132461,0,0.17624566
132462,0,0.17624566
132463,0,0.17624566
132464,0,0.17624566
132465,0,0.17624566
132466,0,0.17624566
132467,0,0.17624566
132468,0,0.17624566
132469,0,0.17624566
132470,0,0.17624566
132471,0,0.17624566
132472,0,0.17624566
132473,0,0.17624566
132474,0,0.17624566
132475,0,0.17624566
132476,0,0.17624566
132477,0,0.17624566
132478,0,0.17624566
132479,0,0.17624566
132480,0,0.17624566
132481,0,0.17624566
132482,0,0.17624566
132483,0,0.17624566
132484,0,0.17624566
132485,0,0.17624566
132486,0,0.17624566
132487,0,0.17624566
132488,0,0.17624566
132489,0,0.17624566
132490,0,0.17624566
132491,0,0.17624566
132492,0,0.17624566
132493,0,0.17624566
132494,0,0.17624566
132495,0,0.17624566
132496,0,0.17624566
132497,0,0.17624566
132498,0,0.17624566
132499,0,0.17624566
132500,0,0.17624566
132501,0,0.17624566
132502,0,0.17624566
132503,0,0.17624566
132504,0,0.17624566
132505,0,0.17624566
132506,0,0.17624566
132507,0,0.17624566
132508,0,0.17624566
132509,0,0.17624566
132510,0,0.17624566
132511,0,0.17624566
132512,0,0.17624566
132513,0,0.17624566
132514,0,0.17624566
132515,0,0.17624566
132516,0,0.17624566
132517,0,0.17624566
132518,0,0.17624566
132519,0,0.17624566
132520,0,0.17624566
132521,0,0.17624566
132522,0,0.17624566
132523,0,0.17624566
132524,0,0.17624566
132525,0,0.17624566
132526,0,0.17624566
132527,0,0.17624566
132528,0,0.17624566
132529,0,0.17624566
132530,0,0.17624566
132531,0,0.17624566
132532,0,0.17624566
132533,0,0.17624566
132534,0,0.17624566
132535,0,0.17624566
132536,0,0.17624566
132537,0,0.17624566
132538,0,0.17624566
132539,0,0.17624566
132540,0,0.17624566
132541,0,0.17624566
132542,0,0.17624566
132543,0,0.17624566
132544,0,0.17624566
132545,0,0.17624566
132546,0,0.17624566
132547,0,0.17624566
132548,0,0.17624566
132549,0,0.17624566
132550,0,0.17624566
132551,0,0.17624566
132552,0,0.17624566
132553,0,0.17624566
132554,0,0.17624566
132555,0,0.17624566
132556,0,0.17624566
132557,0,0.17624566
132558,0,0.17624566
132559,0,0.17624566
132560,0,0.17624566
132561,0,0.17624566
132562,0,0.17624566
132563,0,0.17624566
132564,0,0.17624566
132565,0,0.17624566
132566,0,0.17624566
132567,0,0.17624566
132568,0,0.17624566
132569,0,0.17624566
132570,0,0.17624566
132571,0,0.17624566
132572,0,0.17624566
132573,0,0.17624566
132574,0,0.17624566
132575,0,0.17624566
132576,0,0.17624566
132577,0,0.17624566
132578,0,0.17624566
132579,0,0.17624566
132580,0,0.17624566
132581,0,0.17624566
132582,0,0.17624566
132583,0,0.17624566
132584,0,0.17624566
132585,0,0.17624566
132586,0,0.17624566
132587,0,0.17624566
132588,0,0.17624566
132589,0,0.17624566
132590,0,0.17624566
132591,0,0.17624566
132592,0,0.17624566
132593,0,0.17624566
132594,0,0.17624566
132595,0,0.17624566
132596,0,0.17624566
132597,0,0.17624566
132598,0,0.17624566
132599,0,0.17624566
132600,0,0.17624566
132601,0,0.17624566
132602,0,0.17624566
132603,0,0.17624566
132604,0,0.17624566
132605,0,0.17624566
132606,0,0.17624566
132607,0,0.17624566
132608,0,0.17624566
132609,0,0.17624566
132610,0,0.17624566
132611,0,0.17624566
132612,0,0.17624566
132613,0,0.17624566
132614,0,0.17624566
132615,0,0.17624566
132616,0,0.17624566
132617,0,0.17624566
132618,0,0.17624566
132619,0,0.17624566
132620,0,0.17624566
132621,0,0.17624566
132622,0,0.17624566
132623,0,0.17624566
132624,0,0.17624566
132625,0,0.17624566
132626,0,0.17624566
132627,0,0.17624566
132628,0,0.17624566
132629,0,0.17624566
132630,0,0.17624566
132631,0,0.17624566
132632,0,0.17624566
132633,0,0.17624566
132634,0,0.17624566
132635,0,0.17624566
132636,0,0.17624566
132637,0,0.17624566
132638,0,0.17624566
132639,0,0.17624566
132640,0,0.17624566
132641,0,0.17624566
132642,0,0.17624566
132643,0,0.17624566
132644,0,0.17624566
132645,0,0.17624566
132646,0,0.17624566
132647,0,0.17624566
132648,0,0.17624566
132649,0,0.17624566
132650,0,0.17624566
132651,0,0.17624566
132652,0,0.17624566
132653,0,0.17624566
132654,0,0.17624566
132655,0,0.17624566
132656,0,0.17624566
132657,0,0.17624566
132658,0,0.17624566
132659,0,0.17624566
132660,0,0.17624566
132661,0,0.17624566
132662,0,0.17624566
132663,0,0.17624566
132664,0,0.17624566
132665,0,0.17624566
132666,0,0.17624566
132667,0,0.17624566
132668,0,0.17624566
132669,0,0.17624566
132670,0,0.17624566
132671,0,0.17624566
132672,0,0.17624566
132673,0,0.17624566
132674,0,0.17624566
132675,0,0.17624566
132676,0,0.17624566
132677,0,0.17624566
132678,0,0.17624566
132679,0,0.17624566
132680,0,0.17624566
132681,0,0.17624566
132682,0,0.17624566
132683,0,0.17624566
132684,0,0.17624566
132685,0,0.17624566
132686,0,0.17624566
132687,0,0.17624566
132688,0,0.17624566
132689,0,0.17624566
132690,0,0.17624566
132691,0,0.17624566
132692,0,0.17624566
132693,0,0.17624566
132694,0,0.17624566
132695,0,0.17624566
132696,0,0.17624566
132697,0,0.17624566
132698,0,0.17624566
132699,0,0.17624566
132700,0,0.17624566
132701,0,0.17624566
132702,0,0.17624566
132703,0,0.17624566
132704,0,0.17624566
132705,0,0.17624566
132706,0,0.17624566
132707,0,0.17624566
132708,0,0.17624566
132709,0,0.17624566
132710,0,0.17624566
132711,0,0.17624566
132712,0,0.17624566
132713,0,0.17624566
132714,0,0.17624566
132715,0,0.17624566
132716,0,0.17624566
132717,0,0.17624566
132718,0,0.17624566
132719,0,0.17624566
132720,0,0.17624566
132721,0,0.17624566
132722,0,0.17624566
132723,0,0.17624566
132724,0,0.17624566
132725,0,0.17624566
132726,0,0.17624566
132727,0,0.17624566
132728,0,0.17624566
132729,0,0.17624566
132730,0,0.17624566
132731,0,0.17624566
132732,0,0.17624566
132733,0,0.17624566
132734,0,0.17624566
132735,0,0.17624566
132736,0,0.17624566
132737,0,0.17624566
132738,0,0.17624566
132739,0,0.17624566
132740,0,0.17624566
132741,0,0.17624566
132742,0,0.17624566
132743,0,0.17624566
132744,0,0.17624566
132745,0,0.17624566
132746,0,0.17624566
132747,0,0.17624566
132748,0,0.17624566
132749,0,0.17624566
132750,0,0.17624566
132751,0,0.17624566
132752,0,0.17624566
132753,0,0.17624566
132754,0,0.17624566
132755,0,0.17624566
132756,0,0.17624566
132757,0,0.17624566
132758,0,0.17624566
132759,0,0.17624566
132760,0,0.17624566
132761,0,0.17624566
132762,0,0.17624566
132763,0,0.17624566
132764,0,0.17624566
132765,0,0.17624566
132766,0,0.17624566
132767,0,0.17624566
132768,0,0.17624566
132769,0,0.17624566
132770,0,0.17624566
132771,0,0.17624566
132772,0,0.17624566
132773,0,0.17624566
132774,0,0.17624566
132775,0,0.17624566
132776,0,0.17624566
132777,0,0.17624566
132778,0,0.17624566
132779,0,0.17624566
132780,0,0.17624566
132781,0,0.17624566
132782,0,0.17624566
132783,0,0.17624566
132784,0,0.17624566
132785,0,0.17624566
132786,0,0.17624566
132787,0,0.17624566
132788,0,0.17624566
132789,0,0.17624566
132790,0,0.17624566
132791,0,0.17624566
132792,0,0.17624566
132793,0,0.17624566
132794,0,0.17624566
132795,0,0.17624566
132796,0,0.17624566
132797,0,0.17624566
132798,0,0.17624566
132799,0,0.17624566
132800,0,0.17624566
132801,0,0.17624566
132802,0,0.17624566
132803,0,0.17624566
132804,0,0.17624566
132805,0,0.17624566
132806,0,0.17624566
132807,0,0.17624566
132808,0,0.17624566
132809,0,0.17624566
132810,0,0.17624566
132811,0,0.17624566
132812,0,0.17624566
132813,0,0.17624566
132814,0,0.17624566
132815,0,0.17624566
132816,0,0.17624566
132817,0,0.17624566
132818,0,0.17624566
132819,0,0.17624566
132820,0,0.17624566
132821,0,0.17624566
132822,0,0.17624566
132823,0,0.17624566
132824,0,0.17624566
132825,0,0.17624566
132826,0,0.17624566
132827,0,0.17624566
132828,0,0.17624566
132829,0,0.17624566
132830,0,0.17624566
132831,0,0.17624566
132832,0,0.17624566
132833,0,0.17624566
132834,0,0.17624566
132835,0,0.17624566
132836,0,0.17624566
132837,0,0.17624566
132838,0,0.17624566
132839,0,0.17624566
132840,0,0.17624566
132841,0,0.17624566
132842,0,0.17624566
132843,0,0.17624566
132844,0,0.17624566
132845,0,0.17624566
132846,0,0.17624566
132847,0,0.17624566
132848,0,0.17624566
132849,0,0.17624566
132850,0,0.17624566
132851,0,0.17624566
132852,0,0.17624566
132853,0,0.17624566
132854,0,0.17624566
132855,0,0.17624566
132856,0,0.17624566
132857,0,0.17624566
132858,0,0.17624566
132859,0,0.17624566
132860,0,0.17624566
132861,0,0.17624566
132862,0,0.17624566
132863,0,0.17624566
132864,0,0.17624566
132865,0,0.17624566
132866,0,0.17624566
132867,0,0.17624566
132868,0,0.17624566
132869,0,0.17624566
132870,0,0.17624566
132871,0,0.17624566
132872,0,0.17624566
132873,0,0.17624566
132874,0,0.17624566
132875,0,0.17624566
132876,0,0.17624566
132877,0,0.17624566
132878,0,0.17624566
132879,0,0.17624566
132880,0,0.17624566
132881,0,0.17624566
132882,0,0.17624566
132883,0,0.17624566
132884,0,0.17624566
132885,0,0.17624566
132886,0,0.17624566
132887,0,0.17624566
132888,0,0.17624566
132889,0,0.17624566
132890,0,0.17624566
132891,0,0.17624566
132892,0,0.17624566
132893,0,0.17624566
132894,0,0.17624566
132895,0,0.17624566
132896,0,0.17624566
132897,0,0.17624566
132898,0,0.17624566
132899,0,0.17624566
132900,0,0.17624566
132901,0,0.17624566
132902,0,0.17624566
132903,0,0.17624566
132904,0,0.17624566
132905,0,0.17624566
132906,0,0.17624566
132907,0,0.17624566
132908,0,0.17624566
132909,0,0.17624566
132910,0,0.17624566
132911,0,0.17624566
132912,0,0.17624566
132913,0,0.17624566
132914,0,0.17624566
132915,0,0.17624566
132916,0,0.17624566
132917,0,0.17624566
132918,0,0.17624566
132919,0,0.17624566
132920,0,0.17624566
132921,0,0.17624566
132922,0,0.17624566
132923,0,0.17624566
132924,0,0.17624566
132925,0,0.17624566
132926,0,0.17624566
132927,0,0.17624566
132928,0,0.17624566
132929,0,0.17624566
132930,0,0.17624566
132931,0,0.17624566
132932,0,0.17624566
132933,0,0.17624566
132934,0,0.17624566
132935,0,0.17624566
132936,0,0.17624566
132937,0,0.17624566
132938,0,0.17624566
132939,0,0.17624566
132940,0,0.17624566
132941,0,0.17624566
132942,0,0.17624566
132943,0,0.17624566
132944,0,0.17624566
132945,0,0.17624566
132946,0,0.17624566
132947,0,0.17624566
132948,0,0.17624566
132949,0,0.17624566
132950,0,0.17624566
132951,0,0.17624566
132952,0,0.17624566
132953,0,0.17624566
132954,0,0.17624566
132955,0,0.17624566
132956,0,0.17624566
132957,0,0.17624566
132958,0,0.17624566
132959,0,0.17624566
132960,0,0.17624566
132961,0,0.17624566
132962,0,0.17624566
132963,0,0.033040136
132964,0,0.033040136
132965,0,0.033040136
132966,0,0.033040136
132967,0,0.033040136
132968,0,0.033040136
132969,0,0.033040136
132970,0,0.033040136
132971,0,0.033040136
132972,0,0.033040136
132973,0,0.0330402
132974,0,0.0330402
132975,0,0.03304027
132976,0,0.033040266
132977,0,0.033040266
132978,0,0.033040266
132979,0,0.033040274
132980,0,0.033040393
132981,0,0.033040453
132982,0,0.033040326
132983,0,0.033040326
132984,0,0.033040326
132985,0,0.033040494
132986,0,0.033040494
132987,0,0.033040494
132988,0,0.033040427
132989,0,0.033040307
132990,0,0.033040307
132991,0,0.033040307
132992,0,0.033040307
132993,0,0.033040307
132994,0,0.033040307
132995,0,0.033040307
132996,0,0.033040307
132997,0,0.033040307
132998,0,0.03304041
132999,0,0.033040475
133000,0,0.033040494
133001,0,0.033040494
133002,0,0.033040494
133003,0,0.033040535
133004,0,0.033040535
133005,0,0.033040535
133006,0,0.033040535
133007,0,0.033040535
133008,0,0.033040535
133009,0,0.033040397
133010,0,0.033040307
133011,0,0.033040307
133012,0,0.033040307
133013,0,0.033040255
133014,0,0.03304032
133015,0,0.033040326
133016,0,0.033040304
133017,0,0.033040304
133018,0,0.033040304
133019,0,0.033040304
133020,0,0.033040304
133021,0,0.03304027
133022,0,0.03304027
133023,0,0.033040274
133024,0,0.033040274
133025,0,0.033040274
133026,0,0.033040274
133027,0,0.033040274
133028,0,0.033040274
133029,0,0.033040274
133030,0,0.033040274
133031,0,0.033040315
133032,0,0.033040337
133033,0,0.03304038
133034,0,0.03304051
133035,0,0.03304051
133036,0,0.03304051
133037,0,0.03304051
133038,0,0.03304051
133039,0,0.03304051
133040,0,0.03304051
133041,0,0.03304051
133042,0,0.033040594
133043,0,0.0330406
133044,0,0.033040624
133045,0,0.033040345
133046,0,0.033040345
133047,0,0.033040345
133048,0,0.033040345
133049,0,0.033040382
133050,0,0.033040274
133051,0,0.033040274
133052,0,0.033040274
133053,0,0.033040278
133054,0,0.033040278
133055,0,0.03304046
133056,0,0.03304044
133057,0,0.03304044
133058,0,0.033040307
133059,0,0.033040307
133060,0,0.033040326
133061,0,0.033040326
133062,0,0.033040326
133063,0,0.033040375
133064,0,0.033040375
133065,0,0.033040453
133066,0,0.03304043
133067,0,0.03304043
133068,0,0.03304043
133069,0,0.03304043
133070,0,0.03304043
133071,0,0.03304043
133072,0,0.03304043
133073,0,0.033040542
133074,0,0.033040542
133075,0,0.033040542
133076,0,0.03304041
133077,0,0.03304041
133078,0,0.03304041
133079,0,0.033040356
133080,0,0.033040386
133081,0,0.033040386
133082,0,0.03304042
133083,0,0.03304042
133084,0,0.03304031
133085,0,0.03304031
133086,0,0.03304031
133087,0,0.03304031
133088,0,0.03304031
133089,0,0.033040345
133090,0,0.03304036
133091,0,0.033040363
133092,0,0.033040363
133093,0,0.033040226
133094,0,0.033040248
133095,0,0.033040248
133096,0,0.033040248
133097,0,0.033040248
133098,0,0.033040248
133099,0,0.033040248
133100,0,0.033040248
133101,0,0.033040248
133102,0,0.0330402
133103,0,0.0330402
133104,0,0.0330402
133105,0,0.0330402
133106,0,0.0330402
133107,0,0.03304026
133108,0,0.03304028
133109,0,0.033040255
133110,0,0.033040255
133111,0,0.033040166
133112,0,0.03304025
133113,0,0.03304025
133114,0,0.03304025
133115,0,0.03304025
133116,0,0.03304025
133117,0,0.03304025
133118,0,0.03304025
133119,0,0.03304025
133120,0,0.033040296
133121,0,0.033040363
133122,0,0.033040363
133123,0,0.033040315
133124,0,0.033040315
133125,0,0.033040315
133126,0,0.033040315
133127,0,0.03304043
133128,0,0.03304043
133129,0,0.03304043
133130,0,0.03304043
133131,0,0.03304043
133132,0,0.0330403
133133,0,0.033040423
133134,0,0.033040423
133135,0,0.033040423
133136,0,0.033040326
133137,0,0.033040326
133138,0,0.03304037
133139,0,0.03304037
133140,0,0.03304037
133141,0,0.03304037
133142,0,0.03304037
133143,0,0.033040255
133144,0,0.033040255
133145,0,0.033040255
133146,0,0.0330403
133147,0,0.0330403
133148,0,0.0330403
133149,0,0.0330403
133150,0,0.0330403
133151,0,0.0330403
133152,0,0.0330403
133153,0,0.033040345
133154,0,0.03304045
133155,0,0.033040382
133156,0,0.033040382
133157,0,0.033040382
133158,0,0.033040386
133159,0,0.03304034
133160,0,0.03304034
133161,0,0.033040274
133162,0,0.033040274
133163,0,0.033040274
133164,0,0.033040274
133165,0,0.033040274
133166,0,0.033040274
133167,0,0.033040274
133168,0,0.033040274
133169,0,0.03304033
133170,0,0.03304033
133171,0,0.03304028
133172,0,0.03304028
133173,0,0.03304028
133174,0,0.03304028
133175,0,0.033040266
133176,0,0.033040266
133177,0,0.033040266
133178,0,0.033040266
133179,0,0.033040266
133180,0,0.033040266
133181,0,0.033040307
133182,0,0.03304024
133183,0,0.03304024
133184,0,0.03304024
133185,0,0.03304024
133186,0,0.03304024
133187,0,0.033040293
133188,0,0.033040293
133189,0,0.033040293
133190,0,0.033040285
133191,0,0.033040285
133192,0,0.033040304
133193,0,0.03304031
133194,0,0.03304031
133195,0,0.033040322
133196,0,0.033040322
133197,0,0.033040322
133198,0,0.033040322
133199,0,0.033040322
133200,0,0.033040352
133201,0,0.033040352
133202,0,0.033040352
133203,0,0.033040475
133204,0,0.033040404
133205,0,0.03304035
133206,0,0.03304035
133207,0,0.03304034
133208,0,0.033040233
133209,0,0.0330402
133210,0,0.0330402
133211,0,0.0330402
133212,0,0.033040185
133213,0,0.033040185
133214,0,0.033040185
133215,0,0.033040185
133216,0,0.033040185
133217,0,0.033040185
133218,0,0.033040185
133219,0,0.033040255
133220,0,0.033040266
133221,0,0.033040266
133222,0,0.033040263
133223,0,0.03304026
133224,0,0.03304026
133225,0,0.03304026
133226,0,0.03304026
133227,0,0.03304026
133228,0,0.03304026
133229,0,0.033040248
133230,0,0.033040248
133231,0,0.033040248
133232,0,0.033040248
133233,0,0.033040248
133234,0,0.033040248
133235,0,0.033040248
133236,0,0.03304034
133237,0,0.03304035
133238,0,0.033040307
133239,0,0.03304028
133240,0,0.03304028
133241,0,0.03304028
133242,0,0.03304028
133243,0,0.03304023
133244,0,0.03304023
133245,0,0.03304023
133246,0,0.03304023
133247,0,0.03304023
133248,0,0.03304023
133249,0,0.03304027
133250,0,0.03304027
133251,0,0.033040307
133252,0,0.033040307
133253,0,0.033040445
133254,0,0.033040445
133255,0,0.03304044
133256,0,0.03304044
133257,0,0.033040464
133258,0,0.033040464
133259,0,0.03304022
133260,0,0.03304022
133261,0,0.03304022
133262,0,0.03304022
133263,0,0.03304022
133264,0,0.03304022
133265,0,0.03304022
133266,0,0.03304022
133267,0,0.033040237
133268,0,0.033040266
133269,0,0.033040352
133270,0,0.033040427
133271,0,0.033040192
133272,0,0.033040192
133273,0,0.033040218
133274,0,0.033040218
133275,0,0.033040218
133276,0,0.033040218
133277,0,0.033040218
133278,0,0.033040255
133279,0,0.033040255
133280,0,0.033040214
133281,0,0.033040274
133282,0,0.033040263
133283,0,0.033040263
133284,0,0.033040226
133285,0,0.033040196
133286,0,0.033040196
133287,0,0.033040196
133288,0,0.033040196
133289,0,0.033040196
133290,0,0.033040196
133291,0,0.033040196
133292,0,0.033040196
133293,0,0.033040196
133294,0,0.033040248
133295,0,0.03304031
133296,0,0.033040203
133297,0,0.03304018
133298,0,0.03304018
133299,0,0.03304018
133300,0,0.033040166
133301,0,0.033040166
133302,0,0.033040166
133303,0,0.033040166
133304,0,0.033040166
133305,0,0.033040166
133306,0,0.033040192
133307,0,0.033040192
133308,0,0.033040192
133309,0,0.033040196
133310,0,0.0330403
133311,0,0.0330403
133312,0,0.0330403
133313,0,0.0330403
133314,0,0.0330403
133315,0,0.033040557
133316,0,0.033040557
133317,0,0.033040304
133318,0,0.033040304
133319,0,0.033040296
133320,0,0.033040296
133321,0,0.033040296
133322,0,0.033040382
133323,0,0.033040293
133324,0,0.033040293
133325,0,0.033040293
133326,0,0.033040293
133327,0,0.033040363
133328,0,0.033040363
133329,0,0.033040326
133330,0,0.033040326
133331,0,0.033040326
133332,0,0.033040326
133333,0,0.03304029
133334,0,0.03304029
133335,0,0.03304029
133336,0,0.033040427
133337,0,0.033040427
133338,0,0.033040337
133339,0,0.03304032
133340,0,0.033040293
133341,0,0.033040293
133342,0,0.03304028
133343,0,0.03304028
133344,0,0.03304022
133345,0,0.033040207
133346,0,0.033040207
133347,0,0.033040207
133348,0,0.033040207
133349,0,0.033040207
133350,0,0.033040196
133351,0,0.033040196
133352,0,0.033040196
133353,0,0.0330402
133354,0,0.0330402
133355,0,0.0330402
133356,0,0.0330402
133357,0,0.033040173
133358,0,0.033040173
133359,0,0.033040173
133360,0,0.033040244
133361,0,0.033040244
133362,0,0.033040244
133363,0,0.033040244
133364,0,0.033040244
133365,0,0.033040144
133366,0,0.033040144
133367,0,0.033040144
133368,0,0.033040144
133369,0,0.033040144
133370,0,0.033040144
133371,0,0.033040144
133372,0,0.033040144
133373,0,0.033040144
133374,0,0.033040144
133375,0,0.033040173
133376,0,0.033040173
133377,0,0.03304018
133378,0,0.03304022
133379,0,0.03304022
133380,0,0.033040218
133381,0,0.033040218
133382,0,0.033040293
133383,0,0.033040334
133384,0,0.033040334
133385,0,0.033040334
133386,0,0.033040334
133387,0,0.033040334
133388,0,0.033040334
133389,0,0.033040307
133390,0,0.03304027
133391,0,0.03304027
133392,0,0.03304027
133393,0,0.033040214
133394,0,0.033040214
133395,0,0.033040214
133396,0,0.033040214
133397,0,0.033040214
133398,0,0.033040214
133399,0,0.03304022
133400,0,0.033040203
133401,0,0.033040203
133402,0,0.033040203
133403,0,0.033040203
133404,0,0.033040237
133405,0,0.033040237
133406,0,0.033040237
133407,0,0.0330402
133408,0,0.0330402
133409,0,0.0330402
133410,0,0.033040218
133411,0,0.033040218
133412,0,0.033040214
133413,0,0.033040214
133414,0,0.033040214
133415,0,0.033040196
133416,0,0.033040177
133417,0,0.033040177
133418,0,0.033040177
133419,0,0.033040177
133420,0,0.033040177
133421,0,0.033040177
133422,0,0.033040177
133423,0,0.033040177
133424,0,0.033040177
133425,0,0.033040185
133426,0,0.033040166
133427,0,0.033040166
133428,0,0.033040166
133429,0,0.03304017
133430,0,0.03304017
133431,0,0.03304017
133432,0,0.03304017
133433,0,0.03304017
133434,0,0.03304017
133435,0,0.03304017
133436,0,0.03304029
133437,0,0.03304029
133438,0,0.03304029
133439,0,0.03304021
133440,0,0.03304021
133441,0,0.03304021
133442,0,0.03304021
133443,0,0.03304021
133444,0,0.033040136
133445,0,0.03304014
133446,0,0.03304014
133447,0,0.033040144
133448,0,0.033040144
133449,0,0.033040144
133450,0,0.033040144
133451,0,0.033040144
133452,0,0.033040144
133453,0,0.033040144
133454,0,0.033040192
133455,0,0.03304018
133456,0,0.03304018
133457,0,0.03304018
133458,0,0.03304018
133459,0,0.03304018
133460,0,0.03304018
133461,0,0.03304018
133462,0,0.033040214
133463,0,0.033040207
133464,0,0.033040207
133465,0,0.033040248
133466,0,0.033040185
133467,0,0.033040185
133468,0,0.033040185
133469,0,0.033040185
133470,0,0.033040185
133471,0,0.033040185
133472,0,0.033040185
133473,0,0.033040155
133474,0,0.033040155
133475,0,0.033040155
133476,0,0.033040185
133477,0,0.033040185
133478,0,0.03304018
133479,0,0.03304018
133480,0,0.03304018
133481,0,0.03304018
133482,0,0.03304018
133483,0,0.033040203
133484,0,0.03304019
133485,0,0.03304019
133486,0,0.03304019
133487,0,0.033040214
133488,0,0.033040214
133489,0,0.033040214
133490,0,0.033040214
133491,0,0.033040207
133492,0,0.033040207
133493,0,0.033040207
133494,0,0.033040214
133495,0,0.03304022
133496,0,0.03304022
133497,0,0.03304022
133498,0,0.033040185
133499,0,0.033040185
133500,0,0.033040185
133501,0,0.03304019
133502,0,0.03304019
133503,0,0.03304019
133504,0,0.03304019
133505,0,0.033040203
133506,0,0.033040203
133507,0,0.033040203
133508,0,0.033040203
133509,0,0.0330402
133510,0,0.03304019
133511,0,0.0330402
133512,0,0.0330402
133513,0,0.0330402
133514,0,0.033040248
133515,0,0.033040248
133516,0,0.033040248
133517,0,0.033040218
133518,0,0.033040218
133519,0,0.033040218
133520,0,0.033040307
133521,0,0.033040278
133522,0,0.03304024
133523,0,0.033040185
133524,0,0.033040185
133525,0,0.033040185
133526,0,0.033040185
133527,0,0.033040185
133528,0,0.033040185
133529,0,0.033040185
133530,0,0.033040185
133531,0,0.033040185
133532,0,0.033040185
133533,0,0.033040278
133534,0,0.033040278
133535,0,0.033040214
133536,0,0.033040214
133537,0,0.033040214
133538,0,0.033040214
133539,0,0.033040214
133540,0,0.033040214
133541,0,0.03304022
133542,0,0.03304018
133543,0,0.03304018
133544,0,0.033040185
133545,0,0.033040185
133546,0,0.033040185
133547,0,0.033040185
133548,0,0.033040185
133549,0,0.033040185
133550,0,0.033040185
133551,0,0.033040185
133552,0,0.033040192
133553,0,0.033040173
133554,0,0.033040173
133555,0,0.033040173
133556,0,0.033040173
133557,0,0.033040173
133558,0,0.033040173
133559,0,0.033040173
133560,0,0.033040173
133561,0,0.03304069
133562,0,0.0330413
133563,0,0.033041183
133564,0,0.033040967
133565,0,0.03304025
133566,0,0.03304031
133567,0,0.033040293
133568,0,0.033040307
133569,0,0.033040296
133570,0,0.03304027
133571,0,0.033040285
133572,0,0.03304564
133573,0,0.033045635
133574,0,0.03304563
133575,0,0.03304563
133576,0,0.03304563
133577,0,0.03305448
133578,0,0.033054475
133579,0,0.033054475
133580,0,0.03304995
133581,0,0.033046197
133582,0,0.03308251
133583,0,0.033082508
133584,0,0.033082508
133585,0,0.0330825
133586,0,0.033082496
133587,0,0.03308251
133588,0,0.033102788
133589,0,0.03305664
133590,0,0.033056628
133591,0,0.033067565
133592,0,0.033067558
133593,0,0.03306756
133594,0,0.033067573
133595,0,0.03306756
133596,0,0.033067565
133597,0,0.033095445
133598,0,0.033053897
133599,0,0.03310788
133600,0,0.03310799
133601,0,0.033108
133602,0,0.033455092
133603,0,0.033455353
133604,0,0.03345526
133605,0,0.033215705
133606,0,0.033046126
133607,0,0.03304613
133608,0,0.03304867
133609,0,0.03304867
133610,0,0.033049937
133611,0,0.033049934
133612,0,0.033049937
133613,0,0.033049934
133614,0,0.03304993
133615,0,0.033046708
133616,0,0.03304671
133617,0,0.033046056
133618,0,0.03304376
133619,0,0.03304376
133620,0,0.033043757
133621,0,0.033043757
133622,0,0.033043757
133623,0,0.03304376
133624,0,0.03304376
133625,0,0.033045817
133626,0,0.033045813
133627,0,0.03304581
133628,0,0.033047073
133629,0,0.033047073
133630,0,0.033181578
133631,0,0.033181574
133632,0,0.033181623
133633,0,0.033261042
133634,0,0.03306395
133635,0,0.033072013
133636,0,0.033072013
133637,0,0.03307203
133638,0,0.033072013
133639,0,0.03307201
133640,0,0.033089187
133641,0,0.03307678
133642,0,0.03306088
133643,0,0.03306088
133644,0,0.034811568
133645,0,0.033093095
133646,0,0.033093065
133647,0,0.033068854
133648,0,0.033079118
133649,0,0.03307914
133650,0,0.03305837
133651,0,0.033058368
133652,0,0.033058368
133653,0,0.03305836
133654,0,0.03304455
133655,0,0.033044543
133656,0,0.033044536
133657,0,0.03304662
133658,0,0.033046626
133659,0,0.033046626
133660,0,0.033041224
133661,0,0.033041224
133662,0,0.033041224
133663,0,0.033041313
133664,0,0.033041313
133665,0,0.033041313
133666,0,0.033041302
133667,0,0.033041302
133668,0,0.033041414
133669,0,0.033041414
133670,0,0.033066593
133671,0,0.033070013
133672,0,0.033070017
133673,0,0.03307669
133674,0,0.033226047
133675,0,0.033262312
133676,0,0.03326232
133677,0,0.03360424
133678,0,0.03360451
133679,0,0.033381175
133680,0,0.033381306
133681,0,0.034128398
133682,0,0.037669163
133683,0,0.037670054
133684,0,0.034240518
133685,0,0.033121474
133686,0,0.033121403
133687,0,0.03312133
133688,0,0.03306695
133689,0,0.033067353
133690,0,0.03306735
133691,0,0.033067353
133692,0,0.03306735
133693,0,0.033067346
133694,0,0.033067346
133695,0,0.033055983
133696,0,0.033055976
133697,0,0.033045
133698,0,0.033045005
133699,0,0.033045843
133700,0,0.033045843
133701,0,0.03304584
133702,0,0.033045832
133703,0,0.0330489
133704,0,0.0330489
133705,0,0.03304421
133706,0,0.03304421
133707,0,0.033045683
133708,0,0.033045683
133709,0,0.03304568
133710,0,0.033045683
133711,0,0.033045683
133712,0,0.033044573
133713,0,0.033044573
133714,0,0.033044573
133715,0,0.03304694
133716,0,0.033041827
133717,0,0.033041827
133718,0,0.033041827
133719,0,0.033041827
133720,0,0.033041827
133721,0,0.033040896
133722,0,0.033040896
133723,0,0.033040896
133724,0,0.033040896
133725,0,0.033040896
133726,0,0.03304252
133727,0,0.03304892
133728,0,0.033048935
133729,0,0.03304893
133730,0,0.03314408
133731,0,0.033136994
133732,0,0.03313707
133733,0,0.033137295
133734,0,0.033042245
133735,0,0.033042245
133736,0,0.033044726
133737,0,0.033044722
133738,0,0.03304472
133739,0,0.03304472
133740,0,0.03304472
133741,0,0.033044722
133742,0,0.033044722
133743,0,0.03304815
133744,0,0.033042446
133745,0,0.033042446
133746,0,0.033042446
133747,0,0.033042446
133748,0,0.033042446
133749,0,0.033043046
133750,0,0.033043046
133751,0,0.033043046
133752,0,0.033043046
133753,0,0.033052105
133754,0,0.03310831
133755,0,0.033108376
133756,0,0.034296814
133757,0,0.034296993
133758,0,0.034655504
133759,0,0.03465628
133760,0,0.034651972
133761,0,0.034431316
133762,0,0.034430392
133763,0,0.034754686
133764,0,0.03484189
133765,0,0.03484063
133766,0,0.033174597
133767,0,0.033195786
133768,0,0.033195775
133769,0,0.033110317
133770,0,0.033046808
133771,0,0.03304682
133772,0,0.033046823
133773,0,0.033046827
133774,0,0.03304683
133775,0,0.03304683
133776,0,0.033046827
133777,0,0.03305503
133778,0,0.033055026
133779,0,0.033055037
133780,0,0.033063035
133781,0,0.033063035
133782,0,0.033074517
133783,0,0.033866275
133784,0,0.034036674
133785,0,0.0334913
133786,0,0.03360966
133787,0,0.033609413
133788,0,0.033598498
133789,0,0.033399645
133790,0,0.033048864
133791,0,0.033048864
133792,0,0.033048864
133793,0,0.033048864
133794,0,0.033048864
133795,0,0.03304886
133796,0,0.03304886
133797,0,0.03304886
133798,0,0.03304886
133799,0,0.03305253
133800,0,0.03312022
133801,0,0.03312024
133802,0,0.033101305
133803,0,0.0331013
133804,0,0.0331013
133805,0,0.033101317
133806,0,0.03307407
133807,0,0.033074077
133808,0,0.033074085
133809,0,0.033074107
133810,0,0.0330741
133811,0,0.033074114
133812,0,0.033243403
133813,0,0.033243433
133814,0,0.033243425
133815,0,0.033243332
133816,0,0.033061948
133817,0,0.033061955
133818,0,0.03305443
133819,0,0.033054423
133820,0,0.03305442
133821,0,0.033054423
133822,0,0.033054426
133823,0,0.03305443
133824,0,0.033054426
133825,0,0.03305443
133826,0,0.033451755
133827,0,0.03305723
133828,0,0.033077076
133829,0,0.03307708
133830,0,0.03307708
133831,0,0.033077065
133832,0,0.03308038
133833,0,0.03308338
133834,0,0.03308337
133835,0,0.033083364
133836,0,0.03306788
133837,0,0.033082422
133838,0,0.033082444
133839,0,0.03308246
133840,0,0.033082448
133841,0,0.033082478
133842,0,0.033082496
133843,0,0.03306776
133844,0,0.03306776
133845,0,0.03306776
133846,0,0.033067763
133847,0,0.0331429
133848,0,0.03314292
133849,0,0.033166032
133850,0,0.03316605
133851,0,0.033166006
133852,0,0.033165995
133853,0,0.03310978
133854,0,0.033112194
133855,0,0.033075914
133856,0,0.0330759
133857,0,0.03307592
133858,0,0.033075906
133859,0,0.033075903
133860,0,0.0330759
133861,0,0.033075895
133862,0,0.033059813
133863,0,0.033044882
133864,0,0.03304489
133865,0,0.033044886
133866,0,0.03304201
133867,0,0.03304201
133868,0,0.033042014
133869,0,0.033042014
133870,0,0.03304201
133871,0,0.033042014
133872,0,0.0330407
133873,0,0.03304072
133874,0,0.03304072
133875,0,0.03304072
133876,0,0.03304072
133877,0,0.033040717
133878,0,0.033040717
133879,0,0.033040717
133880,0,0.033041663
133881,0,0.033041663
133882,0,0.03308553
133883,0,0.033085532
133884,0,0.033085525
133885,0,0.033085525
133886,0,0.033114858
133887,0,0.03311794
133888,0,0.033117946
133889,0,0.033117987
133890,0,0.03305111
133891,0,0.033047937
133892,0,0.033047937
133893,0,0.03304793
133894,0,0.033047933
133895,0,0.033047937
133896,0,0.03304793
133897,0,0.03304793
133898,0,0.03304555
133899,0,0.033045553
133900,0,0.03305664
133901,0,0.033056647
133902,0,0.03305163
133903,0,0.033060517
133904,0,0.03306049
133905,0,0.03304658
133906,0,0.03304658
133907,0,0.033046577
133908,0,0.03304658
133909,0,0.03304658
133910,0,0.03304658
133911,0,0.03304658
133912,0,0.03304658
133913,0,0.033062123
133914,0,0.033062138
133915,0,0.03538383
133916,0,0.035382763
133917,0,0.035378862
133918,0,0.036783557
133919,0,0.037934944
133920,0,0.03360936
133921,0,0.033414878
133922,0,0.033414863
133923,0,0.033308044
133924,0,0.033308055
133925,0,0.033308055
133926,0,0.03330804
133927,0,0.033308
133928,0,0.033307977
133929,0,0.033308007
133930,0,0.03306804
133931,0,0.03306768
133932,0,0.033067673
133933,0,0.033067685
133934,0,0.033063177
133935,0,0.03306017
133936,0,0.033060167
133937,0,0.033060174
133938,0,0.033060174
133939,0,0.033060167
133940,0,0.033058614
133941,0,0.03305861
133942,0,0.033058602
133943,0,0.0330586
133944,0,0.033047874
133945,0,0.03343771
133946,0,0.033481374
133947,0,0.033481605
133948,0,0.033482302
133949,0,0.033482645
133950,0,0.033159193
133951,0,0.033159126
133952,0,0.03304272
133953,0,0.03304272
133954,0,0.03304272
133955,0,0.03304272
133956,0,0.03304969
133957,0,0.03304325
133958,0,0.03304325
133959,0,0.03304325
133960,0,0.033043247
133961,0,0.033042163
133962,0,0.03306755
133963,0,0.033067532
133964,0,0.033060126
133965,0,0.033060215
133966,0,0.033060268
133967,0,0.033056602
133968,0,0.033042163
133969,0,0.033042163
133970,0,0.033042163
133971,0,0.033042163
133972,0,0.033042163
133973,0,0.033042163
133974,0,0.033042163
133975,0,0.033042163
133976,0,0.033042166
133977,0,0.03304398
133978,0,0.033043977
133979,0,0.033043973
133980,0,0.03304397
133981,0,0.03304414
133982,0,0.03304414
133983,0,0.03304415
133984,0,0.03304415
133985,0,0.03304415
133986,0,0.033044145
133987,0,0.033062052
133988,0,0.033062056
133989,0,0.033066425
133990,0,0.033062924
133991,0,0.033062924
133992,0,0.03306292
133993,0,0.033062927
133994,0,0.033062927
133995,0,0.033062924
133996,0,0.033062916
133997,0,0.033062924
133998,0,0.033062927
133999,0,0.03306767
134000,0,0.03304566
134001,0,0.033045664
134002,0,0.033045664
134003,0,0.03304566
134004,0,0.033045664
134005,0,0.033045664
134006,0,0.033044774
134007,0,0.033043507
134008,0,0.033043507
134009,0,0.03304351
134010,0,0.033043507
134011,0,0.033043507
134012,0,0.033043507
134013,0,0.033043504
134014,0,0.033043507
134015,0,0.03304454
134016,0,0.033047996
134017,0,0.033046212
134018,0,0.033046205
134019,0,0.03304259
134020,0,0.03304259
134021,0,0.03304259
134022,0,0.03304259
134023,0,0.03304259
134024,0,0.03304259
134025,0,0.033053577
134026,0,0.03304223
134027,0,0.03304223
134028,0,0.03304223
134029,0,0.03304241
134030,0,0.03304241
134031,0,0.03304241
134032,0,0.03304241
134033,0,0.03304241
134034,0,0.03304241
134035,0,0.033046696
134036,0,0.033070747
134037,0,0.033070732
134038,0,0.033083946
134039,0,0.03308394
134040,0,0.033083964
134041,0,0.033056498
134042,0,0.0330565
134043,0,0.033056505
134044,0,0.033056505
134045,0,0.033056617
134046,0,0.033056617
134047,0,0.03305662
134048,0,0.033056624
134049,0,0.03304875
134050,0,0.033048753
134051,0,0.033048745
134052,0,0.033044573
134053,0,0.033045076
134054,0,0.033045076
134055,0,0.033045076
134056,0,0.033045076
134057,0,0.033044614
134058,0,0.0330415
134059,0,0.0330415
134060,0,0.0330415
134061,0,0.0330415
134062,0,0.0330415
134063,0,0.0330415
134064,0,0.0330415
134065,0,0.0330415
134066,0,0.0330415
134067,0,0.045403447
134068,0,0.05199649
134069,0,0.050444353
134070,0,0.050462905
134071,0,0.053199396
134072,0,0.053199913
134073,0,0.033084575
134074,0,0.033084594
134075,0,0.03307685
134076,0,0.03307687
134077,0,0.033076867
134078,0,0.03307688
134079,0,0.033076882
134080,0,0.033069823
134081,0,0.033055324
134082,0,0.033041712
134083,0,0.033041712
134084,0,0.033041712
134085,0,0.033041712
134086,0,0.033041712
134087,0,0.033041712
134088,0,0.033041712
134089,0,0.033041116
134090,0,0.033041116
134091,0,0.03304194
134092,0,0.03304194
134093,0,0.03304194
134094,0,0.033041686
134095,0,0.033041686
134096,0,0.033041686
134097,0,0.033041682
134098,0,0.033041686
134099,0,0.03658132
134100,0,0.036581617
134101,0,0.03658677
134102,0,0.036591902
134103,0,0.039272524
134104,0,0.03882021
134105,0,0.035027273
134106,0,0.03310154
134107,0,0.033087127
134108,0,0.03305209
134109,0,0.03304194
134110,0,0.03304194
134111,0,0.03304194
134112,0,0.033041943
134113,0,0.03304194
134114,0,0.03304194
134115,0,0.033041943
134116,0,0.033041943
134117,0,0.03304358
134118,0,0.03304358
134119,0,0.042052932
134120,0,0.04206155
134121,0,0.042050675
134122,0,0.04204347
134123,0,0.042048104
134124,0,0.033046223
134125,0,0.033041216
134126,0,0.033041216
134127,0,0.033041876
134128,0,0.033041876
134129,0,0.033041876
134130,0,0.033044063
134131,0,0.033044264
134132,0,0.033043075
134133,0,0.033043075
134134,0,0.033042338
134135,0,0.033045083
134136,0,0.033045083
134137,0,0.03304508
134138,0,0.03304408
134139,0,0.03304193
134140,0,0.03304193
134141,0,0.03304193
134142,0,0.03304193
134143,0,0.03304193
134144,0,0.03304207
134145,0,0.03304207
134146,0,0.03304207
134147,0,0.033042073
134148,0,0.033042073
134149,0,0.033078782
134150,0,0.033078764
134151,0,0.033078745
134152,0,0.033074457
134153,0,0.03305686
134154,0,0.033053443
134155,0,0.033117615
134156,0,0.03304477
134157,0,0.03304477
134158,0,0.033044312
134159,0,0.033041112
134160,0,0.033041112
134161,0,0.033041112
134162,0,0.033041112
134163,0,0.03304083
134164,0,0.033042684
134165,0,0.033042684
134166,0,0.033042267
134167,0,0.033042267
134168,0,0.033042267
134169,0,0.033042267
134170,0,0.033042267
134171,0,0.033042267
134172,0,0.033042267
134173,0,0.03304412
134174,0,0.033048104
134175,0,0.033074822
134176,0,0.03307451
134177,0,0.033075348
134178,0,0.033075362
134179,0,0.03304729
134180,0,0.033047285
134181,0,0.03305201
134182,0,0.033052012
134183,0,0.033052
134184,0,0.033041388
134185,0,0.033041388
134186,0,0.033041388
134187,0,0.033041388
134188,0,0.033041388
134189,0,0.033040896
134190,0,0.033040896
134191,0,0.033040896
134192,0,0.033040896
134193,0,0.033040896
134194,0,0.03307844
134195,0,0.033078462
134196,0,0.033078443
134197,0,0.033078462
134198,0,0.033043496
134199,0,0.03304396
134200,0,0.033043962
134201,0,0.033043962
134202,0,0.03304396
134203,0,0.03304396
134204,0,0.03304594
134205,0,0.033045936
134206,0,0.033045936
134207,0,0.033045933
134208,0,0.033164904
134209,0,0.033164613
134210,0,0.033164386
134211,0,0.033070076
134212,0,0.033070147
134213,0,0.03307013
134214,0,0.03306965
134215,0,0.03306962
134216,0,0.033069633
134217,0,0.033069685
134218,0,0.033069707
134219,0,0.033069715
134220,0,0.033069693
134221,0,0.03307086
134222,0,0.03305446
134223,0,0.033054464
134224,0,0.033059508
134225,0,0.033059523
134226,0,0.033049654
134227,0,0.03304965
134228,0,0.033049654
134229,0,0.03304966
134230,0,0.033049658
134231,0,0.03304965
134232,0,0.033042617
134233,0,0.033042617
134234,0,0.033042617
134235,0,0.033042613
134236,0,0.033042617
134237,0,0.033042617
134238,0,0.033048682
134239,0,0.03305069
134240,0,0.033043094
134241,0,0.033043094
134242,0,0.03304524
134243,0,0.03304524
134244,0,0.033045236
134245,0,0.033045236
134246,0,0.033045236
134247,0,0.033045236
134248,0,0.033045236
134249,0,0.033045232
134250,0,0.033049632
134251,0,0.033049632
134252,0,0.033055
134253,0,0.033054996
134254,0,0.033059712
134255,0,0.033060525
134256,0,0.033063777
134257,0,0.03306378
134258,0,0.03306379
134259,0,0.03304624
134260,0,0.03304624
134261,0,0.033046246
134262,0,0.033046246
134263,0,0.033046246
134264,0,0.033048462
134265,0,0.03304845
134266,0,0.033042938
134267,0,0.0330429
134268,0,0.0330429
134269,0,0.03304387
134270,0,0.033059094
134271,0,0.0330591
134272,0,0.03305425
134273,0,0.033054255
134274,0,0.03305426
134275,0,0.033054262
134276,0,0.03304862
134277,0,0.033059012
134278,0,0.03305902
134279,0,0.033059023
134280,0,0.033072192
134281,0,0.033044934
134282,0,0.03304493
134283,0,0.03324248
134284,0,0.03324284
134285,0,0.033243593
134286,0,0.0332432
134287,0,0.03324378
134288,0,0.033244193
134289,0,0.033244714
134290,0,0.03336297
134291,0,0.03417265
134292,0,0.03316094
134293,0,0.0331819
134294,0,0.033181615
134295,0,0.03328085
134296,0,0.033281058
134297,0,0.03328065
134298,0,0.03320265
134299,0,0.033202562
134300,0,0.033202503
134301,0,0.0330459
134302,0,0.03304849
134303,0,0.03304849
134304,0,0.03304849
134305,0,0.03304849
134306,0,0.033048492
134307,0,0.033048492
134308,0,0.033058964
134309,0,0.033060454
134310,0,0.03304378
134311,0,0.033043783
134312,0,0.033042904
134313,0,0.033044823
134314,0,0.033040926
134315,0,0.033040926
134316,0,0.033040926
134317,0,0.033041008
134318,0,0.03304093
134319,0,0.033040926
134320,0,0.033041134
134321,0,0.033041134
134322,0,0.033041134
134323,0,0.03304114
134324,0,0.03305604
134325,0,0.033056032
134326,0,0.033056032
134327,0,0.03304424
134328,0,0.033044238
134329,0,0.033042748
134330,0,0.033042748
134331,0,0.033042748
134332,0,0.03304275
134333,0,0.033042755
134334,0,0.03304275
134335,0,0.033042755
134336,0,0.033042755
134337,0,0.033045564
134338,0,0.033050194
134339,0,0.03305341
134340,0,0.0330632
134341,0,0.033063203
134342,0,0.03307913
134343,0,0.03307912
134344,0,0.03307918
134345,0,0.033075728
134346,0,0.03304126
134347,0,0.03304126
134348,0,0.03304122
134349,0,0.03304122
134350,0,0.03304118
134351,0,0.03304126
134352,0,0.033040784
134353,0,0.03304084
134354,0,0.03304086
134355,0,0.0330408
134356,0,0.033040885
134357,0,0.033040807
134358,0,0.03304154
134359,0,0.033041473
134360,0,0.03304421
134361,0,0.033044666
134362,0,0.033044662
134363,0,0.033041574
134364,0,0.03304169
134365,0,0.033041533
134366,0,0.033041533
134367,0,0.03304162
134368,0,0.033041853
134369,0,0.033041853
134370,0,0.033041853
134371,0,0.033041853
134372,0,0.033041853
134373,0,0.033041853
134374,0,0.033042334
134375,0,0.033042315
134376,0,0.03304464
134377,0,0.03304464
134378,0,0.03304464
134379,0,0.033047605
134380,0,0.033050094
134381,0,0.033050094
134382,0,0.033059217
134383,0,0.03305633
134384,0,0.03305614
134385,0,0.033056136
134386,0,0.03304644
134387,0,0.033046436
134388,0,0.033046436
134389,0,0.033046436
134390,0,0.03304643
134391,0,0.033046436
134392,0,0.03304299
134393,0,0.033042986
134394,0,0.03304299
134395,0,0.03304299
134396,0,0.033042196
134397,0,0.03304232
134398,0,0.033042196
134399,0,0.03304171
134400,0,0.033041608
134401,0,0.033041775
134402,0,0.033041824
134403,0,0.033041697
134404,0,0.033041753
134405,0,0.03304519
134406,0,0.03306122
134407,0,0.033061214
134408,0,0.03304415
134409,0,0.033045396
134410,0,0.033044342
134411,0,0.033044342
134412,0,0.0330416
134413,0,0.0330416
134414,0,0.0330416
134415,0,0.033041615
134416,0,0.033042993
134417,0,0.033041693
134418,0,0.033041835
134419,0,0.03323463
134420,0,0.033043385
134421,0,0.03304353
134422,0,0.033049405
134423,0,0.033048403
134424,0,0.0330484
134425,0,0.033048403
134426,0,0.033045504
134427,0,0.033045504
134428,0,0.033045504
134429,0,0.03304432
134430,0,0.033044316
134431,0,0.033044316
134432,0,0.033041585
134433,0,0.033041377
134434,0,0.033041432
134435,0,0.03304154
134436,0,0.033041462
134437,0,0.03304136
134438,0,0.033041593
134439,0,0.033041198
134440,0,0.033041153
134441,0,0.03304188
134442,0,0.0330435
134443,0,0.033043645
134444,0,0.03304383
134445,0,0.03304383
134446,0,0.03304383
134447,0,0.03304383
134448,0,0.033045016
134449,0,0.03304257
134450,0,0.03304397
134451,0,0.033041373
134452,0,0.033041425
134453,0,0.033041388
134454,0,0.033041563
134455,0,0.033041406
134456,0,0.033041243
134457,0,0.03304237
134458,0,0.0330416
134459,0,0.033058375
134460,0,0.033058383
134461,0,0.033058368
134462,0,0.033058364
134463,0,0.03307932
134464,0,0.03307933
134465,0,0.033053912
134466,0,0.033040464
134467,0,0.033040464
134468,0,0.03304138
134469,0,0.03304129
134470,0,0.03304211
134471,0,0.033041283
134472,0,0.033043325
134473,0,0.033043515
134474,0,0.033043735
134475,0,0.03304329
134476,0,0.033045534
134477,0,0.033044342
134478,0,0.033043995
134479,0,0.03304448
134480,0,0.033044595
134481,0,0.033044428
134482,0,0.03304412
134483,0,0.033043448
134484,0,0.033042863
134485,0,0.033043463
134486,0,0.033042844
134487,0,0.033043053
134488,0,0.033043757
134489,0,0.03304309
134490,0,0.0330435
134491,0,0.033043753
134492,0,0.033043634
134493,0,0.03304338
134494,0,0.03304166
134495,0,0.033042036
134496,0,0.033043973
134497,0,0.03304441
134498,0,0.03304373
134499,0,0.033043433
134500,0,0.03304577
134501,0,0.033043433
134502,0,0.03305572
134503,0,0.03305572
134504,0,0.033048563
134505,0,0.033048563
134506,0,0.033048563
134507,0,0.03304856
134508,0,0.03304381
134509,0,0.03304381
134510,0,0.033043813
134511,0,0.03304384
134512,0,0.033043813
134513,0,0.033044446
134514,0,0.03304433
134515,0,0.033044335
134516,0,0.03304523
134517,0,0.033043224
134518,0,0.03304322
134519,0,0.033043746
134520,0,0.033043288
134521,0,0.033040978
134522,0,0.033043705
134523,0,0.033043697
134524,0,0.03304436
134525,0,0.033044647
134526,0,0.033044353
134527,0,0.033043522
134528,0,0.03304317
134529,0,0.033040717
134530,0,0.033040706
134531,0,0.033043887
134532,0,0.033044234
134533,0,0.033040732
134534,0,0.033040646
134535,0,0.033043772
134536,0,0.033043277
134537,0,0.03304056
134538,0,0.03304063
134539,0,0.03304371
134540,0,0.033043776
134541,0,0.033043932
134542,0,0.0330434
134543,0,0.033041656
134544,0,0.033042982
134545,0,0.033043265
134546,0,0.033042848
134547,0,0.033040665
134548,0,0.033040836
134549,0,0.033043154
134550,0,0.033043575
134551,0,0.033044282
134552,0,0.033044174
134553,0,0.03304414
134554,0,0.03304476
134555,0,0.033044428
134556,0,0.033044845
134557,0,0.03304454
134558,0,0.03304459
134559,0,0.033043195
134560,0,0.03304375
134561,0,0.03304383
134562,0,0.03304475
134563,0,0.03304344
134564,0,0.03304265
134565,0,0.03304376
134566,0,0.033044137
134567,0,0.033043742
134568,0,0.03304347
134569,0,0.03304402
134570,0,0.03304372
134571,0,0.03304479
134572,0,0.033043817
134573,0,0.03304275
134574,0,0.033043917
134575,0,0.03304286
134576,0,0.033043303
134577,0,0.033043258
134578,0,0.033044122
134579,0,0.033044487
134580,0,0.033044893
134581,0,0.033043955
134582,0,0.033044443
134583,0,0.03304303
134584,0,0.03304338
134585,0,0.033043873
134586,0,0.03304089
134587,0,0.03304447
134588,0,0.0330441
134589,0,0.033043735
134590,0,0.033043385
134591,0,0.03304389
134592,0,0.033043392
134593,0,0.033044428
134594,0,0.033043545
134595,0,0.033042826
134596,0,0.03304327
134597,0,0.033042993
134598,0,0.033043083
134599,0,0.033042695
134600,0,0.03304366
134601,0,0.033043068
134602,0,0.03304322
134603,0,0.033045243
134604,0,0.03304366
134605,0,0.033074036
134606,0,0.033074062
134607,0,0.033074107
134608,0,0.033074126
134609,0,0.033074167
134610,0,0.03345908
134611,0,0.033685878
134612,0,0.033598136
134613,0,0.03359839
134614,0,0.03316162
134615,0,0.033043757
134616,0,0.03304537
134617,0,0.03304347
134618,0,0.03304359
134619,0,0.033043083
134620,0,0.03304297
134621,0,0.03304127
134622,0,0.033041604
134623,0,0.0330421
134624,0,0.033041243
134625,0,0.03304378
134626,0,0.033056363
134627,0,0.033060964
134628,0,0.0330493
134629,0,0.0330493
134630,0,0.033046227
134631,0,0.033046227
134632,0,0.033044275
134633,0,0.033044204
134634,0,0.03304156
134635,0,0.033041287
134636,0,0.03304143
134637,0,0.033041272
134638,0,0.033041496
134639,0,0.033041313
134640,0,0.033042133
134641,0,0.033041257
134642,0,0.033041537
134643,0,0.033041574
134644,0,0.033049844
134645,0,0.033051193
134646,0,0.033051196
134647,0,0.033051196
134648,0,0.033049088
134649,0,0.033049725
134650,0,0.03304849
134651,0,0.033210315
134652,0,0.033192907
134653,0,0.03304112
134654,0,0.033041567
134655,0,0.03304135
134656,0,0.033041697
134657,0,0.03304161
134658,0,0.033040512
134659,0,0.033040512
134660,0,0.033041224
134661,0,0.033042293
134662,0,0.033041727
134663,0,0.03304153
134664,0,0.03304153
134665,0,0.03304152
134666,0,0.033049647
134667,0,0.033049643
134668,0,0.03304964
134669,0,0.03304349
134670,0,0.03304374
134671,0,0.03304374
134672,0,0.033041377
134673,0,0.033041567
134674,0,0.033041324
134675,0,0.033042036
134676,0,0.033041455
134677,0,0.03304157
134678,0,0.033041712
134679,0,0.033041693
134680,0,0.033041716
134681,0,0.033041865
134682,0,0.03304147
134683,0,0.0330417
134684,0,0.03304164
134685,0,0.033042423
134686,0,0.03304175
134687,0,0.033041097
134688,0,0.03304116
134689,0,0.03304128
134690,0,0.03304169
134691,0,0.033041734
134692,0,0.03304195
134693,0,0.03304172
134694,0,0.03304395
134695,0,0.033041656
134696,0,0.03304068
134697,0,0.033041473
134698,0,0.033041995
134699,0,0.033044342
134700,0,0.033044063
134701,0,0.033044502
134702,0,0.033044327
134703,0,0.03304471
134704,0,0.033041965
134705,0,0.033042263
134706,0,0.033049297
134707,0,0.03304929
134708,0,0.03304289
134709,0,0.033041917
134710,0,0.033041403
134711,0,0.03304202
134712,0,0.03304364
134713,0,0.033042047
134714,0,0.033045527
134715,0,0.03304118
134716,0,0.03304118
134717,0,0.033042457
134718,0,0.033043545
134719,0,0.033043835
134720,0,0.033043157
134721,0,0.033043217
134722,0,0.03304118
134723,0,0.033044066
134724,0,0.033044066
134725,0,0.033044264
134726,0,0.033044264
134727,0,0.03304458
134728,0,0.033044394
134729,0,0.033046085
134730,0,0.033044267
134731,0,0.03304427
134732,0,0.033067305
134733,0,0.033067353
134734,0,0.033067293
134735,0,0.033041682
134736,0,0.03304172
134737,0,0.033042543
134738,0,0.03304137
134739,0,0.033041883
134740,0,0.03304214
134741,0,0.033041943
134742,0,0.033041295
134743,0,0.0330412
134744,0,0.03304168
134745,0,0.033042476
134746,0,0.033045553
134747,0,0.033041615
134748,0,0.033041935
134749,0,0.03304197
134750,0,0.03305934
134751,0,0.033051137
134752,0,0.033041876
134753,0,0.03304174
134754,0,0.033042744
134755,0,0.03304219
134756,0,0.033041943
134757,0,0.033042047
134758,0,0.03304215
134759,0,0.03304163
134760,0,0.033041358
134761,0,0.033041585
134762,0,0.033041783
134763,0,0.033041734
134764,0,0.033041734
134765,0,0.033041734
134766,0,0.033041734
134767,0,0.03304498
134768,0,0.033045277
134769,0,0.03305122
134770,0,0.03305122
134771,0,0.033044066
134772,0,0.033043917
134773,0,0.03304392
134774,0,0.033041902
134775,0,0.033041745
134776,0,0.03304177
134777,0,0.03304185
134778,0,0.033041526
134779,0,0.033041377
134780,0,0.033041485
134781,0,0.03304212
134782,0,0.033042118
134783,0,0.033042118
134784,0,0.033041257
134785,0,0.033041798
134786,0,0.033041816
134787,0,0.03304186
134788,0,0.03304201
134789,0,0.033041652
134790,0,0.033041596
134791,0,0.0330418
134792,0,0.03304235
134793,0,0.033041727
134794,0,0.033041954
134795,0,0.03304173
134796,0,0.033042096
134797,0,0.03304215
134798,0,0.033041485
134799,0,0.0330436
134800,0,0.033042856
134801,0,0.033042856
134802,0,0.03304286
134803,0,0.033042002
134804,0,0.033041473
134805,0,0.033041544
134806,0,0.033041876
134807,0,0.03304194
134808,0,0.033041444
134809,0,0.03304135
134810,0,0.03304176
134811,0,0.033042476
134812,0,0.03304166
134813,0,0.033041794
134814,0,0.033041857
134815,0,0.033041693
134816,0,0.033042014
134817,0,0.033041988
134818,0,0.033041988
134819,0,0.033041988
134820,0,0.033042975
134821,0,0.03304155
134822,0,0.0330416
134823,0,0.03304154
134824,0,0.033041988
134825,0,0.033042163
134826,0,0.033042163
134827,0,0.03304179
134828,0,0.033041872
134829,0,0.033041906
134830,0,0.033041693
134831,0,0.033042446
134832,0,0.03304188
134833,0,0.0330415
134834,0,0.033041477
134835,0,0.033041578
134836,0,0.033041626
134837,0,0.03304148
134838,0,0.033041924
134839,0,0.033041608
134840,0,0.03304162
134841,0,0.033042
134842,0,0.033042584
134843,0,0.03304192
134844,0,0.033041812
134845,0,0.033041812
134846,0,0.033041663
134847,0,0.033041876
134848,0,0.033041596
134849,0,0.03304162
134850,0,0.03304183
134851,0,0.033041604
134852,0,0.033041794
134853,0,0.033041526
134854,0,0.033041894
134855,0,0.033041425
134856,0,0.033041723
134857,0,0.033041935
134858,0,0.03304141
134859,0,0.03304157
134860,0,0.03304176
134861,0,0.03304182
134862,0,0.03304149
134863,0,0.033041432
134864,0,0.033041865
134865,0,0.033041906
134866,0,0.033041533
134867,0,0.03304152
134868,0,0.03304188
134869,0,0.03304162
134870,0,0.033042107
134871,0,0.03304181
134872,0,0.033042092
134873,0,0.033042017
134874,0,0.03304188
134875,0,0.033041995
134876,0,0.03304199
134877,0,0.033041947
134878,0,0.033042032
134879,0,0.033042043
134880,0,0.033042096
134881,0,0.033041656
134882,0,0.033041894
134883,0,0.03304192
134884,0,0.033042017
134885,0,0.03304202
134886,0,0.033042006
134887,0,0.033041835
134888,0,0.033041794
134889,0,0.03304191
134890,0,0.033041418
134891,0,0.033041887
134892,0,0.03304202
134893,0,0.033041876
134894,0,0.03304201
134895,0,0.033042025
134896,0,0.033041507
134897,0,0.033041716
134898,0,0.03304281
134899,0,0.03304192
134900,0,0.033041727
134901,0,0.033041406
134902,0,0.033041667
134903,0,0.033041403
134904,0,0.03304221
134905,0,0.033041663
134906,0,0.033041365
134907,0,0.03304179
134908,0,0.03304182
134909,0,0.03304276
134910,0,0.03304198
134911,0,0.033042174
134912,0,0.033041704
134913,0,0.033042032
134914,0,0.033041783
134915,0,0.033041645
134916,0,0.033041574
134917,0,0.03304175
134918,0,0.033041503
134919,0,0.03304204
134920,0,0.033041902
134921,0,0.033041943
134922,0,0.033042178
134923,0,0.033042014
134924,0,0.0330425
134925,0,0.03304164
134926,0,0.033041924
134927,0,0.03304228
134928,0,0.03304202
134929,0,0.03304188
134930,0,0.033041827
134931,0,0.033042215
134932,0,0.033041902
134933,0,0.033042103
134934,0,0.033041924
134935,0,0.033041943
134936,0,0.033041622
134937,0,0.03304206
134938,0,0.033042163
134939,0,0.033041723
134940,0,0.033041418
134941,0,0.033042107
134942,0,0.033042293
134943,0,0.033041667
134944,0,0.03304194
134945,0,0.03304202
134946,0,0.03304202
134947,0,0.033042315
134948,0,0.033042245
134949,0,0.03304192
134950,0,0.03304223
134951,0,0.033042077
134952,0,0.033042043
134953,0,0.033042967
134954,0,0.03304153
134955,0,0.03304148
134956,0,0.03304326
134957,0,0.033042118
134958,0,0.0330423
134959,0,0.03304313
134960,0,0.033042427
134961,0,0.033042222
134962,0,0.03304447
134963,0,0.033044387
134964,0,0.033045482
134965,0,0.033044316
134966,0,0.033044454
134967,0,0.033044454
134968,0,0.03304458
134969,0,0.03304393
134970,0,0.033044323
134971,0,0.033045437
134972,0,0.03304426
134973,0,0.033044107
134974,0,0.033044286
134975,0,0.033043433
134976,0,0.033043604
134977,0,0.033047084
134978,0,0.03304709
134979,0,0.033044655
134980,0,0.033044048
134981,0,0.033043765
134982,0,0.03304408
134983,0,0.033045698
134984,0,0.03304381
134985,0,0.0330445
134986,0,0.033044584
134987,0,0.03304355
134988,0,0.033044502
134989,0,0.03304479
134990,0,0.033045758
134991,0,0.033044532
134992,0,0.03304444
134993,0,0.033043616
134994,0,0.033044524
134995,0,0.03304503
134996,0,0.033044145
134997,0,0.033043806
134998,0,0.033043165
134999,0,0.03304429
135000,0,0.033045396
135001,0,0.033043236
135002,0,0.033042986
135003,0,0.03304547
135004,0,0.033044666
135005,0,0.033043593
135006,0,0.033044193
135007,0,0.033046804
135008,0,0.03304519
135009,0,0.033044085
135010,0,0.033043835
135011,0,0.033044424
135012,0,0.033043634
135013,0,0.033044077
135014,0,0.03304395
135015,0,0.03304435
135016,0,0.03304344
135017,0,0.0330436
135018,0,0.033044793
135019,0,0.03304381
135020,0,0.033044357
135021,0,0.033044793
135022,0,0.033043426
135023,0,0.033043474
135024,0,0.033043094
135025,0,0.033044234
135026,0,0.03304485
135027,0,0.03304328
135028,0,0.033045452
135029,0,0.033045806
135030,0,0.033044487
135031,0,0.033044647
135032,0,0.03304374
135033,0,0.03304443
135034,0,0.033044137
135035,0,0.033043258
135036,0,0.033044524
135037,0,0.033044312
135038,0,0.033044674
135039,0,0.033044152
135040,0,0.03304454
135041,0,0.03304446
135042,0,0.03304413
135043,0,0.033044837
135044,0,0.033044063
135045,0,0.03304431
135046,0,0.03304439
135047,0,0.033044226
135048,0,0.03304359
135049,0,0.03304447
135050,0,0.03304343
135051,0,0.033044312
135052,0,0.033043124
135053,0,0.033043455
135054,0,0.03304352
135055,0,0.03304618
135056,0,0.03304463
135057,0,0.033043962
135058,0,0.033043873
135059,0,0.03304389
135060,0,0.033044696
135061,0,0.03304509
135062,0,0.033044398
135063,0,0.03304351
135064,0,0.033044998
135065,0,0.03304353
135066,0,0.033043645
135067,0,0.03304553
135068,0,0.033043444
135069,0,0.033044614
135070,0,0.033043846
135071,0,0.03304466
135072,0,0.033044558
135073,0,0.03304485
135074,0,0.033044234
135075,0,0.033044156
135076,0,0.03304545
135077,0,0.033043355
135078,0,0.033043873
135079,0,0.033043627
135080,0,0.033043448
135081,0,0.033044174
135082,0,0.033043876
135083,0,0.033044636
135084,0,0.03304428
135085,0,0.033044636
135086,0,0.033046294
135087,0,0.03304313
135088,0,0.03304441
135089,0,0.03304447
135090,0,0.033044305
135091,0,0.033046123
135092,0,0.03304499
135093,0,0.03304404
135094,0,0.03304449
135095,0,0.033044267
135096,0,0.033043712
135097,0,0.033043694
135098,0,0.033044163
135099,0,0.033044536
135100,0,0.0330441
135101,0,0.033044383
135102,0,0.03304343
135103,0,0.03304367
135104,0,0.033043616
135105,0,0.033043563
135106,0,0.033044472
135107,0,0.033044577
135108,0,0.033044294
135109,0,0.033043
135110,0,0.03304424
135111,0,0.033043485
135112,0,0.03304345
135113,0,0.033043776
135114,0,0.03304445
135115,0,0.033044457
135116,0,0.033043776
135117,0,0.033044256
135118,0,0.033043806
135119,0,0.03304422
135120,0,0.0330443
135121,0,0.03304464
135122,0,0.0330448
135123,0,0.0330436
135124,0,0.03305513
135125,0,0.03304314
135126,0,0.033043586
135127,0,0.033043474
135128,0,0.033045605
135129,0,0.033046637
135130,0,0.033044573
135131,0,0.03304449
135132,0,0.033042833
135133,0,0.0330438
135134,0,0.033044375
135135,0,0.03304393
135136,0,0.033044115
135137,0,0.033044655
135138,0,0.0330466
135139,0,0.033046257
135140,0,0.033044804
135141,0,0.03304368
135142,0,0.033042982
135143,0,0.033043377
135144,0,0.033045694
135145,0,0.033043887
135146,0,0.033043947
135147,0,0.033045106
135148,0,0.03304404
135149,0,0.033044256
135150,0,0.03304399
135151,0,0.033043634
135152,0,0.033044294
135153,0,0.033043794
135154,0,0.033043582
135155,0,0.033043988
135156,0,0.03304384
135157,0,0.03304416
135158,0,0.033042878
135159,0,0.033043936
135160,0,0.03304415
135161,0,0.033043478
135162,0,0.033043835
135163,0,0.033044145
135164,0,0.03304463
135165,0,0.0330431
135166,0,0.033044904
135167,0,0.033044547
135168,0,0.033043366
135169,0,0.033044994
135170,0,0.033044472
135171,0,0.033044007
135172,0,0.033045016
135173,0,0.03304467
135174,0,0.033044185
135175,0,0.03304348
135176,0,0.033044238
135177,0,0.033044342
135178,0,0.0330432
135179,0,0.033044618
135180,0,0.03304441
135181,0,0.033043813
135182,0,0.033043563
135183,0,0.033043556
135184,0,0.033043966
135185,0,0.033043467
135186,0,0.033044413
135187,0,0.033044316
135188,0,0.033044167
135189,0,0.033044003
135190,0,0.033044145
135191,0,0.0330433
135192,0,0.03304497
135193,0,0.03304419
135194,0,0.033044342
135195,0,0.03304448
135196,0,0.033044398
135197,0,0.033044152
135198,0,0.03304413
135199,0,0.033043995
135200,0,0.033044167
135201,0,0.033044275
135202,0,0.033044796
135203,0,0.03304493
135204,0,0.03304455
135205,0,0.03304614
135206,0,0.033044815
135207,0,0.033044774
135208,0,0.033043303
135209,0,0.033043817
135210,0,0.033043575
135211,0,0.03304304
135212,0,0.033044416
135213,0,0.033043727
135214,0,0.033044577
135215,0,0.033044532
135216,0,0.0330445
135217,0,0.033043303
135218,0,0.033044476
135219,0,0.03304447
135220,0,0.033044677
135221,0,0.033044413
135222,0,0.03304344
135223,0,0.033043895
135224,0,0.033044506
135225,0,0.033044275
135226,0,0.033043366
135227,0,0.033044647
135228,0,0.033043858
135229,0,0.03304421
135230,0,0.033044625
135231,0,0.033044662
135232,0,0.03304504
135233,0,0.0330433
135234,0,0.033044428
135235,0,0.03304104
135236,0,0.033041026
135237,0,0.033040937
135238,0,0.03304074
135239,0,0.033040773
135240,0,0.033040818
135241,0,0.03304075
135242,0,0.033040777
135243,0,0.03304115
135244,0,0.033040795
135245,0,0.033040583
135246,0,0.03304081
135247,0,0.033040617
135248,0,0.033041064
135249,0,0.03304081
135250,0,0.03304095
135251,0,0.033040926
135252,0,0.03304076
135253,0,0.033040997
135254,0,0.033040997
135255,0,0.033040997
135256,0,0.03304094
135257,0,0.033040833
135258,0,0.033040833
135259,0,0.03304073
135260,0,0.033040743
135261,0,0.033040788
135262,0,0.03304108
135263,0,0.033040777
135264,0,0.03304087
135265,0,0.033040836
135266,0,0.033041153
135267,0,0.033040848
135268,0,0.033040833
135269,0,0.033040743
135270,0,0.033040725
135271,0,0.033040576
135272,0,0.033040643
135273,0,0.033040807
135274,0,0.03304069
135275,0,0.03304075
135276,0,0.033040907
135277,0,0.03304079
135278,0,0.033040762
135279,0,0.033040654
135280,0,0.033040773
135281,0,0.033040695
135282,0,0.033040807
135283,0,0.03304111
135284,0,0.03304072
135285,0,0.03304059
135286,0,0.033040605
135287,0,0.03304088
135288,0,0.0330408
135289,0,0.03304065
135290,0,0.03304082
135291,0,0.033040836
135292,0,0.033040814
135293,0,0.033040706
135294,0,0.03304112
135295,0,0.03304077
135296,0,0.033041082
135297,0,0.03304071
135298,0,0.033040695
135299,0,0.03304083
135300,0,0.033040736
135301,0,0.033040877
135302,0,0.03304062
135303,0,0.033040833
135304,0,0.03304076
135305,0,0.033040807
135306,0,0.033040695
135307,0,0.033040784
135308,0,0.03304064
135309,0,0.03304081
135310,0,0.033040594
135311,0,0.033040848
135312,0,0.033040736
135313,0,0.03304101
135314,0,0.033040814
135315,0,0.033040825
135316,0,0.033040743
135317,0,0.033040743
135318,0,0.03304103
135319,0,0.033040803
135320,0,0.033042092
135321,0,0.033042092
135322,0,0.033041965
135323,0,0.03304197
135324,0,0.033040777
135325,0,0.033040766
135326,0,0.03304104
135327,0,0.033040833
135328,0,0.03304086
135329,0,0.033040825
135330,0,0.033040777
135331,0,0.033041187
135332,0,0.033040818
135333,0,0.033040773
135334,0,0.033040788
135335,0,0.0330408
135336,0,0.033041123
135337,0,0.033041123
135338,0,0.03304072
135339,0,0.03304079
135340,0,0.03304096
135341,0,0.033040732
135342,0,0.033040635
135343,0,0.03304068
135344,0,0.033040732
135345,0,0.033040747
135346,0,0.033040725
135347,0,0.033040836
135348,0,0.033040736
135349,0,0.033041228
135350,0,0.033040773
135351,0,0.033040665
135352,0,0.03304076
135353,0,0.03304075
135354,0,0.033040687
135355,0,0.033040747
135356,0,0.033040807
135357,0,0.033040714
135358,0,0.033040684
135359,0,0.03304068
135360,0,0.0330408
135361,0,0.033040833
135362,0,0.03304074
135363,0,0.033040877
135364,0,0.033040643
135365,0,0.03304076
135366,0,0.03304065
135367,0,0.03304072
135368,0,0.03304069
135369,0,0.033040613
135370,0,0.03304075
135371,0,0.033040714
135372,0,0.03304089
135373,0,0.0330407
135374,0,0.03304089
135375,0,0.03304089
135376,0,0.03304084
135377,0,0.03304084
135378,0,0.03304084
135379,0,0.03304084
135380,0,0.033041213
135381,0,0.033041213
135382,0,0.033041213
135383,0,0.033041213
135384,0,0.033041213
135385,0,0.033040546
135386,0,0.03304053
135387,0,0.03304053
135388,0,0.033041075
135389,0,0.033040658
135390,0,0.033040784
135391,0,0.03304043
135392,0,0.03304047
135393,0,0.033040486
135394,0,0.03304052
135395,0,0.03304051
135396,0,0.033040535
135397,0,0.03304063
135398,0,0.033040524
135399,0,0.033040598
135400,0,0.033040598
135401,0,0.033040598
135402,0,0.033040576
135403,0,0.033040643
135404,0,0.033040438
135405,0,0.033040494
135406,0,0.033040605
135407,0,0.033040725
135408,0,0.03304055
135409,0,0.03304055
135410,0,0.03304055
135411,0,0.033040576
135412,0,0.033040825
135413,0,0.033040825
135414,0,0.033040784
135415,0,0.03304098
135416,0,0.033040762
135417,0,0.033040814
135418,0,0.03304052
135419,0,0.033040926
135420,0,0.03304063
135421,0,0.03304074
135422,0,0.033040788
135423,0,0.033040207
135424,0,0.033040885
135425,0,0.033040825
135426,0,0.033041194
135427,0,0.033040725
135428,0,0.033040665
135429,0,0.033040795
135430,0,0.033040702
135431,0,0.03304077
135432,0,0.033040777
135433,0,0.03304078
135434,0,0.033040684
135435,0,0.03304066
135436,0,0.033040706
135437,0,0.033040907
135438,0,0.033040795
135439,0,0.03304103
135440,0,0.03304086
135441,0,0.033040833
135442,0,0.033040725
135443,0,0.033040814
135444,0,0.033040818
135445,0,0.033040695
135446,0,0.03304073
135447,0,0.033040766
135448,0,0.03304081
135449,0,0.033040825
135450,0,0.03304076
135451,0,0.033040706
135452,0,0.033040673
135453,0,0.03304077
135454,0,0.033040773
135455,0,0.033040665
135456,0,0.03304073
135457,0,0.03304076
135458,0,0.03304077
135459,0,0.033040736
135460,0,0.033040676
135461,0,0.03304098
135462,0,0.033040635
135463,0,0.033040646
135464,0,0.033040684
135465,0,0.033040687
135466,0,0.03304082
135467,0,0.033040825
135468,0,0.033040743
135469,0,0.033040803
135470,0,0.033040714
135471,0,0.033040736
135472,0,0.033040807
135473,0,0.033040725
135474,0,0.03304062
135475,0,0.03304103
135476,0,0.033040747
135477,0,0.033040736
135478,0,0.033040714
135479,0,0.03304073
135480,0,0.033040706
135481,0,0.033040762
135482,0,0.033040836
135483,0,0.03304075
135484,0,0.033040687
135485,0,0.03304076
135486,0,0.033040628
135487,0,0.033040684
135488,0,0.033041187
135489,0,0.03304082
135490,0,0.03304075
135491,0,0.03304067
135492,0,0.03304067
135493,0,0.03304075
135494,0,0.033041086
135495,0,0.03304073
135496,0,0.03304067
135497,0,0.03304067
135498,0,0.03304069
135499,0,0.033040628
135500,0,0.033040617
135501,0,0.033040497
135502,0,0.033040468
135503,0,0.03304047
135504,0,0.03304051
135505,0,0.033040512
135506,0,0.033040505
135507,0,0.033040624
135508,0,0.033040438
135509,0,0.03304041
135510,0,0.03304057
135511,0,0.033040546
135512,0,0.033040516
135513,0,0.033040695
135514,0,0.033040546
135515,0,0.033040475
135516,0,0.03304053
135517,0,0.033040516
135518,0,0.03304049
135519,0,0.03304045
135520,0,0.033040486
135521,0,0.03304049
135522,0,0.033040572
135523,0,0.03304079
135524,0,0.033040874
135525,0,0.033040754
135526,0,0.033040807
135527,0,0.033040434
135528,0,0.033040464
135529,0,0.03304044
135530,0,0.03304045
135531,0,0.033040516
135532,0,0.03304048
135533,0,0.03304043
135534,0,0.033040445
135535,0,0.033040572
135536,0,0.03304051
135537,0,0.033040617
135538,0,0.033040747
135539,0,0.033040795
135540,0,0.033040725
135541,0,0.033040762
135542,0,0.033040624
135543,0,0.033040795
135544,0,0.03304074
135545,0,0.0330405
135546,0,0.03304045
135547,0,0.03304044
135548,0,0.033040438
135549,0,0.03304048
135550,0,0.03304039
135551,0,0.033040453
135552,0,0.033040404
135553,0,0.03304069
135554,0,0.033040438
135555,0,0.033040505
135556,0,0.033040527
135557,0,0.033040423
135558,0,0.033040795
135559,0,0.033040777
135560,0,0.033040546
135561,0,0.03304081
135562,0,0.03304063
135563,0,0.033040754
135564,0,0.03304041
135565,0,0.03304044
135566,0,0.033040505
135567,0,0.03304049
135568,0,0.033040505
135569,0,0.033040613
135570,0,0.033040635
135571,0,0.033040468
135572,0,0.033040497
135573,0,0.03304048
135574,0,0.033040445
135575,0,0.033040535
135576,0,0.03304052
135577,0,0.0330405
135578,0,0.03304044
135579,0,0.033040486
135580,0,0.033040494
135581,0,0.033040468
135582,0,0.03304044
135583,0,0.03304045
135584,0,0.03304047
135585,0,0.033040483
135586,0,0.033040468
135587,0,0.033040367
135588,0,0.033040497
135589,0,0.0330405
135590,0,0.033040516
135591,0,0.033040516
135592,0,0.033040468
135593,0,0.03304041
135594,0,0.033040542
135595,0,0.03304049
135596,0,0.033040512
135597,0,0.033040535
135598,0,0.033040524
135599,0,0.03304037
135600,0,0.033040334
135601,0,0.033040587
135602,0,0.033040524
135603,0,0.033040524
135604,0,0.033040803
135605,0,0.03304085
135606,0,0.033040818
135607,0,0.033040747
135608,0,0.03304066
135609,0,0.033040985
135610,0,0.033040784
135611,0,0.033040814
135612,0,0.033040825
135613,0,0.03304122
135614,0,0.033040863
135615,0,0.033040762
135616,0,0.033040766
135617,0,0.033040814
135618,0,0.03304072
135619,0,0.033040788
135620,0,0.033040434
135621,0,0.0330406
135622,0,0.033040527
135623,0,0.033040512
135624,0,0.033040468
135625,0,0.03304111
135626,0,0.033040665
135627,0,0.033040766
135628,0,0.033040725
135629,0,0.033040743
135630,0,0.033040788
135631,0,0.033040836
135632,0,0.033040803
135633,0,0.03304078
135634,0,0.033040795
135635,0,0.03304086
135636,0,0.033040818
135637,0,0.033040877
135638,0,0.03304082
135639,0,0.033040848
135640,0,0.03304073
135641,0,0.033040754
135642,0,0.033040714
135643,0,0.03304074
135644,0,0.0330405
135645,0,0.033040877
135646,0,0.033040762
135647,0,0.033041053
135648,0,0.033040773
135649,0,0.03304077
135650,0,0.033040795
135651,0,0.033040814
135652,0,0.033040892
135653,0,0.033041
135654,0,0.033040605
135655,0,0.033040814
135656,0,0.03304079
135657,0,0.03304073
135658,0,0.03304091
135659,0,0.033041015
135660,0,0.033040784
135661,0,0.033040725
135662,0,0.033040803
135663,0,0.03304029
135664,0,0.033040512
135665,0,0.033040468
135666,0,0.033040635
135667,0,0.033041038
135668,0,0.033041175
135669,0,0.03304078
135670,0,0.033040658
135671,0,0.033040766
135672,0,0.033040565
135673,0,0.033040687
135674,0,0.033040933
135675,0,0.033040654
135676,0,0.033040732
135677,0,0.033040807
135678,0,0.033040773
135679,0,0.03304091
135680,0,0.03304079
135681,0,0.033040646
135682,0,0.03304061
135683,0,0.03304077
135684,0,0.033040702
135685,0,0.033040643
135686,0,0.033040956
135687,0,0.0330407
135688,0,0.0330408
135689,0,0.03304114
135690,0,0.033040684
135691,0,0.03304067
135692,0,0.03304088
135693,0,0.03304073
135694,0,0.03304081
135695,0,0.033040762
135696,0,0.033040326
135697,0,0.033040702
135698,0,0.033040904
135699,0,0.033040732
135700,0,0.03304072
135701,0,0.03304099
135702,0,0.033040766
135703,0,0.033040766
135704,0,0.03304076
135705,0,0.03304101
135706,0,0.033040788
135707,0,0.033040743
135708,0,0.03304089
135709,0,0.033040807
135710,0,0.033040762
135711,0,0.033040687
135712,0,0.033040676
135713,0,0.033040777
135714,0,0.033040725
135715,0,0.033040825
135716,0,0.03304068
135717,0,0.033040717
135718,0,0.03304082
135719,0,0.033040263
135720,0,0.033040784
135721,0,0.033040695
135722,0,0.033040743
135723,0,0.033040714
135724,0,0.033040784
135725,0,0.033040714
135726,0,0.03304077
135727,0,0.033040725
135728,0,0.03304104
135729,0,0.033040777
135730,0,0.03304075
135731,0,0.033040598
135732,0,0.033040695
135733,0,0.033040646
135734,0,0.033040777
135735,0,0.03304073
135736,0,0.03304075
135737,0,0.033040714
135738,0,0.033040643
135739,0,0.03304068
135740,0,0.03304067
135741,0,0.03304086
135742,0,0.033040877
135743,0,0.033041023
135744,0,0.0330407
135745,0,0.03304075
135746,0,0.03304071
135747,0,0.0330406
135748,0,0.033040717
135749,0,0.03304066
135750,0,0.03304073
135751,0,0.033040762
135752,0,0.033040676
135753,0,0.033040576
135754,0,0.033040892
135755,0,0.033040807
135756,0,0.03304066
135757,0,0.033040702
135758,0,0.033040866
135759,0,0.033040658
135760,0,0.033040665
135761,0,0.033040714
135762,0,0.033040736
135763,0,0.033040743
135764,0,0.033041067
135765,0,0.03304065
135766,0,0.03304072
135767,0,0.033040658
135768,0,0.033040736
135769,0,0.03304018
135770,0,0.03304019
135771,0,0.033040535
135772,0,0.033040762
135773,0,0.033040818
135774,0,0.033040192
135775,0,0.033040628
135776,0,0.03304075
135777,0,0.033040754
135778,0,0.0330406
135779,0,0.033040743
135780,0,0.033040658
135781,0,0.033040714
135782,0,0.033040658
135783,0,0.033040717
135784,0,0.0330402
135785,0,0.033040367
135786,0,0.033040717
135787,0,0.03304069
135788,0,0.033040762
135789,0,0.03304068
135790,0,0.03304074
135791,0,0.033040747
135792,0,0.033040773
135793,0,0.03304065
135794,0,0.03304066
135795,0,0.033040762
135796,0,0.033040714
135797,0,0.033040725
135798,0,0.033040743
135799,0,0.03304078
135800,0,0.03304077
135801,0,0.03304025
135802,0,0.03304068
135803,0,0.033040803
135804,0,0.03304068
135805,0,0.03304072
135806,0,0.03304078
135807,0,0.033040784
135808,0,0.03304081
135809,0,0.033040605
135810,0,0.033040818
135811,0,0.033041075
135812,0,0.033040766
135813,0,0.033040788
135814,0,0.03304067
135815,0,0.03304079
135816,0,0.033040572
135817,0,0.033040736
135818,0,0.033040732
135819,0,0.03304074
135820,0,0.033040762
135821,0,0.03304072
135822,0,0.03304087
135823,0,0.033040777
135824,0,0.03304077
135825,0,0.033040762
135826,0,0.033040784
135827,0,0.033041097
135828,0,0.033040814
135829,0,0.03304021
135830,0,0.03304025
135831,0,0.033040214
135832,0,0.033040676
135833,0,0.03304076
135834,0,0.033040836
135835,0,0.033040658
135836,0,0.033040196
135837,0,0.03304069
135838,0,0.033040192
135839,0,0.033040218
135840,0,0.033040706
135841,0,0.03304077
135842,0,0.033040814
135843,0,0.03304067
135844,0,0.033040244
135845,0,0.033040218
135846,0,0.033040218
135847,0,0.033040706
135848,0,0.033040646
135849,0,0.03304056
135850,0,0.03304077
135851,0,0.033040766
135852,0,0.0330402
135853,0,0.033041004
135854,0,0.03304075
135855,0,0.033040646
135856,0,0.033040773
135857,0,0.033040248
135858,0,0.033040673
135859,0,0.033040658
135860,0,0.033040598
135861,0,0.033040196
135862,0,0.033040415
135863,0,0.03304046
135864,0,0.033040404
135865,0,0.033040434
135866,0,0.033040423
135867,0,0.033040486
135868,0,0.033040386
135869,0,0.033040367
135870,0,0.033040598
135871,0,0.033040438
135872,0,0.033040464
135873,0,0.03304047
135874,0,0.03304079
135875,0,0.033040434
135876,0,0.03304045
135877,0,0.033040445
135878,0,0.033040427
135879,0,0.033040434
135880,0,0.03304047
135881,0,0.03304043
135882,0,0.033040423
135883,0,0.033040453
135884,0,0.033040456
135885,0,0.033040464
135886,0,0.033040423
135887,0,0.03304036
135888,0,0.033040162
135889,0,0.03304037
135890,0,0.033040427
135891,0,0.033040404
135892,0,0.033040434
135893,0,0.03304039
135894,0,0.03304053
135895,0,0.033040483
135896,0,0.033040464
135897,0,0.033040468
135898,0,0.033040173
135899,0,0.033040475
135900,0,0.033040468
135901,0,0.033040475
135902,0,0.033040483
135903,0,0.033040453
135904,0,0.033040475
135905,0,0.033040464
135906,0,0.03304048
135907,0,0.033040427
135908,0,0.033040408
135909,0,0.03304062
135910,0,0.033040438
135911,0,0.033040423
135912,0,0.03304047
135913,0,0.033040427
135914,0,0.03304045
135915,0,0.03304045
135916,0,0.033040397
135917,0,0.033040434
135918,0,0.03304045
135919,0,0.033040382
135920,0,0.033040468
135921,0,0.03304049
135922,0,0.03304048
135923,0,0.033040162
135924,0,0.033040423
135925,0,0.033040453
135926,0,0.03304048
135927,0,0.03304047
135928,0,0.033040438
135929,0,0.033040553
135930,0,0.033040468
135931,0,0.033040375
135932,0,0.03304047
135933,0,0.03304045
135934,0,0.03304046
135935,0,0.03304048
135936,0,0.03304048
135937,0,0.03304081
135938,0,0.033040192
135939,0,0.03304018
135940,0,0.03304043
135941,0,0.033040483
135942,0,0.03304048
135943,0,0.03304048
135944,0,0.033040162
135945,0,0.033040166
135946,0,0.03304061
135947,0,0.0330405
135948,0,0.033040393
135949,0,0.033040386
135950,0,0.033040438
135951,0,0.033040557
135952,0,0.033040456
135953,0,0.033040434
135954,0,0.033040483
135955,0,0.033040415
135956,0,0.033040486
135957,0,0.033040475
135958,0,0.033040456
135959,0,0.033040557
135960,0,0.033040427
135961,0,0.033040367
135962,0,0.033040456
135963,0,0.03304044
135964,0,0.033040464
135965,0,0.03304042
135966,0,0.033040456
135967,0,0.033040363
135968,0,0.03304063
135969,0,0.033040166
135970,0,0.033040438
135971,0,0.033040356
135972,0,0.033040367
135973,0,0.033040464
135974,0,0.03304041
135975,0,0.033040527
135976,0,0.0330404
135977,0,0.033040456
135978,0,0.033040386
135979,0,0.033040438
135980,0,0.033040393
135981,0,0.033040464
135982,0,0.03304054
135983,0,0.033040326
135984,0,0.03304046
135985,0,0.033040505
135986,0,0.033040527
135987,0,0.033040453
135988,0,0.033040475
135989,0,0.03304049
135990,0,0.03304048
135991,0,0.033040456
135992,0,0.03304047
135993,0,0.033040386
135994,0,0.033040382
135995,0,0.03304041
135996,0,0.03304045
135997,0,0.03304039
135998,0,0.033040393
135999,0,0.033040453
136000,0,0.03304045
136001,0,0.033040512
136002,0,0.033040415
136003,0,0.033040356
136004,0,0.033040456
136005,0,0.0330402
136006,0,0.0330402
136007,0,0.033040483
136008,0,0.03304046
136009,0,0.03304043
136010,0,0.033040475
136011,0,0.033040375
136012,0,0.033040635
136013,0,0.03304042
136014,0,0.033040408
136015,0,0.033040464
136016,0,0.033040404
136017,0,0.03304049
136018,0,0.033040546
136019,0,0.033040352
136020,0,0.033040345
136021,0,0.033040375
136022,0,0.03304038
136023,0,0.033040386
136024,0,0.03304022
136025,0,0.03304022
136026,0,0.03304022
136027,0,0.03304022
136028,0,0.033040367
136029,0,0.033040445
136030,0,0.033040363
136031,0,0.033040356
136032,0,0.03304031
136033,0,0.033040345
136034,0,0.033040404
136035,0,0.03304037
136036,0,0.033040423
136037,0,0.033040415
136038,0,0.033040427
136039,0,0.033040434
136040,0,0.033040166
136041,0,0.033040356
136042,0,0.033040553
136043,0,0.033040177
136044,0,0.033040468
136045,0,0.033040386
136046,0,0.033040468
136047,0,0.03304018
136048,0,0.03304048
136049,0,0.033040423
136050,0,0.033040352
136051,0,0.033040386
136052,0,0.03304045
136053,0,0.03304046
136054,0,0.03304047
136055,0,0.033040192
136056,0,0.033040404
136057,0,0.033040456
136058,0,0.033040404
136059,0,0.033040404
136060,0,0.033040423
136061,0,0.033040423
136062,0,0.033040464
136063,0,0.033040363
136064,0,0.033040497
136065,0,0.033040497
136066,0,0.0330403
136067,0,0.033040337
136068,0,0.03304028
136069,0,0.03304028
136070,0,0.03304049
136071,0,0.03304048
136072,0,0.03304037
136073,0,0.033040404
136074,0,0.033040408
136075,0,0.03304038
136076,0,0.033040512
136077,0,0.03304038
136078,0,0.03304023
136079,0,0.03304023
136080,0,0.033040438
136081,0,0.033040468
136082,0,0.03304046
136083,0,0.033040546
136084,0,0.033040334
136085,0,0.033040445
136086,0,0.033040445
136087,0,0.0330405
136088,0,0.0330404
136089,0,0.03304044
136090,0,0.033040415
136091,0,0.03304045
136092,0,0.033040363
136093,0,0.033040345
136094,0,0.03304035
136095,0,0.033040397
136096,0,0.033040274
136097,0,0.03304039
136098,0,0.0330404
136099,0,0.033040382
136100,0,0.033040397
136101,0,0.033040393
136102,0,0.033040367
136103,0,0.033040415
136104,0,0.033040367
136105,0,0.033040427
136106,0,0.033040415
136107,0,0.03304045
136108,0,0.033040162
136109,0,0.033040438
136110,0,0.033040434
136111,0,0.033040512
136112,0,0.033040468
136113,0,0.033040397
136114,0,0.03304041
136115,0,0.033040483
136116,0,0.033040415
136117,0,0.03304043
136118,0,0.033040367
136119,0,0.03304016
136120,0,0.033040464
136121,0,0.033040464
136122,0,0.03304016
136123,0,0.033040393
136124,0,0.033040453
136125,0,0.033040218
136126,0,0.033040218
136127,0,0.033040218
136128,0,0.033040218
136129,0,0.033040218
136130,0,0.033040237
136131,0,0.033040605
136132,0,0.033040408
136133,0,0.03304046
136134,0,0.033040427
136135,0,0.03304043
136136,0,0.03304046
136137,0,0.033040438
136138,0,0.03304045
136139,0,0.03304025
136140,0,0.03304025
136141,0,0.033040363
136142,0,0.033040423
136143,0,0.033040307
136144,0,0.033040408
136145,0,0.033040266
136146,0,0.033040266
136147,0,0.033040266
136148,0,0.033040408
136149,0,0.033040363
136150,0,0.033040244
136151,0,0.033040244
136152,0,0.033040375
136153,0,0.03304022
136154,0,0.033040226
136155,0,0.03304017
136156,0,0.033040166
136157,0,0.033040438
136158,0,0.033040427
136159,0,0.033040166
136160,0,0.033040166
136161,0,0.033040326
136162,0,0.033040166
136163,0,0.033040166
136164,0,0.033040166
136165,0,0.03304026
136166,0,0.033040382
136167,0,0.033040427
136168,0,0.033040274
136169,0,0.03304027
136170,0,0.03304027
136171,0,0.033040263
136172,0,0.033040237
136173,0,0.033040434
136174,0,0.033040404
136175,0,0.033040382
136176,0,0.03304035
136177,0,0.03304034
136178,0,0.03304032
136179,0,0.033040363
136180,0,0.033040363
136181,0,0.03304042
136182,0,0.033040404
136183,0,0.03304018
136184,0,0.03304018
136185,0,0.03304018
136186,0,0.033040177
136187,0,0.033040404
136188,0,0.0330402
136189,0,0.033040345
136190,0,0.03304037
136191,0,0.033040464
136192,0,0.033040274
136193,0,0.03304043
136194,0,0.033040397
136195,0,0.033040166
136196,0,0.03304038
136197,0,0.033040483
136198,0,0.0330404
136199,0,0.033040415
136200,0,0.033040408
136201,0,0.033040408
136202,0,0.033040404
136203,0,0.033040166
136204,0,0.033040166
136205,0,0.033040166
136206,0,0.03304038
136207,0,0.033040408
136208,0,0.033040367
136209,0,0.033040218
136210,0,0.033040218
136211,0,0.03304022
136212,0,0.03304022
136213,0,0.033040427
136214,0,0.03304022
136215,0,0.03304022
136216,0,0.033040404
136217,0,0.03304022
136218,0,0.03304042
136219,0,0.033040363
136220,0,0.033040423
136221,0,0.03304019
136222,0,0.03304019
136223,0,0.033040393
136224,0,0.03304036
136225,0,0.033040375
136226,0,0.03304019
136227,0,0.033040307
136228,0,0.033040363
136229,0,0.033040203
136230,0,0.03304024
136231,0,0.033040345
136232,0,0.033040505
136233,0,0.033040375
136234,0,0.033040386
136235,0,0.033040322
136236,0,0.033040512
136237,0,0.033040345
136238,0,0.033040185
136239,0,0.033040185
136240,0,0.033040162
136241,0,0.033040367
136242,0,0.033040155
136243,0,0.03304015
136244,0,0.033040363
136245,0,0.03304015
136246,0,0.033040166
136247,0,0.03304016
136248,0,0.03304029
136249,0,0.03304015
136250,0,0.03304016
136251,0,0.0330403
136252,0,0.033040155
136253,0,0.03304015
136254,0,0.03304016
136255,0,0.03304029
136256,0,0.033040337
136257,0,0.03304033
136258,0,0.033040352
136259,0,0.033040334
136260,0,0.03304018
136261,0,0.033040255
136262,0,0.033040307
136263,0,0.033040475
136264,0,0.03304039
136265,0,0.033040274
136266,0,0.03304038
136267,0,0.03304034
136268,0,0.03304034
136269,0,0.033040363
136270,0,0.0330402
136271,0,0.0330402
136272,0,0.0330402
136273,0,0.0330402
136274,0,0.033040196
136275,0,0.033040226
136276,0,0.033040352
136277,0,0.033040345
136278,0,0.03304021
136279,0,0.03304021
136280,0,0.03304021
136281,0,0.03304021
136282,0,0.03304021
136283,0,0.033040363
136284,0,0.033040352
136285,0,0.033040162
136286,0,0.033040382
136287,0,0.03304015
136288,0,0.033040173
136289,0,0.033040147
136290,0,0.03304017
136291,0,0.03304017
136292,0,0.03304017
136293,0,0.03304017
136294,0,0.03304017
136295,0,0.03304017
136296,0,0.033040166
136297,0,0.03304017
136298,0,0.03304017
136299,0,0.03304017
136300,0,0.03304017
136301,0,0.03304016
136302,0,0.033040166
136303,0,0.033040166
136304,0,0.033040166
136305,0,0.03304015
136306,0,0.03304015
136307,0,0.03304015
136308,0,0.033040155
136309,0,0.03304015
136310,0,0.03304015
136311,0,0.03304015
136312,0,0.033040173
136313,0,0.03304016
136314,0,0.03304016
136315,0,0.03304022
136316,0,0.0330402
136317,0,0.0330402
136318,0,0.0330402
136319,0,0.0330402
136320,0,0.0330402
136321,0,0.0330402
136322,0,0.0330402
136323,0,0.0330402
136324,0,0.0330402
136325,0,0.033040226
136326,0,0.033040263
136327,0,0.033040263
136328,0,0.033040263
136329,0,0.033040263
136330,0,0.033040263
136331,0,0.033040218
136332,0,0.033040218
136333,0,0.033040237
136334,0,0.033040203
136335,0,0.033040203
136336,0,0.033040203
136337,0,0.033040203
136338,0,0.033040203
136339,0,0.033040203
136340,0,0.033040203
136341,0,0.033040233
136342,0,0.033040233
136343,0,0.033040233
136344,0,0.033040404
136345,0,0.033040285
136346,0,0.033040285
136347,0,0.033040226
136348,0,0.03304018
136349,0,0.03304026
136350,0,0.03304026
136351,0,0.03304026
136352,0,0.03304026
136353,0,0.033040233
136354,0,0.033040196
136355,0,0.033040196
136356,0,0.033040196
136357,0,0.033040196
136358,0,0.033040196
136359,0,0.033040196
136360,0,0.033040196
136361,0,0.03304017
136362,0,0.03304017
136363,0,0.03304017
136364,0,0.033040173
136365,0,0.033040173
136366,0,0.033040166
136367,0,0.033040166
136368,0,0.03304017
136369,0,0.03304017
136370,0,0.033040166
136371,0,0.033040237
136372,0,0.033040237
136373,0,0.033040237
136374,0,0.033040226
136375,0,0.033040226
136376,0,0.033040218
136377,0,0.033040214
136378,0,0.03304017
136379,0,0.03304017
136380,0,0.033040173
136381,0,0.03304017
136382,0,0.03304017
136383,0,0.03304017
136384,0,0.03304017
136385,0,0.03304017
136386,0,0.03304017
136387,0,0.03304017
136388,0,0.033040185
136389,0,0.033040233
136390,0,0.033040214
136391,0,0.033040453
136392,0,0.033040456
136393,0,0.033040434
136394,0,0.03304038
136395,0,0.033040203
136396,0,0.033040203
136397,0,0.033040214
136398,0,0.033040214
136399,0,0.033040214
136400,0,0.03304017
136401,0,0.03304017
136402,0,0.03304017
136403,0,0.03304017
136404,0,0.03304017
136405,0,0.033040155
136406,0,0.033040166
136407,0,0.03304016
136408,0,0.03304017
136409,0,0.033040166
136410,0,0.03304018
136411,0,0.03304018
136412,0,0.03304018
136413,0,0.03304018
136414,0,0.03304018
136415,0,0.03304018
136416,0,0.033040162
136417,0,0.033040166
136418,0,0.03304045
136419,0,0.033040166
136420,0,0.033040162
136421,0,0.033040464
136422,0,0.03304016
136423,0,0.03304016
136424,0,0.03304016
136425,0,0.03304016
136426,0,0.033040207
136427,0,0.03304022
136428,0,0.03304022
136429,0,0.03304022
136430,0,0.03304022
136431,0,0.033040162
136432,0,0.033040155
136433,0,0.033040155
136434,0,0.03304016
136435,0,0.033040162
136436,0,0.03304016
136437,0,0.03304016
136438,0,0.033040166
136439,0,0.03304016
136440,0,0.033040155
136441,0,0.03304023
136442,0,0.03304023
136443,0,0.03304023
136444,0,0.033040237
136445,0,0.033040237
136446,0,0.033040237
136447,0,0.03304023
136448,0,0.033040166
136449,0,0.033040166
136450,0,0.033040166
136451,0,0.03304017
136452,0,0.03304017
136453,0,0.03304016
136454,0,0.033040162
136455,0,0.033040162
136456,0,0.03304016
136457,0,0.033040155
136458,0,0.03304015
136459,0,0.03304015
136460,0,0.033040155
136461,0,0.033040155
136462,0,0.03304015
136463,0,0.033040166
136464,0,0.033040218
136465,0,0.03304019
136466,0,0.03304019
136467,0,0.03304019
136468,0,0.033040166
136469,0,0.033040162
136470,0,0.033040162
136471,0,0.033040162
136472,0,0.033040162
136473,0,0.033040162
136474,0,0.033040162
136475,0,0.033040155
136476,0,0.033040155
136477,0,0.03304016
136478,0,0.03304019
136479,0,0.03304019
136480,0,0.03304019
136481,0,0.033040203
136482,0,0.033040207
136483,0,0.033040248
136484,0,0.033040248
136485,0,0.033040248
136486,0,0.033040203
136487,0,0.033040203
136488,0,0.033040203
136489,0,0.033040203
136490,0,0.033040203
136491,0,0.033040185
136492,0,0.033040177
136493,0,0.033040177
136494,0,0.033040177
136495,0,0.033040177
136496,0,0.033040177
136497,0,0.033040177
136498,0,0.033040177
136499,0,0.033040177
136500,0,0.033040177
136501,0,0.033040173
136502,0,0.033040244
136503,0,0.033040244
136504,0,0.033040244
136505,0,0.03304023
136506,0,0.033040196
136507,0,0.033040196
136508,0,0.033040196
136509,0,0.033040196
136510,0,0.0330402
136511,0,0.0330402
136512,0,0.033040177
136513,0,0.03304015
136514,0,0.033040166
136515,0,0.03304015
136516,0,0.033040155
136517,0,0.033040147
136518,0,0.03304015
136519,0,0.033040155
136520,0,0.033040155
136521,0,0.03304015
136522,0,0.033040155
136523,0,0.03304016
136524,0,0.033040147
136525,0,0.033040155
136526,0,0.033040173
136527,0,0.033040173
136528,0,0.033040173
136529,0,0.033040173
136530,0,0.033040173
136531,0,0.033040173
136532,0,0.033040173
136533,0,0.03304019
136534,0,0.03304019
136535,0,0.033040192
136536,0,0.033040192
136537,0,0.033040207
136538,0,0.0330402
136539,0,0.0330402
136540,0,0.033040196
136541,0,0.033040196
136542,0,0.033040196
136543,0,0.033040196
136544,0,0.033040196
136545,0,0.033040196
136546,0,0.033040196
136547,0,0.033040196
136548,0,0.033040196
136549,0,0.03304017
136550,0,0.03304017
136551,0,0.033040166
136552,0,0.033040166
136553,0,0.03304017
136554,0,0.03304016
136555,0,0.03304015
136556,0,0.03304015
136557,0,0.03304015
136558,0,0.033040155
136559,0,0.033040155
136560,0,0.033040166
136561,0,0.033040166
136562,0,0.03304016
136563,0,0.033040162
136564,0,0.033040162
136565,0,0.03304015
136566,0,0.033040155
136567,0,0.033040162
136568,0,0.033040147
136569,0,0.03304016
136570,0,0.03304015
136571,0,0.033040177
136572,0,0.03304015
136573,0,0.03304015
136574,0,0.033040166
136575,0,0.033040177
136576,0,0.033040177
136577,0,0.033040177
136578,0,0.033040177
136579,0,0.033040177
136580,0,0.03304019
136581,0,0.03304019
136582,0,0.033040248
136583,0,0.033040237
136584,0,0.033040237
136585,0,0.033040237
136586,0,0.033040155
136587,0,0.033040155
136588,0,0.033040162
136589,0,0.033040166
136590,0,0.03304016
136591,0,0.033040162
136592,0,0.033040162
136593,0,0.03304015
136594,0,0.033040173
136595,0,0.033040147
136596,0,0.03304015
136597,0,0.033040155
136598,0,0.033040173
136599,0,0.03304016
136600,0,0.03304015
136601,0,0.03304016
136602,0,0.033040162
136603,0,0.03304015
136604,0,0.033040155
136605,0,0.03304015
136606,0,0.03304016
136607,0,0.03304016
136608,0,0.03304015
136609,0,0.03304016
136610,0,0.03304016
136611,0,0.03304016
136612,0,0.03304016
136613,0,0.03304016
136614,0,0.033040155
136615,0,0.033040155
136616,0,0.033040166
136617,0,0.033040162
136618,0,0.033040166
136619,0,0.033040162
136620,0,0.03304016
136621,0,0.03304016
136622,0,0.03304016
136623,0,0.033040162
136624,0,0.033040162
136625,0,0.033040162
136626,0,0.033040162
136627,0,0.033040162
136628,0,0.033040162
136629,0,0.033040162
136630,0,0.033040155
136631,0,0.033040147
136632,0,0.033040155
136633,0,0.03304016
136634,0,0.033040162
136635,0,0.033040162
136636,0,0.033040166
136637,0,0.033040162
136638,0,0.033040162
136639,0,0.033040162
136640,0,0.033040162
136641,0,0.033040166
136642,0,0.033040155
136643,0,0.033040162
136644,0,0.03304015
136645,0,0.03304016
136646,0,0.03304016
136647,0,0.033040166
136648,0,0.033040162
136649,0,0.03304016
136650,0,0.033040147
136651,0,0.03304015
136652,0,0.03304016
136653,0,0.03304016
136654,0,0.033040162
136655,0,0.03304017
136656,0,0.03304016
136657,0,0.033040162
136658,0,0.033040155
136659,0,0.033040147
136660,0,0.033040144
136661,0,0.033040147
136662,0,0.033040147
136663,0,0.03304016
136664,0,0.03304016
136665,0,0.03304016
136666,0,0.033040162
136667,0,0.033040147
136668,0,0.033040147
136669,0,0.03304015
136670,0,0.033040155
136671,0,0.03304015
136672,0,0.033040162
136673,0,0.03304016
136674,0,0.03304017
136675,0,0.033040155
136676,0,0.03304015
136677,0,0.033040166
136678,0,0.033040166
136679,0,0.033040162
136680,0,0.033040166
136681,0,0.033040162
136682,0,0.033040162
136683,0,0.033040166
136684,0,0.033040173
136685,0,0.03304015
136686,0,0.033040155
136687,0,0.033040166
136688,0,0.03304016
136689,0,0.03304015
136690,0,0.033040155
136691,0,0.033040162
136692,0,0.03304016
136693,0,0.033040166
136694,0,0.033040166
136695,0,0.033040173
136696,0,0.03304017
136697,0,0.03304016
136698,0,0.03304016
136699,0,0.03304016
136700,0,0.03304016
136701,0,0.033040162
136702,0,0.033040162
136703,0,0.033040155
136704,0,0.03304016
136705,0,0.033040155
136706,0,0.033040196
136707,0,0.03304018
136708,0,0.03304017
136709,0,0.03304016
136710,0,0.033040166
136711,0,0.03304016
136712,0,0.033040162
136713,0,0.033040162
136714,0,0.033040173
136715,0,0.03304015
136716,0,0.03304016
136717,0,0.03304015
136718,0,0.033040166
136719,0,0.033040166
136720,0,0.03304015
136721,0,0.03304015
136722,0,0.03304016
136723,0,0.03304016
136724,0,0.033040162
136725,0,0.03304016
136726,0,0.033040162
136727,0,0.033040147
136728,0,0.033040166
136729,0,0.03304015
136730,0,0.033040166
136731,0,0.033040166
136732,0,0.03304015
136733,0,0.03304015
136734,0,0.033040147
136735,0,0.033040155
136736,0,0.033040162
136737,0,0.03304015
136738,0,0.033040147
136739,0,0.033040155
136740,0,0.03304016
136741,0,0.03304015
136742,0,0.03304016
136743,0,0.033040147
136744,0,0.03304015
136745,0,0.033040155
136746,0,0.033040155
136747,0,0.03304017
136748,0,0.033040166
136749,0,0.033040162
136750,0,0.03304016
136751,0,0.033040155
136752,0,0.033040155
136753,0,0.033040166
136754,0,0.033040155
136755,0,0.033040166
136756,0,0.033040155
136757,0,0.03304016
136758,0,0.033040166
136759,0,0.033040155
136760,0,0.03304016
136761,0,0.033040162
136762,0,0.033040173
136763,0,0.033040155
136764,0,0.033040155
136765,0,0.033040155
136766,0,0.033040155
136767,0,0.033040155
136768,0,0.03304016
136769,0,0.033040162
136770,0,0.03304016
136771,0,0.033040166
136772,0,0.033040162
136773,0,0.033040166
136774,0,0.033040162
136775,0,0.033040166
136776,0,0.033040173
136777,0,0.033040173
136778,0,0.033040192
136779,0,0.033040185
136780,0,0.033040185
136781,0,0.03304018
136782,0,0.03304018
136783,0,0.03304018
136784,0,0.03304018
136785,0,0.03304018
136786,0,0.03304018
136787,0,0.03304018
136788,0,0.03304017
136789,0,0.03304017
136790,0,0.03304017
136791,0,0.033040177
136792,0,0.03304017
136793,0,0.033040162
136794,0,0.033040162
136795,0,0.033040162
136796,0,0.033040162
136797,0,0.033040162
136798,0,0.03304016
136799,0,0.03304016
136800,0,0.03304016
136801,0,0.033040147
136802,0,0.03304015
136803,0,0.03304018
136804,0,0.033040196
136805,0,0.033040196
136806,0,0.033040185
136807,0,0.033040185
136808,0,0.03304016
136809,0,0.03304017
136810,0,0.033040162
136811,0,0.033040162
136812,0,0.03304015
136813,0,0.03304015
136814,0,0.033040166
136815,0,0.033040173
136816,0,0.033040147
136817,0,0.03304016
136818,0,0.033040147
136819,0,0.03304016
136820,0,0.033040162
136821,0,0.03304015
136822,0,0.03304016
136823,0,0.033040147
136824,0,0.033040173
136825,0,0.03304015
136826,0,0.03304015
136827,0,0.033040147
136828,0,0.03304015
136829,0,0.03304015
136830,0,0.033040162
136831,0,0.033040155
136832,0,0.033040147
136833,0,0.033040155
136834,0,0.033040147
136835,0,0.033040162
136836,0,0.033040162
136837,0,0.033040162
136838,0,0.033040162
136839,0,0.033040166
136840,0,0.033040166
136841,0,0.033040166
136842,0,0.033040166
136843,0,0.033040166
136844,0,0.03304016
136845,0,0.03304016
136846,0,0.033040162
136847,0,0.03304016
136848,0,0.03304016
136849,0,0.03304016
136850,0,0.03304015
136851,0,0.03304015
136852,0,0.033040147
136853,0,0.033040155
136854,0,0.03304016
136855,0,0.03304016
136856,0,0.033040162
136857,0,0.033040155
136858,0,0.033040166
136859,0,0.03304016
136860,0,0.03304018
136861,0,0.03304018
136862,0,0.03304018
136863,0,0.03304018
136864,0,0.03304018
136865,0,0.03304018
136866,0,0.03304018
136867,0,0.033040166
136868,0,0.03304016
136869,0,0.03304016
136870,0,0.03304016
136871,0,0.03304016
136872,0,0.03304016
136873,0,0.033040453
136874,0,0.03304026
136875,0,0.03304026
136876,0,0.03304026
136877,0,0.03304026
136878,0,0.03304026
136879,0,0.03304026
136880,0,0.03304022
136881,0,0.03304022
136882,0,0.03304022
136883,0,0.03304023
136884,0,0.033040233
136885,0,0.033040233
136886,0,0.033040233
136887,0,0.033040237
136888,0,0.033040237
136889,0,0.033040237
136890,0,0.03304029
136891,0,0.03304028
136892,0,0.03304027
136893,0,0.03304027
136894,0,0.03304027
136895,0,0.03304027
136896,0,0.03304027
136897,0,0.03304027
136898,0,0.03304027
136899,0,0.033040263
136900,0,0.033040263
136901,0,0.033040315
136902,0,0.03304033
136903,0,0.03304033
136904,0,0.03304036
136905,0,0.033040352
136906,0,0.033040274
136907,0,0.033040274
136908,0,0.033040274
136909,0,0.033040274
136910,0,0.03304026
136911,0,0.033040255
136912,0,0.0330402
136913,0,0.03304017
136914,0,0.03304017
136915,0,0.03304017
136916,0,0.03304017
136917,0,0.03304017
136918,0,0.03304017
136919,0,0.03304017
136920,0,0.03304017
136921,0,0.03304017
136922,0,0.033040237
136923,0,0.033040237
136924,0,0.033040237
136925,0,0.033040237
136926,0,0.033040237
136927,0,0.033040237
136928,0,0.033040237
136929,0,0.033040237
136930,0,0.033040237
136931,0,0.033040237
136932,0,0.033040237
136933,0,0.033040237
136934,0,0.033040274
136935,0,0.033040266
136936,0,0.033040356
136937,0,0.033040356
136938,0,0.033040166
136939,0,0.033040162
136940,0,0.033040162
136941,0,0.033040162
136942,0,0.033040162
136943,0,0.033040162
136944,0,0.033040162
136945,0,0.033040166
136946,0,0.033040162
136947,0,0.03304016
136948,0,0.033040162
136949,0,0.033040162
136950,0,0.033040173
136951,0,0.033040173
136952,0,0.03304018
136953,0,0.033040166
136954,0,0.033040166
136955,0,0.033040166
136956,0,0.03304028
136957,0,0.03304028
136958,0,0.033040177
136959,0,0.033040177
136960,0,0.033040177
136961,0,0.033040173
136962,0,0.033040177
136963,0,0.033040177
136964,0,0.033040177
136965,0,0.033040177
136966,0,0.033040177
136967,0,0.033040177
136968,0,0.033040207
136969,0,0.033040218
136970,0,0.033040218
136971,0,0.033040218
136972,0,0.033040233
136973,0,0.033040233
136974,0,0.03304021
136975,0,0.03304021
136976,0,0.03304021
136977,0,0.03304021
136978,0,0.03304021
136979,0,0.03304021
136980,0,0.03304021
136981,0,0.033040214
136982,0,0.033040214
136983,0,0.033040214
136984,0,0.033040237
136985,0,0.033040233
136986,0,0.033040196
136987,0,0.033040196
136988,0,0.033040196
136989,0,0.033040203
136990,0,0.033040196
136991,0,0.033040196
136992,0,0.033040196
136993,0,0.033040196
136994,0,0.033040196
136995,0,0.033040196
136996,0,0.03304021
136997,0,0.03304021
136998,0,0.03304021
136999,0,0.03304021
137000,0,0.033040166
137001,0,0.033040173
137002,0,0.033040166
137003,0,0.033040166
137004,0,0.033040166
137005,0,0.033040166
137006,0,0.033040166
137007,0,0.033040166
137008,0,0.033040166
137009,0,0.033040166
137010,0,0.0330402
137011,0,0.0330402
137012,0,0.033040162
137013,0,0.03304017
137014,0,0.03304017
137015,0,0.03304017
137016,0,0.033040166
137017,0,0.033040162
137018,0,0.033040162
137019,0,0.033040162
137020,0,0.03304016
137021,0,0.03304016
137022,0,0.03304016
137023,0,0.033040162
137024,0,0.033040162
137025,0,0.033040162
137026,0,0.033040162
137027,0,0.033040162
137028,0,0.033040162
137029,0,0.033040162
137030,0,0.033040162
137031,0,0.033040162
137032,0,0.03304021
137033,0,0.03304022
137034,0,0.03304023
137035,0,0.033040218
137036,0,0.033040218
137037,0,0.033040505
137038,0,0.033040464
137039,0,0.033040367
137040,0,0.033040185
137041,0,0.033040185
137042,0,0.033040185
137043,0,0.033040185
137044,0,0.033040185
137045,0,0.03304019
137046,0,0.03304019
137047,0,0.03304019
137048,0,0.033040177
137049,0,0.033040177
137050,0,0.033040177
137051,0,0.033040177
137052,0,0.033040155
137053,0,0.033040155
137054,0,0.033040155
137055,0,0.033040155
137056,0,0.033040155
137057,0,0.033040155
137058,0,0.033040185
137059,0,0.033040185
137060,0,0.033040185
137061,0,0.033040185
137062,0,0.033040248
137063,0,0.033040248
137064,0,0.03304026
137065,0,0.03304026
137066,0,0.03304026
137067,0,0.033040255
137068,0,0.03304026
137069,0,0.03304026
137070,0,0.03304026
137071,0,0.03304026
137072,0,0.03304029
137073,0,0.03304021
137074,0,0.03304021
137075,0,0.0330402
137076,0,0.0330402
137077,0,0.0330402
137078,0,0.0330402
137079,0,0.03304019
137080,0,0.03304019
137081,0,0.03304019
137082,0,0.033040177
137083,0,0.033040177
137084,0,0.033040177
137085,0,0.033040177
137086,0,0.033040177
137087,0,0.033040177
137088,0,0.033040177
137089,0,0.033040177
137090,0,0.033040177
137091,0,0.033040177
137092,0,0.033040248
137093,0,0.033040263
137094,0,0.033040263
137095,0,0.03304025
137096,0,0.03304025
137097,0,0.03304025
137098,0,0.03304025
137099,0,0.03304025
137100,0,0.033040248
137101,0,0.033040255
137102,0,0.033040214
137103,0,0.033040214
137104,0,0.033040214
137105,0,0.033040214
137106,0,0.033040214
137107,0,0.033040214
137108,0,0.033040214
137109,0,0.033040214
137110,0,0.033040214
137111,0,0.03304022
137112,0,0.03304022
137113,0,0.03304022
137114,0,0.03304022
137115,0,0.03304022
137116,0,0.03304022
137117,0,0.033040218
137118,0,0.03304021
137119,0,0.03304021
137120,0,0.033040214
137121,0,0.033040214
137122,0,0.03304021
137123,0,0.03304019
137124,0,0.03304019
137125,0,0.03304019
137126,0,0.03304019
137127,0,0.03304019
137128,0,0.03304019
137129,0,0.03304019
137130,0,0.03304021
137131,0,0.03304021
137132,0,0.03304021
137133,0,0.033040226
137134,0,0.03304018
137135,0,0.03304018
137136,0,0.03304018
137137,0,0.03304018
137138,0,0.03304018
137139,0,0.03304018
137140,0,0.03304018
137141,0,0.03304018
137142,0,0.033040173
137143,0,0.033040173
137144,0,0.03304022
137145,0,0.03304022
137146,0,0.03304022
137147,0,0.03304022
137148,0,0.03304022
137149,0,0.03304021
137150,0,0.03304021
137151,0,0.03304021
137152,0,0.03304021
137153,0,0.03304021
137154,0,0.03304021
137155,0,0.03304021
137156,0,0.03304021
137157,0,0.03304021
137158,0,0.03304021
137159,0,0.0330402
137160,0,0.0330402
137161,0,0.0330402
137162,0,0.033040155
137163,0,0.033040162
137164,0,0.033040166
137165,0,0.033040166
137166,0,0.033040166
137167,0,0.03304016
137168,0,0.03304016
137169,0,0.03304016
137170,0,0.033040155
137171,0,0.033040162
137172,0,0.033040173
137173,0,0.033040173
137174,0,0.033040173
137175,0,0.033040173
137176,0,0.033040218
137177,0,0.03304018
137178,0,0.03304019
137179,0,0.03304019
137180,0,0.03304019
137181,0,0.03304019
137182,0,0.03304016
137183,0,0.033040214
137184,0,0.033040214
137185,0,0.033040162
137186,0,0.033040162
137187,0,0.033040162
137188,0,0.03304017
137189,0,0.033040166
137190,0,0.033040162
137191,0,0.033040162
137192,0,0.033040173
137193,0,0.03304018
137194,0,0.033040162
137195,0,0.03304017
137196,0,0.033040162
137197,0,0.033040166
137198,0,0.03304017
137199,0,0.033040166
137200,0,0.033040147
137201,0,0.03304015
137202,0,0.03304016
137203,0,0.03304016
137204,0,0.03304015
137205,0,0.03304016
137206,0,0.03304017
137207,0,0.03304016
137208,0,0.03304015
137209,0,0.03304016
137210,0,0.033040155
137211,0,0.03304015
137212,0,0.033040166
137213,0,0.03304015
137214,0,0.03304016
137215,0,0.03304016
137216,0,0.033040155
137217,0,0.03304016
137218,0,0.033040162
137219,0,0.033040155
137220,0,0.033040166
137221,0,0.033040162
137222,0,0.033040166
137223,0,0.033040162
137224,0,0.03304017
137225,0,0.033040155
137226,0,0.03304017
137227,0,0.03304016
137228,0,0.033040177
137229,0,0.033040155
137230,0,0.03304016
137231,0,0.03304017
137232,0,0.033040192
137233,0,0.033040192
137234,0,0.033040192
137235,0,0.033040192
137236,0,0.033040192
137237,0,0.033040192
137238,0,0.033040166
137239,0,0.033040166
137240,0,0.03304017
137241,0,0.033040155
137242,0,0.033040162
137243,0,0.033040162
137244,0,0.033040162
137245,0,0.03304015
137246,0,0.033040155
137247,0,0.03304015
137248,0,0.03304015
137249,0,0.03304016
137250,0,0.03304015
137251,0,0.03304016
137252,0,0.03304016
137253,0,0.03304016
137254,0,0.03304016
137255,0,0.03304016
137256,0,0.033040218
137257,0,0.033040214
137258,0,0.033040214
137259,0,0.033040237
137260,0,0.033040237
137261,0,0.033040214
137262,0,0.03304022
137263,0,0.033040155
137264,0,0.033040155
137265,0,0.03304016
137266,0,0.03304016
137267,0,0.03304016
137268,0,0.03304016
137269,0,0.033040147
137270,0,0.033040144
137271,0,0.033040147
137272,0,0.03304015
137273,0,0.033040166
137274,0,0.033040166
137275,0,0.033040166
137276,0,0.033040173
137277,0,0.033040173
137278,0,0.033040177
137279,0,0.03304018
137280,0,0.03304018
137281,0,0.03304018
137282,0,0.03304018
137283,0,0.03304018
137284,0,0.03304018
137285,0,0.033040177
137286,0,0.033040155
137287,0,0.033040147
137288,0,0.03304015
137289,0,0.03304015
137290,0,0.033040155
137291,0,0.03304016
137292,0,0.033040162
137293,0,0.03304016
137294,0,0.033040155
137295,0,0.03304015
137296,0,0.033040166
137297,0,0.033040166
137298,0,0.033040166
137299,0,0.033040166
137300,0,0.033040166
137301,0,0.033040166
137302,0,0.033040166
137303,0,0.033040166
137304,0,0.033040192
137305,0,0.033040162
137306,0,0.033040162
137307,0,0.033040162
137308,0,0.03304016
137309,0,0.03304016
137310,0,0.03304016
137311,0,0.03304017
137312,0,0.03304017
137313,0,0.03304017
137314,0,0.03304017
137315,0,0.03304019
137316,0,0.03304019
137317,0,0.03304019
137318,0,0.033040177
137319,0,0.033040173
137320,0,0.033040173
137321,0,0.033040166
137322,0,0.033040162
137323,0,0.033040162
137324,0,0.033040162
137325,0,0.033040162
137326,0,0.033040155
137327,0,0.033040166
137328,0,0.033040162
137329,0,0.033040166
137330,0,0.033040166
137331,0,0.03304016
137332,0,0.03304016
137333,0,0.033040166
137334,0,0.033040166
137335,0,0.033040237
137336,0,0.0330402
137337,0,0.0330402
137338,0,0.0330402
137339,0,0.033040185
137340,0,0.033040185
137341,0,0.03304017
137342,0,0.033040166
137343,0,0.03304017
137344,0,0.03304017
137345,0,0.033040166
137346,0,0.033040166
137347,0,0.033040166
137348,0,0.03304015
137349,0,0.03304016
137350,0,0.033040162
137351,0,0.033040162
137352,0,0.033040162
137353,0,0.033040166
137354,0,0.03304016
137355,0,0.033040166
137356,0,0.033040166
137357,0,0.033040155
137358,0,0.033040155
137359,0,0.03304018
137360,0,0.033040155
137361,0,0.033040162
137362,0,0.033040162
137363,0,0.03304017
137364,0,0.033040155
137365,0,0.033040155
137366,0,0.03304016
137367,0,0.033040196
137368,0,0.033040177
137369,0,0.033040177
137370,0,0.033040177
137371,0,0.03304019
137372,0,0.03304019
137373,0,0.03304018
137374,0,0.03304018
137375,0,0.03304018
137376,0,0.033040173
137377,0,0.033040162
137378,0,0.033040166
137379,0,0.033040166
137380,0,0.033040166
137381,0,0.033040177
137382,0,0.033040166
137383,0,0.033040166
137384,0,0.03304017
137385,0,0.033040162
137386,0,0.03304016
137387,0,0.03304016
137388,0,0.03304016
137389,0,0.033040162
137390,0,0.033040162
137391,0,0.033040162
137392,0,0.033040162
137393,0,0.033040166
137394,0,0.03304016
137395,0,0.033040166
137396,0,0.03304017
137397,0,0.03304015
137398,0,0.033040155
137399,0,0.03304015
137400,0,0.03304015
137401,0,0.03304016
137402,0,0.03304016
137403,0,0.03304017
137404,0,0.03304016
137405,0,0.03304018
137406,0,0.03304015
137407,0,0.03304015
137408,0,0.033040147
137409,0,0.033040136
137410,0,0.033040144
137411,0,0.033040136
137412,0,0.03304015
137413,0,0.033040147
137414,0,0.03304015
137415,0,0.03304016
137416,0,0.03304016
137417,0,0.033040162
137418,0,0.03304017
137419,0,0.033040155
137420,0,0.03304016
137421,0,0.033040177
137422,0,0.03304019
137423,0,0.033040162
137424,0,0.033040177
137425,0,0.033040177
137426,0,0.033040177
137427,0,0.033040177
137428,0,0.033040177
137429,0,0.033040177
137430,0,0.033040177
137431,0,0.03304019
137432,0,0.03304018
137433,0,0.033040173
137434,0,0.033040177
137435,0,0.03304016
137436,0,0.03304015
137437,0,0.03304016
137438,0,0.03304016
137439,0,0.033040162
137440,0,0.03304016
137441,0,0.03304016
137442,0,0.03304016
137443,0,0.03304015
137444,0,0.033040147
137445,0,0.033040155
137446,0,0.03304016
137447,0,0.033040162
137448,0,0.03304016
137449,0,0.03304016
137450,0,0.033040155
137451,0,0.03304017
137452,0,0.033040155
137453,0,0.033040155
137454,0,0.033040155
137455,0,0.03304019
137456,0,0.033040155
137457,0,0.033040166
137458,0,0.033040166
137459,0,0.033040155
137460,0,0.033040155
137461,0,0.03304015
137462,0,0.033040155
137463,0,0.033040155
137464,0,0.033040155
137465,0,0.03304015
137466,0,0.03304016
137467,0,0.03304016
137468,0,0.033040155
137469,0,0.033040173
137470,0,0.033040166
137471,0,0.033040162
137472,0,0.033040166
137473,0,0.03304016
137474,0,0.03304015
137475,0,0.033040155
137476,0,0.033040162
137477,0,0.033040162
137478,0,0.033040155
137479,0,0.03304016
137480,0,0.03304017
137481,0,0.03304017
137482,0,0.033040162
137483,0,0.033040155
137484,0,0.03304019
137485,0,0.033040155
137486,0,0.03304016
137487,0,0.033040155
137488,0,0.03304016
137489,0,0.033040155
137490,0,0.033040155
137491,0,0.03304016
137492,0,0.033040155
137493,0,0.033040155
137494,0,0.03304018
137495,0,0.03304015
137496,0,0.03304016
137497,0,0.033040177
137498,0,0.033040155
137499,0,0.03304016
137500,0,0.03304016
137501,0,0.03304016
137502,0,0.033040162
137503,0,0.033040166
137504,0,0.033040166
137505,0,0.033040162
137506,0,0.033040162
137507,0,0.03304017
137508,0,0.03304017
137509,0,0.033040166
137510,0,0.033040173
137511,0,0.033040173
137512,0,0.033040173
137513,0,0.033040155
137514,0,0.033040162
137515,0,0.033040162
137516,0,0.03304016
137517,0,0.033040166
137518,0,0.033040162
137519,0,0.033040173
137520,0,0.033040162
137521,0,0.033040162
137522,0,0.033040162
137523,0,0.033040173
137524,0,0.033040177
137525,0,0.03304017
137526,0,0.033040173
137527,0,0.03304017
137528,0,0.03304017
137529,0,0.033040166
137530,0,0.033040177
137531,0,0.033040162
137532,0,0.033040162
137533,0,0.033040162
137534,0,0.033040166
137535,0,0.033040155
137536,0,0.033040155
137537,0,0.033040155
137538,0,0.03304015
137539,0,0.033040162
137540,0,0.033040155
137541,0,0.033040147
137542,0,0.033040155
137543,0,0.033040155
137544,0,0.03304016
137545,0,0.033040162
137546,0,0.033040162
137547,0,0.033040162
137548,0,0.033040166
137549,0,0.033040166
137550,0,0.033040177
137551,0,0.033040177
137552,0,0.033040177
137553,0,0.033040162
137554,0,0.03304017
137555,0,0.033040166
137556,0,0.033040147
137557,0,0.03304016
137558,0,0.03304015
137559,0,0.03304015
137560,0,0.03304015
137561,0,0.033040162
137562,0,0.033040162
137563,0,0.03304016
137564,0,0.033040162
137565,0,0.033040166
137566,0,0.033040162
137567,0,0.033040166
137568,0,0.03304017
137569,0,0.03304017
137570,0,0.033040162
137571,0,0.03304016
137572,0,0.03304016
137573,0,0.033040162
137574,0,0.03304016
137575,0,0.033040166
137576,0,0.033040166
137577,0,0.033040166
137578,0,0.033040166
137579,0,0.033040162
137580,0,0.03304016
137581,0,0.033040155
137582,0,0.03304016
137583,0,0.033040155
137584,0,0.033040155
137585,0,0.033040155
137586,0,0.03304015
137587,0,0.03304016
137588,0,0.03304016
137589,0,0.03304016
137590,0,0.03304016
137591,0,0.03304015
137592,0,0.03304016
137593,0,0.03304016
137594,0,0.033040162
137595,0,0.03304015
137596,0,0.033040155
137597,0,0.03304015
137598,0,0.03304015
137599,0,0.03304015
137600,0,0.03304015
137601,0,0.03304015
137602,0,0.03304016
137603,0,0.03304015
137604,0,0.03304016
137605,0,0.033040166
137606,0,0.033040162
137607,0,0.03304015
137608,0,0.03304016
137609,0,0.03304016
137610,0,0.033040147
137611,0,0.033040155
137612,0,0.03304016
137613,0,0.03304016
137614,0,0.033040155
137615,0,0.033040155
137616,0,0.03304016
137617,0,0.033040162
137618,0,0.033040166
137619,0,0.033040166
137620,0,0.033040155
137621,0,0.033040166
137622,0,0.033040162
137623,0,0.033040162
137624,0,0.033040166
137625,0,0.03304016
137626,0,0.033040162
137627,0,0.033040155
137628,0,0.033040155
137629,0,0.03304016
137630,0,0.03304015
137631,0,0.033040155
137632,0,0.033040162
137633,0,0.033040166
137634,0,0.033040162
137635,0,0.03304016
137636,0,0.033040155
137637,0,0.03304016
137638,0,0.03304015
137639,0,0.03304015
137640,0,0.033040147
137641,0,0.033040147
137642,0,0.033040147
137643,0,0.033040147
137644,0,0.03304016
137645,0,0.03304015
137646,0,0.033040155
137647,0,0.03304016
137648,0,0.03304016
137649,0,0.033040162
137650,0,0.03304015
137651,0,0.03304016
137652,0,0.033040155
137653,0,0.033040162
137654,0,0.033040162
137655,0,0.033040155
137656,0,0.03304016
137657,0,0.03304016
137658,0,0.033040162
137659,0,0.03304017
137660,0,0.03304016
137661,0,0.03304016
137662,0,0.033040162
137663,0,0.033040166
137664,0,0.033040166
137665,0,0.033040162
137666,0,0.03304016
137667,0,0.03304016
137668,0,0.033040155
137669,0,0.033040155
137670,0,0.03304016
137671,0,0.033040166
137672,0,0.03304016
137673,0,0.033040162
137674,0,0.03304016
137675,0,0.03304016
137676,0,0.033040155
137677,0,0.033040162
137678,0,0.03304016
137679,0,0.033040155
137680,0,0.03304016
137681,0,0.033040166
137682,0,0.03304016
137683,0,0.033040166
137684,0,0.033040166
137685,0,0.033040166
137686,0,0.033040162
137687,0,0.03304016
137688,0,0.033040166
137689,0,0.03304015
137690,0,0.033040155
137691,0,0.033040155
137692,0,0.03304015
137693,0,0.033040147
137694,0,0.033040155
137695,0,0.03304015
137696,0,0.03304016
137697,0,0.03304016
137698,0,0.033040166
137699,0,0.033040162
137700,0,0.033040162
137701,0,0.03304015
137702,0,0.033040166
137703,0,0.033040155
137704,0,0.03304015
137705,0,0.03304015
137706,0,0.03304015
137707,0,0.033040155
137708,0,0.033040155
137709,0,0.03304015
137710,0,0.033040155
137711,0,0.03304015
137712,0,0.033040162
137713,0,0.03304015
137714,0,0.033040162
137715,0,0.033040166
137716,0,0.033040162
137717,0,0.03304017
137718,0,0.033040166
137719,0,0.033040162
137720,0,0.03304015
137721,0,0.03304015
137722,0,0.033040155
137723,0,0.03304015
137724,0,0.033040162
137725,0,0.03304015
137726,0,0.033040147
137727,0,0.033040162
137728,0,0.03304016
137729,0,0.03304015
137730,0,0.033040147
137731,0,0.03304015
137732,0,0.033040147
137733,0,0.03304015
137734,0,0.033040155
137735,0,0.033040147
137736,0,0.033040147
137737,0,0.033040144
137738,0,0.03304016
137739,0,0.033040166
137740,0,0.033040155
137741,0,0.033040147
137742,0,0.033040144
137743,0,0.03304015
137744,0,0.033040144
137745,0,0.03304016
137746,0,0.033040155
137747,0,0.03304015
137748,0,0.03304015
137749,0,0.03304015
137750,0,0.03304015
137751,0,0.03304016
137752,0,0.03304015
137753,0,0.03304015
137754,0,0.03304015
137755,0,0.03304015
137756,0,0.03304015
137757,0,0.03304015
137758,0,0.03304016
137759,0,0.033040155
137760,0,0.033040155
137761,0,0.03304016
137762,0,0.03304015
137763,0,0.033040147
137764,0,0.033040155
137765,0,0.033040147
137766,0,0.033040147
137767,0,0.033040155
137768,0,0.03304016
137769,0,0.03304016
137770,0,0.03304015
137771,0,0.03304016
137772,0,0.033040155
137773,0,0.033040155
137774,0,0.03304015
137775,0,0.03304015
137776,0,0.033040144
137777,0,0.033040147
137778,0,0.033040147
137779,0,0.033040147
137780,0,0.03304015
137781,0,0.033040155
137782,0,0.03304016
137783,0,0.033040155
137784,0,0.03304016
137785,0,0.03304016
137786,0,0.03304016
137787,0,0.03304016
137788,0,0.033040147
137789,0,0.033040162
137790,0,0.033040166
137791,0,0.03304016
137792,0,0.033040147
137793,0,0.03304016
137794,0,0.03304015
137795,0,0.03304015
137796,0,0.033040155
137797,0,0.03304015
137798,0,0.033040162
137799,0,0.03304015
137800,0,0.033040162
137801,0,0.03304017
137802,0,0.03304017
137803,0,0.033040162
137804,0,0.03304017
137805,0,0.03304016
137806,0,0.03304017
137807,0,0.033040162
137808,0,0.03304016
137809,0,0.033040162
137810,0,0.03304016
137811,0,0.033040155
137812,0,0.03304016
137813,0,0.033040155
137814,0,0.03304016
137815,0,0.03304016
137816,0,0.033040166
137817,0,0.033040155
137818,0,0.03304016
137819,0,0.03304015
137820,0,0.03304015
137821,0,0.033040147
137822,0,0.033040147
137823,0,0.033040155
137824,0,0.03304015
137825,0,0.033040155
137826,0,0.03304016
137827,0,0.033040162
137828,0,0.033040155
137829,0,0.033040155
137830,0,0.03304015
137831,0,0.033040162
137832,0,0.03304015
137833,0,0.033040162
137834,0,0.033040162
137835,0,0.03304016
137836,0,0.03304016
137837,0,0.033040147
137838,0,0.033040162
137839,0,0.033040155
137840,0,0.033040166
137841,0,0.033040162
137842,0,0.03304016
137843,0,0.033040162
137844,0,0.033040155
137845,0,0.033040162
137846,0,0.033040162
137847,0,0.033040162
137848,0,0.033040162
137849,0,0.03304017
137850,0,0.03304017
137851,0,0.033040166
137852,0,0.03304017
137853,0,0.033040166
137854,0,0.033040155
137855,0,0.03304016
137856,0,0.03304015
137857,0,0.03304016
137858,0,0.03304015
137859,0,0.033040162
137860,0,0.03304016
137861,0,0.033040162
137862,0,0.033040166
137863,0,0.03304016
137864,0,0.03304015
137865,0,0.03304016
137866,0,0.03304015
137867,0,0.033040166
137868,0,0.033040162
137869,0,0.033040166
137870,0,0.03304017
137871,0,0.033040166
137872,0,0.03304016
137873,0,0.033040166
137874,0,0.03304016
137875,0,0.033040173
137876,0,0.033040166
137877,0,0.033040166
137878,0,0.033040162
137879,0,0.033040162
137880,0,0.03304016
137881,0,0.033040155
137882,0,0.03304016
137883,0,0.03304015
137884,0,0.033040162
137885,0,0.03304016
137886,0,0.033040162
137887,0,0.033040155
137888,0,0.03304017
137889,0,0.03304017
137890,0,0.033040162
137891,0,0.033040166
137892,0,0.033040162
137893,0,0.03304016
137894,0,0.03304016
137895,0,0.033040155
137896,0,0.033040155
137897,0,0.033040155
137898,0,0.033040173
137899,0,0.033040173
137900,0,0.033040166
137901,0,0.033040162
137902,0,0.033040177
137903,0,0.03304016
137904,0,0.03304016
137905,0,0.033040166
137906,0,0.033040162
137907,0,0.033040173
137908,0,0.033040162
137909,0,0.033040166
137910,0,0.033040162
137911,0,0.033040162
137912,0,0.033040162
137913,0,0.033040166
137914,0,0.03304017
137915,0,0.033040166
137916,0,0.03304017
137917,0,0.03304016
137918,0,0.033040155
137919,0,0.03304016
137920,0,0.03304015
137921,0,0.033040147
137922,0,0.03304015
137923,0,0.03304015
137924,0,0.033040147
137925,0,0.033040147
137926,0,0.033040147
137927,0,0.033040144
137928,0,0.03304015
137929,0,0.03304016
137930,0,0.033040162
137931,0,0.033040155
137932,0,0.033040166
137933,0,0.033040147
137934,0,0.033040162
137935,0,0.033040147
137936,0,0.03304016
137937,0,0.033040162
137938,0,0.03304016
137939,0,0.033040155
137940,0,0.033040162
137941,0,0.033040162
137942,0,0.033040166
137943,0,0.033040155
137944,0,0.033040162
137945,0,0.033040162
137946,0,0.03304016
137947,0,0.033040162
137948,0,0.033040166
137949,0,0.033040155
137950,0,0.033040155
137951,0,0.03304015
137952,0,0.033040155
137953,0,0.033040162
137954,0,0.033040162
137955,0,0.033040166
137956,0,0.033040166
137957,0,0.03304016
137958,0,0.033040166
137959,0,0.033040155
137960,0,0.033040147
137961,0,0.03304016
137962,0,0.03304015
137963,0,0.033040147
137964,0,0.033040144
137965,0,0.033040155
137966,0,0.033040155
137967,0,0.033040155
137968,0,0.03304016
137969,0,0.033040155
137970,0,0.03304016
137971,0,0.033040147
137972,0,0.033040166
137973,0,0.033040155
137974,0,0.033040162
137975,0,0.033040155
137976,0,0.033040162
137977,0,0.03304016
137978,0,0.033040162
137979,0,0.03304017
137980,0,0.033040166
137981,0,0.03304016
137982,0,0.033040166
137983,0,0.033040177
137984,0,0.03304017
137985,0,0.033040173
137986,0,0.033040166
137987,0,0.033040166
137988,0,0.033040155
137989,0,0.033040162
137990,0,0.03304016
137991,0,0.033040166
137992,0,0.03304017
137993,0,0.033040162
137994,0,0.033040162
137995,0,0.033040162
137996,0,0.033040162
137997,0,0.033040162
137998,0,0.03304017
137999,0,0.033040162
138000,0,0.03304016
138001,0,0.03304017
138002,0,0.03304015
138003,0,0.033040155
138004,0,0.033040155
138005,0,0.03304016
138006,0,0.03304016
138007,0,0.033040162
138008,0,0.033040173
138009,0,0.033040155
138010,0,0.033040166
138011,0,0.03304016
138012,0,0.033040162
138013,0,0.033040162
138014,0,0.03304016
138015,0,0.03304017
138016,0,0.03304016
138017,0,0.03304016
138018,0,0.03304015
138019,0,0.033040147
138020,0,0.03304015
138021,0,0.033040162
138022,0,0.033040155
138023,0,0.033040162
138024,0,0.033040162
138025,0,0.033040162
138026,0,0.033040166
138027,0,0.033040166
138028,0,0.03304015
138029,0,0.03304015
138030,0,0.033040147
138031,0,0.033040144
138032,0,0.033040155
138033,0,0.033040162
138034,0,0.03304016
138035,0,0.033040162
138036,0,0.033040155
138037,0,0.033040147
138038,0,0.033040155
138039,0,0.03304015
138040,0,0.033040147
138041,0,0.03304015
138042,0,0.03304015
138043,0,0.033040155
138044,0,0.03304015
138045,0,0.03304016
138046,0,0.03304016
138047,0,0.03304015
138048,0,0.03304016
138049,0,0.033040155
138050,0,0.033040155
138051,0,0.03304016
138052,0,0.033040155
138053,0,0.033040155
138054,0,0.033040162
138055,0,0.033040166
138056,0,0.033040166
138057,0,0.03304016
138058,0,0.03304017
138059,0,0.033040155
138060,0,0.033040166
138061,0,0.033040177
138062,0,0.033040162
138063,0,0.033040162
138064,0,0.033040162
138065,0,0.033040166
138066,0,0.03304016
138067,0,0.03304017
138068,0,0.033040162
138069,0,0.03304016
138070,0,0.03304016
138071,0,0.033040166
138072,0,0.03304017
138073,0,0.033040166
138074,0,0.03304016
138075,0,0.033040162
138076,0,0.033040155
138077,0,0.033040166
138078,0,0.033040162
138079,0,0.03304016
138080,0,0.033040162
138081,0,0.033040155
138082,0,0.03304017
138083,0,0.033040162
138084,0,0.033040166
138085,0,0.03304016
138086,0,0.03304017
138087,0,0.03304016
138088,0,0.033040166
138089,0,0.033040166
138090,0,0.033040162
138091,0,0.03304015
138092,0,0.03304015
138093,0,0.033040155
138094,0,0.033040155
138095,0,0.033040155
138096,0,0.03304016
138097,0,0.033040162
138098,0,0.03304016
138099,0,0.03304015
138100,0,0.033040166
138101,0,0.033040162
138102,0,0.033040166
138103,0,0.03304017
138104,0,0.033040173
138105,0,0.033040162
138106,0,0.03304016
138107,0,0.033040166
138108,0,0.033040155
138109,0,0.033040166
138110,0,0.033040155
138111,0,0.033040173
138112,0,0.03304016
138113,0,0.033040166
138114,0,0.03304017
138115,0,0.033040166
138116,0,0.033040166
138117,0,0.033040166
138118,0,0.033040166
138119,0,0.03304016
138120,0,0.03304016
138121,0,0.03304015
138122,0,0.03304016
138123,0,0.03304016
138124,0,0.033040162
138125,0,0.033040155
138126,0,0.033040147
138127,0,0.033040155
138128,0,0.03304015
138129,0,0.033040166
138130,0,0.03304016
138131,0,0.03304015
138132,0,0.03304016
138133,0,0.03304016
138134,0,0.03304016
138135,0,0.03304015
138136,0,0.033040155
138137,0,0.033040162
138138,0,0.03304016
138139,0,0.03304016
138140,0,0.033040155
138141,0,0.033040155
138142,0,0.033040155
138143,0,0.033040166
138144,0,0.033040166
138145,0,0.033040162
138146,0,0.033040155
138147,0,0.03304016
138148,0,0.03304016
138149,0,0.03304016
138150,0,0.033040155
138151,0,0.033040162
138152,0,0.033040162
138153,0,0.03304015
138154,0,0.03304015
138155,0,0.033040147
138156,0,0.033040147
138157,0,0.033040144
138158,0,0.033040144
138159,0,0.033040147
138160,0,0.033040155
138161,0,0.033040155
138162,0,0.033040162
138163,0,0.03304016
138164,0,0.033040162
138165,0,0.03304016
138166,0,0.033040147
138167,0,0.033040155
138168,0,0.033040155
138169,0,0.03304015
138170,0,0.033040155
138171,0,0.033040147
138172,0,0.03304016
138173,0,0.03304016
138174,0,0.033040155
138175,0,0.03304015
138176,0,0.03304015
138177,0,0.033040155
138178,0,0.033040162
138179,0,0.033040155
138180,0,0.03304016
138181,0,0.033040155
138182,0,0.033040155
138183,0,0.033040162
138184,0,0.03304016
138185,0,0.03304015
138186,0,0.033040155
138187,0,0.033040155
138188,0,0.03304017
138189,0,0.033040162
138190,0,0.03304017
138191,0,0.03304017
138192,0,0.03304017
138193,0,0.03304016
138194,0,0.033040166
138195,0,0.033040166
138196,0,0.033040166
138197,0,0.033040166
138198,0,0.03304017
138199,0,0.033040162
138200,0,0.033040162
138201,0,0.03304015
138202,0,0.033040155
138203,0,0.033040147
138204,0,0.033040162
138205,0,0.033040155
138206,0,0.033040147
138207,0,0.03304016
138208,0,0.033040147
138209,0,0.033040147
138210,0,0.033040155
138211,0,0.03304015
138212,0,0.033040155
138213,0,0.033040162
138214,0,0.03304017
138215,0,0.033040173
138216,0,0.033040162
138217,0,0.033040162
138218,0,0.03304016
138219,0,0.033040166
138220,0,0.033040162
138221,0,0.03304016
138222,0,0.03304017
138223,0,0.03304017
138224,0,0.03304016
138225,0,0.033040162
138226,0,0.03304016
138227,0,0.03304016
138228,0,0.033040166
138229,0,0.033040155
138230,0,0.033040162
138231,0,0.033040155
138232,0,0.03304015
138233,0,0.03304015
138234,0,0.03304015
138235,0,0.03304015
138236,0,0.033040147
138237,0,0.03304015
138238,0,0.03304016
138239,0,0.033040177
138240,0,0.03304016
138241,0,0.033040173
138242,0,0.03304017
138243,0,0.033040166
138244,0,0.033040162
138245,0,0.03304016
138246,0,0.03304016
138247,0,0.03304017
138248,0,0.033040177
138249,0,0.033040173
138250,0,0.033040162
138251,0,0.033040166
138252,0,0.03304016
138253,0,0.033040166
138254,0,0.033040166
138255,0,0.03304015
138256,0,0.03304016
138257,0,0.033040173
138258,0,0.033040173
138259,0,0.03304017
138260,0,0.033040162
138261,0,0.03304015
138262,0,0.033040166
138263,0,0.033040155
138264,0,0.033040162
138265,0,0.03304016
138266,0,0.03304015
138267,0,0.033040166
138268,0,0.03304015
138269,0,0.03304016
138270,0,0.03304016
138271,0,0.03304016
138272,0,0.033040166
138273,0,0.03304016
138274,0,0.03304017
138275,0,0.03304015
138276,0,0.033040155
138277,0,0.03304016
138278,0,0.033040162
138279,0,0.033040155
138280,0,0.033040155
138281,0,0.033040162
138282,0,0.033040155
138283,0,0.033040155
138284,0,0.033040155
138285,0,0.033040162
138286,0,0.033040155
138287,0,0.03304016
138288,0,0.03304015
138289,0,0.033040155
138290,0,0.03304015
138291,0,0.033040162
138292,0,0.03304016
138293,0,0.03304015
138294,0,0.03304016
138295,0,0.03304016
138296,0,0.03304016
138297,0,0.033040162
138298,0,0.03304016
138299,0,0.033040162
138300,0,0.03304016
138301,0,0.03304018
138302,0,0.03304017
138303,0,0.033040155
138304,0,0.03304016
138305,0,0.03304016
138306,0,0.03304016
138307,0,0.03304016
138308,0,0.033040162
138309,0,0.03304016
138310,0,0.033040166
138311,0,0.033040162
138312,0,0.033040162
138313,0,0.03304015
138314,0,0.03304016
138315,0,0.033040155
138316,0,0.033040147
138317,0,0.03304015
138318,0,0.033040155
138319,0,0.033040155
138320,0,0.033040155
138321,0,0.033040166
138322,0,0.03304016
138323,0,0.033040166
138324,0,0.033040162
138325,0,0.033040162
138326,0,0.03304017
138327,0,0.03304017
138328,0,0.033040162
138329,0,0.033040166
138330,0,0.03304016
138331,0,0.033040155
138332,0,0.033040162
138333,0,0.033040166
138334,0,0.033040162
138335,0,0.03304016
138336,0,0.033040166
138337,0,0.033040162
138338,0,0.033040166
138339,0,0.033040166
138340,0,0.033040162
138341,0,0.033040155
138342,0,0.033040166
138343,0,0.033040162
138344,0,0.033040155
138345,0,0.033040147
138346,0,0.03304015
138347,0,0.033040147
138348,0,0.033040155
138349,0,0.033040147
138350,0,0.033040147
138351,0,0.033040147
138352,0,0.03304015
138353,0,0.03304015
138354,0,0.033040166
138355,0,0.033040166
138356,0,0.03304016
138357,0,0.033040162
138358,0,0.033040177
138359,0,0.03304017
138360,0,0.033040166
138361,0,0.033040166
138362,0,0.03304017
138363,0,0.03304016
138364,0,0.033040155
138365,0,0.033040162
138366,0,0.03304016
138367,0,0.033040155
138368,0,0.03304016
138369,0,0.03304016
138370,0,0.033040155
138371,0,0.033040155
138372,0,0.03304016
138373,0,0.033040166
138374,0,0.033040162
138375,0,0.033040155
138376,0,0.03304015
138377,0,0.03304015
138378,0,0.033040144
138379,0,0.033040144
138380,0,0.033040144
138381,0,0.033040147
138382,0,0.03304015
138383,0,0.033040147
138384,0,0.033040147
138385,0,0.03304023
138386,0,0.03304022
138387,0,0.033040226
138388,0,0.033040192
138389,0,0.03304021
138390,0,0.033040207
138391,0,0.033040207
138392,0,0.033040207
138393,0,0.033040203
138394,0,0.033040207
138395,0,0.033040136
138396,0,0.033040136
138397,0,0.033040144
138398,0,0.033040144
138399,0,0.033040155
138400,0,0.033040155
138401,0,0.03304015
138402,0,0.03304015
138403,0,0.03304015
138404,0,0.03304015
138405,0,0.03304015
138406,0,0.033040147
138407,0,0.03304015
138408,0,0.03304015
138409,0,0.033040147
138410,0,0.033040155
138411,0,0.033040155
138412,0,0.033040162
138413,0,0.03304016
138414,0,0.033040155
138415,0,0.03304015
138416,0,0.03304016
138417,0,0.03304016
138418,0,0.033040162
138419,0,0.03304016
138420,0,0.03304016
138421,0,0.03304016
138422,0,0.033040162
138423,0,0.033040166
138424,0,0.033040162
138425,0,0.03304017
138426,0,0.033040162
138427,0,0.033040162
138428,0,0.033040155
138429,0,0.033040155
138430,0,0.033040162
138431,0,0.033040166
138432,0,0.033040166
138433,0,0.03304017
138434,0,0.033040166
138435,0,0.033040162
138436,0,0.033040173
138437,0,0.03304016
138438,0,0.033040162
138439,0,0.033040162
138440,0,0.03304017
138441,0,0.033040162
138442,0,0.03304015
138443,0,0.03304015
138444,0,0.033040166
138445,0,0.03304016
138446,0,0.03304015
138447,0,0.03304015
138448,0,0.033040155
138449,0,0.033040147
138450,0,0.03304015
138451,0,0.033040166
138452,0,0.03304017
138453,0,0.033040166
138454,0,0.033040166
138455,0,0.033040166
138456,0,0.03304016
138457,0,0.03304017
138458,0,0.033040162
138459,0,0.033040162
138460,0,0.033040162
138461,0,0.03304015
138462,0,0.033040162
138463,0,0.033040155
138464,0,0.03304016
138465,0,0.033040162
138466,0,0.033040155
138467,0,0.03304015
138468,0,0.033040162
138469,0,0.033040166
138470,0,0.033040166
138471,0,0.03304016
138472,0,0.03304016
138473,0,0.03304017
138474,0,0.03304016
138475,0,0.033040162
138476,0,0.03304016
138477,0,0.033040162
138478,0,0.03304016
138479,0,0.03304015
138480,0,0.03304016
138481,0,0.03304016
138482,0,0.033040166
138483,0,0.033040162
138484,0,0.033040173
138485,0,0.03304016
138486,0,0.03304016
138487,0,0.03304016
138488,0,0.033040155
138489,0,0.033040166
138490,0,0.033040162
138491,0,0.03304016
138492,0,0.03304015
138493,0,0.033040144
138494,0,0.03304015
138495,0,0.033040155
138496,0,0.033040155
138497,0,0.033040155
138498,0,0.03304015
138499,0,0.03304016
138500,0,0.033040162
138501,0,0.03304016
138502,0,0.03304016
138503,0,0.03304016
138504,0,0.03304016
138505,0,0.03304017
138506,0,0.033040173
138507,0,0.033040173
138508,0,0.03304017
138509,0,0.033040166
138510,0,0.03304017
138511,0,0.03304017
138512,0,0.033040166
138513,0,0.03304017
138514,0,0.033040166
138515,0,0.03304017
138516,0,0.033040162
138517,0,0.033040173
138518,0,0.03304017
138519,0,0.033040162
138520,0,0.033040166
138521,0,0.03304016
138522,0,0.033040166
138523,0,0.033040162
138524,0,0.033040166
138525,0,0.033040162
138526,0,0.033040155
138527,0,0.033040162
138528,0,0.033040166
138529,0,0.033040162
138530,0,0.033040166
138531,0,0.03304016
138532,0,0.033040166
138533,0,0.033040162
138534,0,0.033040162
138535,0,0.033040162
138536,0,0.03304016
138537,0,0.03304017
138538,0,0.03304016
138539,0,0.033040166
138540,0,0.033040173
138541,0,0.03304017
138542,0,0.03304017
138543,0,0.03304017
138544,0,0.033040166
138545,0,0.033040177
138546,0,0.033040166
138547,0,0.033040173
138548,0,0.033040166
138549,0,0.033040166
138550,0,0.03304017
138551,0,0.03304016
138552,0,0.03304017
138553,0,0.033040173
138554,0,0.033040173
138555,0,0.033040155
138556,0,0.033040155
138557,0,0.03304015
138558,0,0.03304016
138559,0,0.033040162
138560,0,0.03304015
138561,0,0.03304016
138562,0,0.03304016
138563,0,0.033040155
138564,0,0.03304016
138565,0,0.033040155
138566,0,0.033040155
138567,0,0.033040162
138568,0,0.033040162
138569,0,0.033040166
138570,0,0.033040162
138571,0,0.03304016
138572,0,0.033040166
138573,0,0.033040166
138574,0,0.033040162
138575,0,0.03304015
138576,0,0.033040155
138577,0,0.03304015
138578,0,0.03304015
138579,0,0.03304015
138580,0,0.033040147
138581,0,0.033040147
138582,0,0.03304015
138583,0,0.03304017
138584,0,0.033040173
138585,0,0.03304016
138586,0,0.03304016
138587,0,0.033040155
138588,0,0.03304016
138589,0,0.033040162
138590,0,0.033040162
138591,0,0.03304016
138592,0,0.033040166
138593,0,0.03304016
138594,0,0.033040162
138595,0,0.033040155
138596,0,0.033040155
138597,0,0.03304015
138598,0,0.03304015
138599,0,0.03304017
138600,0,0.03304017
138601,0,0.033040162
138602,0,0.03304017
138603,0,0.033040177
138604,0,0.033040173
138605,0,0.033040166
138606,0,0.033040173
138607,0,0.033040166
138608,0,0.033040177
138609,0,0.033040166
138610,0,0.033040166
138611,0,0.033040166
138612,0,0.033040162
138613,0,0.033040166
138614,0,0.03304016
138615,0,0.033040173
138616,0,0.03304017
138617,0,0.033040166
138618,0,0.033040166
138619,0,0.033040162
138620,0,0.03304015
138621,0,0.033040155
138622,0,0.03304017
138623,0,0.03304017
138624,0,0.03304017
138625,0,0.033040185
138626,0,0.033040185
138627,0,0.033040185
138628,0,0.033040185
138629,0,0.033040185
138630,0,0.03304017
138631,0,0.03304017
138632,0,0.03304017
138633,0,0.03304017
138634,0,0.033040177
138635,0,0.03304016
138636,0,0.033040166
138637,0,0.03304017
138638,0,0.033040166
138639,0,0.033040162
138640,0,0.03304016
138641,0,0.03304016
138642,0,0.033040155
138643,0,0.03304016
138644,0,0.03304016
138645,0,0.03304016
138646,0,0.03304016
138647,0,0.033040162
138648,0,0.03304015
138649,0,0.033040147
138650,0,0.03304014
138651,0,0.03304014
138652,0,0.03304014
138653,0,0.03304014
138654,0,0.03304014
138655,0,0.033040144
138656,0,0.03304014
138657,0,0.033040144
138658,0,0.03304015
138659,0,0.033040147
138660,0,0.03304015
138661,0,0.03304015
138662,0,0.033040155
138663,0,0.03304015
138664,0,0.033040155
138665,0,0.03304015
138666,0,0.033040155
138667,0,0.033040147
138668,0,0.03304015
138669,0,0.033040155
138670,0,0.033040155
138671,0,0.03304016
138672,0,0.033040155
138673,0,0.03304016
138674,0,0.033040166
138675,0,0.03304016
138676,0,0.033040162
138677,0,0.033040155
138678,0,0.03304016
138679,0,0.033040155
138680,0,0.03304016
138681,0,0.03304016
138682,0,0.033040162
138683,0,0.033040166
138684,0,0.033040166
138685,0,0.03304016
138686,0,0.033040155
138687,0,0.03304016
138688,0,0.03304016
138689,0,0.03304016
138690,0,0.033040162
138691,0,0.033040162
138692,0,0.033040166
138693,0,0.03304016
138694,0,0.033040162
138695,0,0.033040173
138696,0,0.03304017
138697,0,0.033040162
138698,0,0.033040166
138699,0,0.03304017
138700,0,0.033040155
138701,0,0.03304016
138702,0,0.03304016
138703,0,0.033040166
138704,0,0.033040162
138705,0,0.033040166
138706,0,0.03304016
138707,0,0.03304016
138708,0,0.033040162
138709,0,0.033040166
138710,0,0.03304016
138711,0,0.033040162
138712,0,0.033040166
138713,0,0.033040166
138714,0,0.03304017
138715,0,0.033040162
138716,0,0.033040166
138717,0,0.033040162
138718,0,0.033040173
138719,0,0.03304018
138720,0,0.033040173
138721,0,0.033040173
138722,0,0.03304017
138723,0,0.033040166
138724,0,0.03304016
138725,0,0.03304015
138726,0,0.033040155
138727,0,0.033040155
138728,0,0.03304016
138729,0,0.033040162
138730,0,0.03304017
138731,0,0.033040166
138732,0,0.033040177
138733,0,0.033040162
138734,0,0.033040162
138735,0,0.033040155
138736,0,0.033040144
138737,0,0.033040155
138738,0,0.033040166
138739,0,0.033040155
138740,0,0.033040173
138741,0,0.033040177
138742,0,0.033040166
138743,0,0.03304017
138744,0,0.033040162
138745,0,0.033040162
138746,0,0.033040155
138747,0,0.033040155
138748,0,0.033040162
138749,0,0.03304016
138750,0,0.03304016
138751,0,0.033040162
138752,0,0.033040155
138753,0,0.033040166
138754,0,0.03304017
138755,0,0.033040166
138756,0,0.033040166
138757,0,0.033040155
138758,0,0.033040166
138759,0,0.03304016
138760,0,0.03304017
138761,0,0.03304017
138762,0,0.033040173
138763,0,0.033040173
138764,0,0.033040173
138765,0,0.033040173
138766,0,0.03304016
138767,0,0.033040166
138768,0,0.03304016
138769,0,0.03304017
138770,0,0.03304016
138771,0,0.03304017
138772,0,0.03304016
138773,0,0.033040162
138774,0,0.033040162
138775,0,0.033040162
138776,0,0.033040155
138777,0,0.033040147
138778,0,0.03304016
138779,0,0.03304016
138780,0,0.033040155
138781,0,0.03304016
138782,0,0.033040162
138783,0,0.03304017
138784,0,0.033040173
138785,0,0.03304016
138786,0,0.033040173
138787,0,0.033040166
138788,0,0.03304017
138789,0,0.03304016
138790,0,0.033040155
138791,0,0.03304015
138792,0,0.033040155
138793,0,0.03304016
138794,0,0.03304016
138795,0,0.033040162
138796,0,0.033040147
138797,0,0.033040166
138798,0,0.033040155
138799,0,0.03304017
138800,0,0.033040166
138801,0,0.033040155
138802,0,0.033040162
138803,0,0.033040166
138804,0,0.033040162
138805,0,0.033040155
138806,0,0.033040155
138807,0,0.033040147
138808,0,0.03304016
138809,0,0.033040147
138810,0,0.03304016
138811,0,0.033040162
138812,0,0.033040166
138813,0,0.033040162
138814,0,0.033040155
138815,0,0.033040155
138816,0,0.033040162
138817,0,0.033040166
138818,0,0.03304017
138819,0,0.03304017
138820,0,0.033040162
138821,0,0.033040162
138822,0,0.033040162
138823,0,0.033040155
138824,0,0.03304015
138825,0,0.03304016
138826,0,0.03304015
138827,0,0.033040155
138828,0,0.03304016
138829,0,0.033040155
138830,0,0.03304015
138831,0,0.033040155
138832,0,0.03304016
138833,0,0.03304016
138834,0,0.033040155
138835,0,0.03304015
138836,0,0.033040147
138837,0,0.03304015
138838,0,0.033040162
138839,0,0.033040155
138840,0,0.03304016
138841,0,0.033040166
138842,0,0.033040155
138843,0,0.033040162
138844,0,0.033040162
138845,0,0.03304016
138846,0,0.033040162
138847,0,0.03304016
138848,0,0.03304016
138849,0,0.033040166
138850,0,0.03304016
138851,0,0.033040166
138852,0,0.03304016
138853,0,0.033040162
138854,0,0.033040162
138855,0,0.033040166
138856,0,0.033040173
138857,0,0.03304016
138858,0,0.033040162
138859,0,0.033040162
138860,0,0.033040166
138861,0,0.033040155
138862,0,0.033040166
138863,0,0.033040173
138864,0,0.03304016
138865,0,0.033040155
138866,0,0.03304015
138867,0,0.033040166
138868,0,0.033040173
138869,0,0.033040173
138870,0,0.03304017
138871,0,0.03304017
138872,0,0.03304016
138873,0,0.03304016
138874,0,0.03304017
138875,0,0.033040155
138876,0,0.033040162
138877,0,0.033040162
138878,0,0.033040162
138879,0,0.033040162
138880,0,0.03304015
138881,0,0.033040162
138882,0,0.03304017
138883,0,0.033040162
138884,0,0.033040155
138885,0,0.03304017
138886,0,0.033040155
138887,0,0.03304015
138888,0,0.03304015
138889,0,0.03304015
138890,0,0.033040155
138891,0,0.033040155
138892,0,0.033040155
138893,0,0.03304016
138894,0,0.03304016
138895,0,0.03304016
138896,0,0.033040162
138897,0,0.03304016
138898,0,0.033040162
138899,0,0.033040166
138900,0,0.03304016
138901,0,0.033040155
138902,0,0.033040147
138903,0,0.033040155
138904,0,0.03304015
138905,0,0.03304016
138906,0,0.033040162
138907,0,0.033040155
138908,0,0.03304016
138909,0,0.033040166
138910,0,0.033040155
138911,0,0.033040155
138912,0,0.03304016
138913,0,0.03304016
138914,0,0.03304015
138915,0,0.033040155
138916,0,0.03304015
138917,0,0.03304016
138918,0,0.033040155
138919,0,0.03304015
138920,0,0.03304017
138921,0,0.033040155
138922,0,0.03304017
138923,0,0.033040162
138924,0,0.033040162
138925,0,0.033040162
138926,0,0.033040155
138927,0,0.03304016
138928,0,0.03304016
138929,0,0.03304015
138930,0,0.03304016
138931,0,0.033040166
138932,0,0.033040162
138933,0,0.03304016
138934,0,0.033040162
138935,0,0.033040166
138936,0,0.03304016
138937,0,0.03304016
138938,0,0.03304016
138939,0,0.033040162
138940,0,0.033040162
138941,0,0.033040155
138942,0,0.033040155
138943,0,0.033040162
138944,0,0.03304015
138945,0,0.03304016
138946,0,0.03304016
138947,0,0.033040155
138948,0,0.03304016
138949,0,0.033040155
138950,0,0.033040147
138951,0,0.03304016
138952,0,0.033040155
138953,0,0.033040162
138954,0,0.033040162
138955,0,0.033040162
138956,0,0.033040162
138957,0,0.03304015
138958,0,0.03304016
138959,0,0.033040155
138960,0,0.033040166
138961,0,0.033040155
138962,0,0.033040162
138963,0,0.033040166
138964,0,0.033040162
138965,0,0.033040166
138966,0,0.033040162
138967,0,0.03304017
138968,0,0.03304017
138969,0,0.033040162
138970,0,0.033040155
138971,0,0.03304015
138972,0,0.033040162
138973,0,0.03304015
138974,0,0.03304016
138975,0,0.033040162
138976,0,0.033040162
138977,0,0.03304015
138978,0,0.03304016
138979,0,0.03304016
138980,0,0.03304016
138981,0,0.033040166
138982,0,0.03304017
138983,0,0.033040166
138984,0,0.03304016
138985,0,0.03304016
138986,0,0.03304016
138987,0,0.03304016
138988,0,0.033040173
138989,0,0.033040162
138990,0,0.033040155
138991,0,0.033040155
138992,0,0.03304015
138993,0,0.03304016
138994,0,0.033040155
138995,0,0.033040166
138996,0,0.033040155
138997,0,0.03304015
138998,0,0.033040147
138999,0,0.03304016
139000,0,0.03304016
139001,0,0.03304016
139002,0,0.03304016
139003,0,0.033040162
139004,0,0.03304017
139005,0,0.03304017
139006,0,0.03304016
139007,0,0.03304016
139008,0,0.033040155
139009,0,0.03304015
139010,0,0.03304015
139011,0,0.03304016
139012,0,0.033040155
139013,0,0.03304015
139014,0,0.03304016
139015,0,0.033040155
139016,0,0.033040162
139017,0,0.033040155
139018,0,0.033040162
139019,0,0.033040155
139020,0,0.033040144
139021,0,0.03304015
139022,0,0.033040147
139023,0,0.033040147
139024,0,0.03304015
139025,0,0.03304015
139026,0,0.033040162
139027,0,0.033040147
139028,0,0.033040155
139029,0,0.033040155
139030,0,0.033040155
139031,0,0.03304016
139032,0,0.03304016
139033,0,0.03304015
139034,0,0.033040155
139035,0,0.03304016
139036,0,0.03304016
139037,0,0.033040166
139038,0,0.033040166
139039,0,0.03304017
139040,0,0.033040166
139041,0,0.033040166
139042,0,0.03304016
139043,0,0.033040155
139044,0,0.033040147
139045,0,0.033040144
139046,0,0.03304015
139047,0,0.03304015
139048,0,0.033040147
139049,0,0.033040155
139050,0,0.03304016
139051,0,0.03304017
139052,0,0.03304017
139053,0,0.03304017
139054,0,0.033040166
139055,0,0.033040166
139056,0,0.03304017
139057,0,0.03304016
139058,0,0.033040155
139059,0,0.03304015
139060,0,0.03304015
139061,0,0.03304015
139062,0,0.03304016
139063,0,0.033040155
139064,0,0.03304015
139065,0,0.033040155
139066,0,0.03304015
139067,0,0.033040155
139068,0,0.033040155
139069,0,0.03304015
139070,0,0.03304016
139071,0,0.033040155
139072,0,0.03304015
139073,0,0.033040147
139074,0,0.03304015
139075,0,0.03304015
139076,0,0.03304016
139077,0,0.033040147
139078,0,0.03304016
139079,0,0.03304015
139080,0,0.033040162
139081,0,0.03304016
139082,0,0.03304016
139083,0,0.033040155
139084,0,0.03304015
139085,0,0.03304016
139086,0,0.033040155
139087,0,0.03304015
139088,0,0.033040155
139089,0,0.03304015
139090,0,0.033040162
139091,0,0.033040162
139092,0,0.03304015
139093,0,0.033040166
139094,0,0.03304016
139095,0,0.033040162
139096,0,0.03304016
139097,0,0.03304016
139098,0,0.03304016
139099,0,0.03304016
139100,0,0.03304015
139101,0,0.033040162
139102,0,0.033040155
139103,0,0.033040155
139104,0,0.033040155
139105,0,0.03304015
139106,0,0.033040155
139107,0,0.03304015
139108,0,0.03304015
139109,0,0.03304016
139110,0,0.033040155
139111,0,0.03304015
139112,0,0.033040144
139113,0,0.033040147
139114,0,0.03304015
139115,0,0.03304015
139116,0,0.033040162
139117,0,0.03304016
139118,0,0.033040166
139119,0,0.033040166
139120,0,0.033040166
139121,0,0.033040155
139122,0,0.033040147
139123,0,0.03304015
139124,0,0.03304015
139125,0,0.033040147
139126,0,0.03304015
139127,0,0.033040155
139128,0,0.03304016
139129,0,0.03304016
139130,0,0.03304015
139131,0,0.03304016
139132,0,0.03304016
139133,0,0.033040166
139134,0,0.03304017
139135,0,0.033040166
139136,0,0.033040162
139137,0,0.033040166
139138,0,0.03304016
139139,0,0.033040166
139140,0,0.033040155
139141,0,0.033040155
139142,0,0.03304016
139143,0,0.033040155
139144,0,0.03304016
139145,0,0.03304016
139146,0,0.03304016
139147,0,0.03304015
139148,0,0.033040162
139149,0,0.033040162
139150,0,0.033040166
139151,0,0.033040166
139152,0,0.033040155
139153,0,0.033040162
139154,0,0.033040166
139155,0,0.033040173
139156,0,0.033040173
139157,0,0.033040166
139158,0,0.03304017
139159,0,0.033040162
139160,0,0.03304017
139161,0,0.033040166
139162,0,0.033040173
139163,0,0.033040173
139164,0,0.03304016
139165,0,0.033040173
139166,0,0.033040177
139167,0,0.033040173
139168,0,0.033040173
139169,0,0.033040173
139170,0,0.033040173
139171,0,0.033040177
139172,0,0.03304017
139173,0,0.033040173
139174,0,0.03304017
139175,0,0.03304017
139176,0,0.033040173
139177,0,0.03304018
139178,0,0.033040173
139179,0,0.03304017
139180,0,0.033040173
139181,0,0.033040155
139182,0,0.033040166
139183,0,0.03304016
139184,0,0.033040162
139185,0,0.03304016
139186,0,0.033040162
139187,0,0.033040162
139188,0,0.033040166
139189,0,0.03304016
139190,0,0.03304016
139191,0,0.03304015
139192,0,0.03304017
139193,0,0.033040166
139194,0,0.033040166
139195,0,0.033040166
139196,0,0.033040162
139197,0,0.033040166
139198,0,0.033040166
139199,0,0.033040155
139200,0,0.033040166
139201,0,0.03304016
139202,0,0.03304016
139203,0,0.033040162
139204,0,0.033040162
139205,0,0.033040162
139206,0,0.033040162
139207,0,0.03304017
139208,0,0.033040162
139209,0,0.03304017
139210,0,0.033040155
139211,0,0.033040162
139212,0,0.03304016
139213,0,0.033040162
139214,0,0.033040173
139215,0,0.033040166
139216,0,0.033040173
139217,0,0.033040162
139218,0,0.03304017
139219,0,0.03304017
139220,0,0.03304016
139221,0,0.033040162
139222,0,0.03304016
139223,0,0.033040162
139224,0,0.03304016
139225,0,0.03304016
139226,0,0.033040155
139227,0,0.03304016
139228,0,0.033040155
139229,0,0.033040155
139230,0,0.033040162
139231,0,0.03304015
139232,0,0.033040155
139233,0,0.03304016
139234,0,0.033040162
139235,0,0.033040166
139236,0,0.03304017
139237,0,0.03304016
139238,0,0.03304016
139239,0,0.033040162
139240,0,0.033040155
139241,0,0.033040162
139242,0,0.033040162
139243,0,0.03304016
139244,0,0.033040155
139245,0,0.033040155
139246,0,0.03304015
139247,0,0.03304015
139248,0,0.033040155
139249,0,0.033040155
139250,0,0.03304016
139251,0,0.033040155
139252,0,0.03304016
139253,0,0.033040162
139254,0,0.03304016
139255,0,0.03304016
139256,0,0.03304015
139257,0,0.033040162
139258,0,0.033040162
139259,0,0.03304017
139260,0,0.033040173
139261,0,0.033040173
139262,0,0.033040173
139263,0,0.03304017
139264,0,0.033040173
139265,0,0.03304017
139266,0,0.033040166
139267,0,0.033040162
139268,0,0.033040162
139269,0,0.033040155
139270,0,0.033040155
139271,0,0.03304016
139272,0,0.03304015
139273,0,0.03304016
139274,0,0.033040155
139275,0,0.033040155
139276,0,0.033040155
139277,0,0.033040155
139278,0,0.03304016
139279,0,0.033040162
139280,0,0.03304015
139281,0,0.033040155
139282,0,0.03304016
139283,0,0.03304016
139284,0,0.033040162
139285,0,0.03304016
139286,0,0.033040162
139287,0,0.03304015
139288,0,0.03304016
139289,0,0.033040155
139290,0,0.03304015
139291,0,0.033040166
139292,0,0.03304016
139293,0,0.033040155
139294,0,0.03304016
139295,0,0.033040147
139296,0,0.033040155
139297,0,0.03304016
139298,0,0.033040155
139299,0,0.03304015
139300,0,0.033040155
139301,0,0.033040155
139302,0,0.033040155
139303,0,0.033040155
139304,0,0.033040155
139305,0,0.033040155
139306,0,0.03304015
139307,0,0.03304015
139308,0,0.033040177
139309,0,0.033040173
139310,0,0.03304017
139311,0,0.033040177
139312,0,0.03304017
139313,0,0.033040177
139314,0,0.033040155
139315,0,0.03304015
139316,0,0.033040147
139317,0,0.033040173
139318,0,0.033040155
139319,0,0.033040155
139320,0,0.033040155
139321,0,0.033040166
139322,0,0.033040166
139323,0,0.033040147
139324,0,0.03304015
139325,0,0.03304015
139326,0,0.033040162
139327,0,0.03304016
139328,0,0.033040155
139329,0,0.033040166
139330,0,0.033040155
139331,0,0.03304015
139332,0,0.033040162
139333,0,0.03304016
139334,0,0.033040162
139335,0,0.033040155
139336,0,0.033040162
139337,0,0.033040162
139338,0,0.033040162
139339,0,0.03304016
139340,0,0.033040155
139341,0,0.03304015
139342,0,0.03304016
139343,0,0.033040155
139344,0,0.033040162
139345,0,0.033040162
139346,0,0.03304017
139347,0,0.03304016
139348,0,0.03304016
139349,0,0.03304016
139350,0,0.033040166
139351,0,0.033040155
139352,0,0.033040155
139353,0,0.03304015
139354,0,0.033040155
139355,0,0.033040155
139356,0,0.03304016
139357,0,0.033040155
139358,0,0.033040147
139359,0,0.03304015
139360,0,0.03304015
139361,0,0.033040155
139362,0,0.033040155
139363,0,0.03304015
139364,0,0.033040155
139365,0,0.03304016
139366,0,0.033040155
139367,0,0.03304016
139368,0,0.033040162
139369,0,0.033040162
139370,0,0.03304015
139371,0,0.033040155
139372,0,0.033040162
139373,0,0.033040155
139374,0,0.03304016
139375,0,0.03304016
139376,0,0.033040166
139377,0,0.033040155
139378,0,0.03304016
139379,0,0.033040155
139380,0,0.033040162
139381,0,0.03304015
139382,0,0.033040155
139383,0,0.03304016
139384,0,0.03304015
139385,0,0.03304015
139386,0,0.03304015
139387,0,0.033040166
139388,0,0.03304015
139389,0,0.03304015
139390,0,0.033040155
139391,0,0.03304016
139392,0,0.033040166
139393,0,0.033040173
139394,0,0.033040155
139395,0,0.033040155
139396,0,0.03304016
139397,0,0.033040155
139398,0,0.033040162
139399,0,0.03304015
139400,0,0.03304015
139401,0,0.03304015
139402,0,0.03304015
139403,0,0.03304015
139404,0,0.03304015
139405,0,0.03304016
139406,0,0.03304016
139407,0,0.03304016
139408,0,0.033040155
139409,0,0.03304016
139410,0,0.033040155
139411,0,0.033040155
139412,0,0.033040166
139413,0,0.033040162
139414,0,0.03304016
139415,0,0.03304016
139416,0,0.03304016
139417,0,0.033040166
139418,0,0.033040166
139419,0,0.033040162
139420,0,0.03304016
139421,0,0.033040166
139422,0,0.03304016
139423,0,0.03304016
139424,0,0.03304016
139425,0,0.033040155
139426,0,0.033040155
139427,0,0.03304016
139428,0,0.03304016
139429,0,0.03304016
139430,0,0.033040162
139431,0,0.03304016
139432,0,0.03304017
139433,0,0.033040166
139434,0,0.033040166
139435,0,0.033040166
139436,0,0.033040166
139437,0,0.033040162
139438,0,0.03304017
139439,0,0.033040162
139440,0,0.033040162
139441,0,0.033040155
139442,0,0.03304016
139443,0,0.033040166
139444,0,0.033040166
139445,0,0.033040162
139446,0,0.033040155
139447,0,0.033040166
139448,0,0.033040162
139449,0,0.03304017
139450,0,0.03304017
139451,0,0.03304017
139452,0,0.03304016
139453,0,0.033040162
139454,0,0.03304016
139455,0,0.03304016
139456,0,0.033040162
139457,0,0.033040162
139458,0,0.033040166
139459,0,0.033040166
139460,0,0.033040166
139461,0,0.03304015
139462,0,0.03304015
139463,0,0.03304016
139464,0,0.03304016
139465,0,0.033040162
139466,0,0.03304016
139467,0,0.03304015
139468,0,0.033040162
139469,0,0.03304016
139470,0,0.03304016
139471,0,0.03304016
139472,0,0.033040166
139473,0,0.033040166
139474,0,0.033040162
139475,0,0.033040162
139476,0,0.033040166
139477,0,0.03304018
139478,0,0.033040185
139479,0,0.033040166
139480,0,0.033040162
139481,0,0.033040162
139482,0,0.033040166
139483,0,0.033040162
139484,0,0.033040166
139485,0,0.033040166
139486,0,0.033040162
139487,0,0.03304015
139488,0,0.033040162
139489,0,0.03304016
139490,0,0.033040155
139491,0,0.033040162
139492,0,0.033040162
139493,0,0.033040162
139494,0,0.03304016
139495,0,0.033040162
139496,0,0.03304016
139497,0,0.03304016
139498,0,0.03304015
139499,0,0.033040147
139500,0,0.033040147
139501,0,0.033040155
139502,0,0.033040147
139503,0,0.033040155
139504,0,0.033040185
139505,0,0.033040162
139506,0,0.03304017
139507,0,0.033040166
139508,0,0.033040166
139509,0,0.033040166
139510,0,0.033040162
139511,0,0.03304016
139512,0,0.03304017
139513,0,0.033040162
139514,0,0.03304016
139515,0,0.033040162
139516,0,0.033040162
139517,0,0.033040166
139518,0,0.033040166
139519,0,0.033040162
139520,0,0.03304017
139521,0,0.033040155
139522,0,0.033040162
139523,0,0.03304016
139524,0,0.033040155
139525,0,0.033040144
139526,0,0.033040155
139527,0,0.03304016
139528,0,0.03304016
139529,0,0.03304016
139530,0,0.033040155
139531,0,0.033040155
139532,0,0.033040155
139533,0,0.033040162
139534,0,0.033040162
139535,0,0.033040155
139536,0,0.03304016
139537,0,0.03304016
139538,0,0.033040166
139539,0,0.033040162
139540,0,0.033040155
139541,0,0.033040162
139542,0,0.033040166
139543,0,0.033040162
139544,0,0.033040162
139545,0,0.033040162
139546,0,0.03304016
139547,0,0.033040166
139548,0,0.033040162
139549,0,0.033040162
139550,0,0.033040162
139551,0,0.033040166
139552,0,0.033040162
139553,0,0.03304016
139554,0,0.03304016
139555,0,0.033040162
139556,0,0.033040162
139557,0,0.03304016
139558,0,0.033040155
139559,0,0.033040155
139560,0,0.033040155
139561,0,0.033040155
139562,0,0.03304016
139563,0,0.033040155
139564,0,0.03304016
139565,0,0.033040162
139566,0,0.033040162
139567,0,0.033040155
139568,0,0.03304016
139569,0,0.03304015
139570,0,0.033040155
139571,0,0.033040155
139572,0,0.03304015
139573,0,0.033040162
139574,0,0.033040155
139575,0,0.033040155
139576,0,0.033040155
139577,0,0.033040162
139578,0,0.03304016
139579,0,0.03304016
139580,0,0.033040155
139581,0,0.033040155
139582,0,0.033040155
139583,0,0.03304016
139584,0,0.03304016
139585,0,0.033040166
139586,0,0.033040185
139587,0,0.03304019
139588,0,0.033040162
139589,0,0.03304016
139590,0,0.033040155
139591,0,0.033040155
139592,0,0.033040155
139593,0,0.03304016
139594,0,0.03304016
139595,0,0.033040155
139596,0,0.03304015
139597,0,0.033040155
139598,0,0.033040155
139599,0,0.033040155
139600,0,0.03304016
139601,0,0.033040155
139602,0,0.033040147
139603,0,0.033040144
139604,0,0.033040147
139605,0,0.033040144
139606,0,0.033040144
139607,0,0.033040144
139608,0,0.033040147
139609,0,0.033040144
139610,0,0.033040147
139611,0,0.03304015
139612,0,0.03304015
139613,0,0.033040155
139614,0,0.033040147
139615,0,0.033040147
139616,0,0.033040155
139617,0,0.03304015
139618,0,0.03304015
139619,0,0.03304016
139620,0,0.03304016
139621,0,0.03304016
139622,0,0.03304016
139623,0,0.033040162
139624,0,0.03304016
139625,0,0.033040162
139626,0,0.033040162
139627,0,0.03304016
139628,0,0.03304016
139629,0,0.033040155
139630,0,0.03304016
139631,0,0.033040155
139632,0,0.033040155
139633,0,0.033040155
139634,0,0.03304015
139635,0,0.033040155
139636,0,0.03304015
139637,0,0.03304016
139638,0,0.03304016
139639,0,0.033040155
139640,0,0.033040155
139641,0,0.03304015
139642,0,0.033040155
139643,0,0.03304015
139644,0,0.033040147
139645,0,0.03304015
139646,0,0.03304017
139647,0,0.033040173
139648,0,0.033040177
139649,0,0.033040173
139650,0,0.033040173
139651,0,0.03304016
139652,0,0.033040155
139653,0,0.03304016
139654,0,0.033040162
139655,0,0.03304016
139656,0,0.033040162
139657,0,0.033040162
139658,0,0.033040162
139659,0,0.033040155
139660,0,0.03304016
139661,0,0.033040185
139662,0,0.033040185
139663,0,0.033040166
139664,0,0.033040173
139665,0,0.033040162
139666,0,0.033040166
139667,0,0.03304017
139668,0,0.03304016
139669,0,0.033040162
139670,0,0.033040162
139671,0,0.033040155
139672,0,0.03304016
139673,0,0.03304016
139674,0,0.03304016
139675,0,0.033040155
139676,0,0.03304018
139677,0,0.033040185
139678,0,0.033040177
139679,0,0.03304018
139680,0,0.03304018
139681,0,0.03304018
139682,0,0.033040177
139683,0,0.033040173
139684,0,0.033040173
139685,0,0.033040173
139686,0,0.033040173
139687,0,0.033040173
139688,0,0.03304016
139689,0,0.033040155
139690,0,0.03304015
139691,0,0.033040155
139692,0,0.033040155
139693,0,0.03304015
139694,0,0.033040147
139695,0,0.03304015
139696,0,0.033040155
139697,0,0.03304015
139698,0,0.03304015
139699,0,0.033040162
139700,0,0.033040162
139701,0,0.03304016
139702,0,0.03304016
139703,0,0.033040162
139704,0,0.03304016
139705,0,0.03304016
139706,0,0.033040155
139707,0,0.033040147
139708,0,0.03304015
139709,0,0.033040155
139710,0,0.033040147
139711,0,0.03304015
139712,0,0.033040147
139713,0,0.033040147
139714,0,0.033040166
139715,0,0.033040166
139716,0,0.033040166
139717,0,0.03304017
139718,0,0.03304017
139719,0,0.033040166
139720,0,0.033040166
139721,0,0.033040162
139722,0,0.033040147
139723,0,0.033040147
139724,0,0.03304015
139725,0,0.03304015
139726,0,0.03304015
139727,0,0.033040147
139728,0,0.033040147
139729,0,0.03304016
139730,0,0.033040166
139731,0,0.03304017
139732,0,0.033040162
139733,0,0.033040162
139734,0,0.03304018
139735,0,0.03304018
139736,0,0.033040173
139737,0,0.033040173
139738,0,0.033040173
139739,0,0.033040173
139740,0,0.033040192
139741,0,0.033040192
139742,0,0.033040196
139743,0,0.03304019
139744,0,0.033040192
139745,0,0.033040155
139746,0,0.033040155
139747,0,0.033040155
139748,0,0.033040155
139749,0,0.033040155
139750,0,0.033040144
139751,0,0.033040144
139752,0,0.033040147
139753,0,0.033040144
139754,0,0.033040147
139755,0,0.033040147
139756,0,0.03304015
139757,0,0.03304015
139758,0,0.033040155
139759,0,0.03304016
139760,0,0.033040162
139761,0,0.033040155
139762,0,0.033040155
139763,0,0.033040155
139764,0,0.033040155
139765,0,0.03304016
139766,0,0.033040155
139767,0,0.03304016
139768,0,0.033040155
139769,0,0.033040155
139770,0,0.03304016
139771,0,0.033040155
139772,0,0.03304015
139773,0,0.033040155
139774,0,0.03304017
139775,0,0.033040166
139776,0,0.033040166
139777,0,0.03304017
139778,0,0.033040166
139779,0,0.033040166
139780,0,0.033040166
139781,0,0.033040162
139782,0,0.03304016
139783,0,0.03304016
139784,0,0.03304016
139785,0,0.03304016
139786,0,0.03304016
139787,0,0.033040155
139788,0,0.033040155
139789,0,0.033040177
139790,0,0.033040155
139791,0,0.03304016
139792,0,0.03304016
139793,0,0.033040155
139794,0,0.03304016
139795,0,0.03304016
139796,0,0.03304016
139797,0,0.033040162
139798,0,0.033040162
139799,0,0.03304019
139800,0,0.03304019
139801,0,0.03304018
139802,0,0.033040185
139803,0,0.033040185
139804,0,0.03304018
139805,0,0.033040185
139806,0,0.03304016
139807,0,0.03304016
139808,0,0.033040166
139809,0,0.033040173
139810,0,0.033040166
139811,0,0.033040166
139812,0,0.03304017
139813,0,0.03304017
139814,0,0.033040166
139815,0,0.03304017
139816,0,0.03304017
139817,0,0.03304017
139818,0,0.033040173
139819,0,0.03304017
139820,0,0.033040155
139821,0,0.03304016
139822,0,0.03304016
139823,0,0.03304016
139824,0,0.033040155
139825,0,0.03304016
139826,0,0.033040162
139827,0,0.03304016
139828,0,0.03304016
139829,0,0.033040155
139830,0,0.03304015
139831,0,0.033040147
139832,0,0.03304015
139833,0,0.03304015
139834,0,0.03304015
139835,0,0.03304015
139836,0,0.033040155
139837,0,0.033040155
139838,0,0.03304016
139839,0,0.033040155
139840,0,0.033040155
139841,0,0.033040155
139842,0,0.033040155
139843,0,0.033040155
139844,0,0.03304015
139845,0,0.033040155
139846,0,0.03304017
139847,0,0.03304017
139848,0,0.033040166
139849,0,0.033040173
139850,0,0.03304017
139851,0,0.033040173
139852,0,0.033040162
139853,0,0.033040166
139854,0,0.033040162
139855,0,0.033040162
139856,0,0.03304017
139857,0,0.033040166
139858,0,0.03304017
139859,0,0.033040166
139860,0,0.033040166
139861,0,0.033040166
139862,0,0.03304016
139863,0,0.03304016
139864,0,0.03304016
139865,0,0.033040147
139866,0,0.033040155
139867,0,0.03304016
139868,0,0.03304015
139869,0,0.03304015
139870,0,0.03304015
139871,0,0.033040147
139872,0,0.033040147
139873,0,0.033040147
139874,0,0.03304015
139875,0,0.03304019
139876,0,0.033040196
139877,0,0.033040196
139878,0,0.033040192
139879,0,0.033040196
139880,0,0.033040196
139881,0,0.0330402
139882,0,0.033040207
139883,0,0.033040203
139884,0,0.03304021
139885,0,0.033040162
139886,0,0.033040162
139887,0,0.03304016
139888,0,0.033040173
139889,0,0.033040166
139890,0,0.03304017
139891,0,0.033040166
139892,0,0.033040166
139893,0,0.033040166
139894,0,0.033040166
139895,0,0.033040166
139896,0,0.033040166
139897,0,0.033040166
139898,0,0.033040177
139899,0,0.033040177
139900,0,0.033040177
139901,0,0.033040177
139902,0,0.033040177
139903,0,0.033040177
139904,0,0.033040177
139905,0,0.033040177
139906,0,0.033040177
139907,0,0.033040173
139908,0,0.033040173
139909,0,0.03304017
139910,0,0.033040162
139911,0,0.033040166
139912,0,0.033040166
139913,0,0.033040162
139914,0,0.033040155
139915,0,0.033040162
139916,0,0.033040162
139917,0,0.033040162
139918,0,0.03304016
139919,0,0.03304016
139920,0,0.03304016
139921,0,0.03304016
139922,0,0.03304016
139923,0,0.03304016
139924,0,0.03304023
139925,0,0.03304023
139926,0,0.03304023
139927,0,0.0330402
139928,0,0.0330402
139929,0,0.0330402
139930,0,0.0330402
139931,0,0.0330402
139932,0,0.033040196
139933,0,0.033040196
139934,0,0.033040203
139935,0,0.033040203
139936,0,0.03304018
139937,0,0.03304018
139938,0,0.03304017
139939,0,0.03304017
139940,0,0.033040166
139941,0,0.033040166
139942,0,0.033040166
139943,0,0.033040166
139944,0,0.033040166
139945,0,0.033040166
139946,0,0.033040166
139947,0,0.033040166
139948,0,0.033040192
139949,0,0.033040192
139950,0,0.033040192
139951,0,0.033040192
139952,0,0.03304016
139953,0,0.03304016
139954,0,0.03304016
139955,0,0.03304016
139956,0,0.03304016
139957,0,0.033040155
139958,0,0.03304016
139959,0,0.03304016
139960,0,0.03304016
139961,0,0.033040166
139962,0,0.03304015
139963,0,0.03304015
139964,0,0.03304015
139965,0,0.033040155
139966,0,0.033040155
139967,0,0.033040155
139968,0,0.033040155
139969,0,0.033040155
139970,0,0.033040155
139971,0,0.03304016
139972,0,0.03304016
139973,0,0.03304016
139974,0,0.03304016
139975,0,0.03304016
139976,0,0.03304016
139977,0,0.03304016
139978,0,0.033040155
139979,0,0.03304016
139980,0,0.033040162
139981,0,0.033040155
139982,0,0.033040155
139983,0,0.03304015
139984,0,0.033040155
139985,0,0.03304016
139986,0,0.03304016
139987,0,0.03304016
139988,0,0.03304016
139989,0,0.033040162
139990,0,0.033040162
139991,0,0.033040162
139992,0,0.033040185
139993,0,0.03304018
139994,0,0.03304018
139995,0,0.03304018
139996,0,0.03304018
139997,0,0.03304017
139998,0,0.03304017
139999,0,0.03304017
140000,0,0.033040173
140001,0,0.03304017
140002,0,0.033040162
140003,0,0.03304017
140004,0,0.03304017
140005,0,0.03304017
140006,0,0.033040162
140007,0,0.033040166
140008,0,0.033040166
140009,0,0.03304016
140010,0,0.033040162
140011,0,0.033040162
140012,0,0.033040166
140013,0,0.033040162
140014,0,0.033040162
140015,0,0.033040155
140016,0,0.03304016
140017,0,0.03304016
140018,0,0.03304016
140019,0,0.03304016
140020,0,0.033040155
140021,0,0.033040155
140022,0,0.033040155
140023,0,0.033040155
140024,0,0.03304015
140025,0,0.03304015
140026,0,0.03304015
140027,0,0.033040155
140028,0,0.03304017
140029,0,0.03304017
140030,0,0.03304017
140031,0,0.03304017
140032,0,0.033040162
140033,0,0.033040166
140034,0,0.033040162
140035,0,0.03304015
140036,0,0.03304015
140037,0,0.03304015
140038,0,0.03304015
140039,0,0.033040147
140040,0,0.033040147
140041,0,0.033040155
140042,0,0.03304015
140043,0,0.03304015
140044,0,0.03304015
140045,0,0.033040166
140046,0,0.033040155
140047,0,0.033040162
140048,0,0.033040155
140049,0,0.033040155
140050,0,0.033040155
140051,0,0.03304015
140052,0,0.033040155
140053,0,0.033040147
140054,0,0.03304015
140055,0,0.03304015
140056,0,0.03304024
140057,0,0.033040177
140058,0,0.033040173
140059,0,0.033040173
140060,0,0.033040177
140061,0,0.03304016
140062,0,0.033040162
140063,0,0.033040162
140064,0,0.033040162
140065,0,0.03304016
140066,0,0.03304016
140067,0,0.03304016
140068,0,0.03304016
140069,0,0.033040155
140070,0,0.03304016
140071,0,0.033040166
140072,0,0.033040166
140073,0,0.033040166
140074,0,0.033040162
140075,0,0.033040162
140076,0,0.03304016
140077,0,0.03304016
140078,0,0.03304016
140079,0,0.033040162
140080,0,0.033040162
140081,0,0.033040162
140082,0,0.033040162
140083,0,0.033040162
140084,0,0.033040162
140085,0,0.03304016
140086,0,0.033040155
140087,0,0.033040155
140088,0,0.033040155
140089,0,0.033040155
140090,0,0.03304016
140091,0,0.03304015
140092,0,0.033040155
140093,0,0.03304016
140094,0,0.03304017
140095,0,0.033040173
140096,0,0.033040166
140097,0,0.033040173
140098,0,0.03304017
140099,0,0.03304017
140100,0,0.033040166
140101,0,0.03304017
140102,0,0.03304018
140103,0,0.033040185
140104,0,0.03304019
140105,0,0.03304019
140106,0,0.033040185
140107,0,0.03304017
140108,0,0.03304016
140109,0,0.03304016
140110,0,0.033040162
140111,0,0.03304017
140112,0,0.033040162
140113,0,0.033040166
140114,0,0.033040166
140115,0,0.033040162
140116,0,0.03304016
140117,0,0.033040162
140118,0,0.033040162
140119,0,0.033040166
140120,0,0.033040162
140121,0,0.033040155
140122,0,0.033040155
140123,0,0.03304016
140124,0,0.033040155
140125,0,0.033040155
140126,0,0.033040155
140127,0,0.03304016
140128,0,0.033040155
140129,0,0.03304016
140130,0,0.03304016
140131,0,0.033040155
140132,0,0.03304016
140133,0,0.03304016
140134,0,0.033040162
140135,0,0.033040155
140136,0,0.03304015
140137,0,0.03304015
140138,0,0.033040155
140139,0,0.03304016
140140,0,0.03304016
140141,0,0.033040162
140142,0,0.033040155
140143,0,0.03304016
140144,0,0.033040155
140145,0,0.03304017
140146,0,0.033040155
140147,0,0.03304016
140148,0,0.03304016
140149,0,0.033040162
140150,0,0.033040162
140151,0,0.03304016
140152,0,0.03304018
140153,0,0.033040166
140154,0,0.03304016
140155,0,0.033040166
140156,0,0.033040166
140157,0,0.033040166
140158,0,0.033040162
140159,0,0.033040147
140160,0,0.033040155
140161,0,0.03304015
140162,0,0.03304015
140163,0,0.033040147
140164,0,0.033040147
140165,0,0.03304015
140166,0,0.03304015
140167,0,0.03304015
140168,0,0.03304015
140169,0,0.033040155
140170,0,0.033040155
140171,0,0.033040155
140172,0,0.033040155
140173,0,0.03304016
140174,0,0.033040162
140175,0,0.03304016
140176,0,0.03304016
140177,0,0.03304016
140178,0,0.03304016
140179,0,0.03304016
140180,0,0.03304016
140181,0,0.033040155
140182,0,0.033040155
140183,0,0.033040155
140184,0,0.033040162
140185,0,0.03304016
140186,0,0.033040162
140187,0,0.033040155
140188,0,0.033040155
140189,0,0.033040155
140190,0,0.033040155
140191,0,0.03304015
140192,0,0.03304015
140193,0,0.03304015
140194,0,0.03304015
140195,0,0.033040155
140196,0,0.033040155
140197,0,0.03304015
140198,0,0.03304015
140199,0,0.033040155
140200,0,0.03304015
140201,0,0.033040166
140202,0,0.03304016
140203,0,0.033040166
140204,0,0.033040155
140205,0,0.033040155
140206,0,0.033040155
140207,0,0.033040155
140208,0,0.03304015
140209,0,0.033040155
140210,0,0.033040155
140211,0,0.03304015
140212,0,0.033040162
140213,0,0.033040162
140214,0,0.033040166
140215,0,0.033040166
140216,0,0.03304017
140217,0,0.033040162
140218,0,0.033040162
140219,0,0.03304016
140220,0,0.03304016
140221,0,0.03304016
140222,0,0.03304016
140223,0,0.033040162
140224,0,0.033040162
140225,0,0.03304016
140226,0,0.03304016
140227,0,0.03304015
140228,0,0.033040155
140229,0,0.033040147
140230,0,0.033040155
140231,0,0.033040155
140232,0,0.03304016
140233,0,0.033040166
140234,0,0.03304016
140235,0,0.03304016
140236,0,0.03304016
140237,0,0.03304016
140238,0,0.033040155
140239,0,0.03304016
140240,0,0.033040155
140241,0,0.033040155
140242,0,0.033040162
140243,0,0.033040155
140244,0,0.03304015
140245,0,0.03304015
140246,0,0.03304016
140247,0,0.033040155
140248,0,0.033040155
140249,0,0.033040185
140250,0,0.033040185
140251,0,0.03304018
140252,0,0.033040185
140253,0,0.03304015
140254,0,0.03304015
140255,0,0.033040147
140256,0,0.03304015
140257,0,0.033040166
140258,0,0.033040162
140259,0,0.033040162
140260,0,0.03304016
140261,0,0.033040162
140262,0,0.033040155
140263,0,0.033040155
140264,0,0.033040162
140265,0,0.033040162
140266,0,0.033040155
140267,0,0.03304017
140268,0,0.03304017
140269,0,0.03304017
140270,0,0.03304017
140271,0,0.033040166
140272,0,0.033040166
140273,0,0.033040166
140274,0,0.033040166
140275,0,0.033040162
140276,0,0.03304016
140277,0,0.033040162
140278,0,0.033040166
140279,0,0.033040166
140280,0,0.033040155
140281,0,0.03304015
140282,0,0.033040155
140283,0,0.033040155
140284,0,0.03304016
140285,0,0.03304015
140286,0,0.03304016
140287,0,0.03304016
140288,0,0.033040155
140289,0,0.033040155
140290,0,0.033040155
140291,0,0.03304015
140292,0,0.03304016
140293,0,0.033040155
140294,0,0.033040155
140295,0,0.033040155
140296,0,0.033040155
140297,0,0.033040155
140298,0,0.033040173
140299,0,0.03304018
140300,0,0.033040173
140301,0,0.033040173
140302,0,0.033040196
140303,0,0.033040185
140304,0,0.03304018
140305,0,0.03304018
140306,0,0.033040173
140307,0,0.033040177
140308,0,0.03304018
140309,0,0.033040166
140310,0,0.033040166
140311,0,0.03304015
140312,0,0.03304016
140313,0,0.033040155
140314,0,0.03304016
140315,0,0.03304016
140316,0,0.033040155
140317,0,0.03304016
140318,0,0.033040155
140319,0,0.03304016
140320,0,0.03304016
140321,0,0.03304016
140322,0,0.03304016
140323,0,0.033040155
140324,0,0.03304016
140325,0,0.033040155
140326,0,0.033040155
140327,0,0.033040162
140328,0,0.03304016
140329,0,0.033040155
140330,0,0.033040155
140331,0,0.033040162
140332,0,0.033040155
140333,0,0.033040162
140334,0,0.033040166
140335,0,0.033040162
140336,0,0.033040166
140337,0,0.033040162
140338,0,0.03304016
140339,0,0.03304016
140340,0,0.033040155
140341,0,0.03304016
140342,0,0.03304016
140343,0,0.03304016
140344,0,0.03304016
140345,0,0.03304016
140346,0,0.033040155
140347,0,0.03304016
140348,0,0.03304018
140349,0,0.03304018
140350,0,0.03304019
140351,0,0.03304018
140352,0,0.03304018
140353,0,0.03304018
140354,0,0.033040185
140355,0,0.03304019
140356,0,0.033040185
140357,0,0.033040185
140358,0,0.03304015
140359,0,0.033040155
140360,0,0.033040155
140361,0,0.033040155
140362,0,0.03304016
140363,0,0.033040177
140364,0,0.033040173
140365,0,0.03304017
140366,0,0.033040173
140367,0,0.03304017
140368,0,0.033040192
140369,0,0.03304019
140370,0,0.033040155
140371,0,0.03304015
140372,0,0.033040155
140373,0,0.033040155
140374,0,0.033040155
140375,0,0.03304015
140376,0,0.03304015
140377,0,0.03304016
140378,0,0.033040166
140379,0,0.03304017
140380,0,0.033040162
140381,0,0.033040173
140382,0,0.033040173
140383,0,0.033040173
140384,0,0.033040173
140385,0,0.033040173
140386,0,0.033040173
140387,0,0.03304017
140388,0,0.03304016
140389,0,0.033040166
140390,0,0.033040166
140391,0,0.03304017
140392,0,0.03304017
140393,0,0.033040166
140394,0,0.03304017
140395,0,0.033040166
140396,0,0.03304017
140397,0,0.03304017
140398,0,0.033040162
140399,0,0.03304016
140400,0,0.033040155
140401,0,0.033040155
140402,0,0.03304015
140403,0,0.033040155
140404,0,0.033040155
140405,0,0.033040155
140406,0,0.033040162
140407,0,0.03304016
140408,0,0.03304015
140409,0,0.03304015
140410,0,0.03304015
140411,0,0.033040155
140412,0,0.03304015
140413,0,0.03304015
140414,0,0.03304015
140415,0,0.033040147
140416,0,0.033040147
140417,0,0.033040155
140418,0,0.033040162
140419,0,0.033040162
140420,0,0.033040162
140421,0,0.033040166
140422,0,0.033040166
140423,0,0.033040166
140424,0,0.033040162
140425,0,0.033040162
140426,0,0.03304016
140427,0,0.033040166
140428,0,0.03304016
140429,0,0.033040162
140430,0,0.033040162
140431,0,0.03304016
140432,0,0.033040155
140433,0,0.03304016
140434,0,0.03304017
140435,0,0.03304017
140436,0,0.033040162
140437,0,0.033040162
140438,0,0.033040166
140439,0,0.03304016
140440,0,0.033040162
140441,0,0.03304016
140442,0,0.033040155
140443,0,0.033040155
140444,0,0.03304016
140445,0,0.033040155
140446,0,0.033040166
140447,0,0.03304017
140448,0,0.033040166
140449,0,0.033040166
140450,0,0.033040166
140451,0,0.033040166
140452,0,0.03304017
140453,0,0.033040177
140454,0,0.0330402
140455,0,0.033040155
140456,0,0.03304016
140457,0,0.03304016
140458,0,0.03304016
140459,0,0.03304016
140460,0,0.033040155
140461,0,0.033040155
140462,0,0.033040155
140463,0,0.033040155
140464,0,0.033040155
140465,0,0.03304016
140466,0,0.03304016
140467,0,0.033040162
140468,0,0.03304016
140469,0,0.033040155
140470,0,0.033040177
140471,0,0.033040185
140472,0,0.03304017
140473,0,0.03304017
140474,0,0.033040155
140475,0,0.03304016
140476,0,0.033040162
140477,0,0.033040155
140478,0,0.03304016
140479,0,0.03304016
140480,0,0.03304016
140481,0,0.03304016
140482,0,0.03304016
140483,0,0.033040155
140484,0,0.03304015
140485,0,0.033040155
140486,0,0.03304015
140487,0,0.03304016
140488,0,0.033040162
140489,0,0.033040162
140490,0,0.033040162
140491,0,0.03304016
140492,0,0.033040155
140493,0,0.03304016
140494,0,0.03304016
140495,0,0.03304016
140496,0,0.033040155
140497,0,0.03304015
140498,0,0.03304016
140499,0,0.03304016
140500,0,0.03304017
140501,0,0.03304017
140502,0,0.03304019
140503,0,0.03304019
140504,0,0.033040162
140505,0,0.033040166
140506,0,0.03304015
140507,0,0.033040155
140508,0,0.03304016
140509,0,0.03304015
140510,0,0.033040155
140511,0,0.033040155
140512,0,0.033040155
140513,0,0.03304015
140514,0,0.033040155
140515,0,0.03304016
140516,0,0.033040166
140517,0,0.033040166
140518,0,0.03304017
140519,0,0.03304017
140520,0,0.03304017
140521,0,0.03304017
140522,0,0.033040166
140523,0,0.033040166
140524,0,0.033040166
140525,0,0.033040166
140526,0,0.033040162
140527,0,0.033040162
140528,0,0.033040162
140529,0,0.03304016
140530,0,0.033040155
140531,0,0.03304015
140532,0,0.03304015
140533,0,0.03304017
140534,0,0.033040166
140535,0,0.033040166
140536,0,0.033040166
140537,0,0.033040166
140538,0,0.033040166
140539,0,0.03304017
140540,0,0.03304016
140541,0,0.03304016
140542,0,0.033040155
140543,0,0.03304016
140544,0,0.033040155
140545,0,0.033040155
140546,0,0.033040155
140547,0,0.03304016
140548,0,0.033040155
140549,0,0.03304016
140550,0,0.033040147
140551,0,0.033040147
140552,0,0.03304015
140553,0,0.033040147
140554,0,0.033040147
140555,0,0.03304015
140556,0,0.033040155
140557,0,0.033040155
140558,0,0.03304015
140559,0,0.033040147
140560,0,0.033040207
140561,0,0.033040207
140562,0,0.033040207
140563,0,0.03304019
140564,0,0.033040173
140565,0,0.033040177
140566,0,0.033040177
140567,0,0.033040173
140568,0,0.03304017
140569,0,0.033040155
140570,0,0.03304015
140571,0,0.03304015
140572,0,0.03304015
140573,0,0.033040166
140574,0,0.033040166
140575,0,0.03304017
140576,0,0.03304017
140577,0,0.03304017
140578,0,0.03304017
140579,0,0.03304016
140580,0,0.033040162
140581,0,0.033040155
140582,0,0.033040226
140583,0,0.03304023
140584,0,0.033040162
140585,0,0.03304016
140586,0,0.033040155
140587,0,0.033040155
140588,0,0.033040155
140589,0,0.033040155
140590,0,0.03304016
140591,0,0.03304016
140592,0,0.03304016
140593,0,0.033040155
140594,0,0.033040155
140595,0,0.033040155
140596,0,0.03304015
140597,0,0.033040155
140598,0,0.03304015
140599,0,0.033040155
140600,0,0.033040155
140601,0,0.033040155
140602,0,0.03304019
140603,0,0.03304019
140604,0,0.03304017
140605,0,0.03304017
140606,0,0.033040173
140607,0,0.03304017
140608,0,0.033040173
140609,0,0.03304017
140610,0,0.03304017
140611,0,0.033040173
140612,0,0.033040173
140613,0,0.033040192
140614,0,0.03304019
140615,0,0.03304019
140616,0,0.03304019
140617,0,0.033040185
140618,0,0.03304018
140619,0,0.03304018
140620,0,0.033040177
140621,0,0.033040177
140622,0,0.033040177
140623,0,0.033040162
140624,0,0.03304017
140625,0,0.033040166
140626,0,0.03304017
140627,0,0.033040166
140628,0,0.033040185
140629,0,0.033040185
140630,0,0.03304019
140631,0,0.03304016
140632,0,0.033040155
140633,0,0.033040155
140634,0,0.033040155
140635,0,0.033040147
140636,0,0.033040147
140637,0,0.033040147
140638,0,0.033040155
140639,0,0.033040155
140640,0,0.033040155
140641,0,0.033040177
140642,0,0.033040177
140643,0,0.03304018
140644,0,0.033040177
140645,0,0.03304018
140646,0,0.033040173
140647,0,0.033040177
140648,0,0.033040173
140649,0,0.033040177
140650,0,0.033040177
140651,0,0.033040207
140652,0,0.03304021
140653,0,0.033040207
140654,0,0.03304021
140655,0,0.033040203
140656,0,0.033040207
140657,0,0.033040207
140658,0,0.033040203
140659,0,0.033040207
140660,0,0.033040203
140661,0,0.033040203
140662,0,0.033040185
140663,0,0.033040185
140664,0,0.033040185
140665,0,0.033040196
140666,0,0.03304019
140667,0,0.033040185
140668,0,0.03304019
140669,0,0.03304019
140670,0,0.03304019
140671,0,0.033040196
140672,0,0.03304019
140673,0,0.03304019
140674,0,0.03304019
140675,0,0.03304019
140676,0,0.033040173
140677,0,0.033040173
140678,0,0.03304018
140679,0,0.03304017
140680,0,0.033040177
140681,0,0.03304017
140682,0,0.03304017
140683,0,0.033040173
140684,0,0.033040173
140685,0,0.033040173
140686,0,0.033040177
140687,0,0.03304018
140688,0,0.03304018
140689,0,0.03304018
140690,0,0.03304018
140691,0,0.03304018
140692,0,0.033040177
140693,0,0.03304019
140694,0,0.033040192
140695,0,0.033040192
140696,0,0.033040244
140697,0,0.03304025
140698,0,0.03304025
140699,0,0.033040255
140700,0,0.033040255
140701,0,0.033040248
140702,0,0.033040248
140703,0,0.033040244
140704,0,0.033040248
140705,0,0.03304021
140706,0,0.033040214
140707,0,0.03304021
140708,0,0.03304021
140709,0,0.033040218
140710,0,0.03304019
140711,0,0.03304019
140712,0,0.03304019
140713,0,0.03304019
140714,0,0.03304019
140715,0,0.03304019
140716,0,0.033040177
140717,0,0.03304018
140718,0,0.033040185
140719,0,0.033040173
140720,0,0.033040177
140721,0,0.033040173
140722,0,0.033040177
140723,0,0.03304017
140724,0,0.033040173
140725,0,0.03304017
140726,0,0.033040162
140727,0,0.033040162
140728,0,0.033040177
140729,0,0.033040173
140730,0,0.033040177
140731,0,0.033040173
140732,0,0.033040177
140733,0,0.0330402
140734,0,0.0330402
140735,0,0.0330402
140736,0,0.033040162
140737,0,0.033040166
140738,0,0.033040162
140739,0,0.033040166
140740,0,0.033040166
140741,0,0.033040162
140742,0,0.03304016
140743,0,0.033040155
140744,0,0.03304016
140745,0,0.03304016
140746,0,0.03304018
140747,0,0.033040185
140748,0,0.03304019
140749,0,0.03304019
140750,0,0.03304019
140751,0,0.033040185
140752,0,0.033040185
140753,0,0.03304018
140754,0,0.033040185
140755,0,0.03304019
140756,0,0.03304018
140757,0,0.03304019
140758,0,0.03304019
140759,0,0.033040185
140760,0,0.033040185
140761,0,0.033040177
140762,0,0.03304018
140763,0,0.033040177
140764,0,0.033040177
140765,0,0.033040177
140766,0,0.033040166
140767,0,0.03304017
140768,0,0.03304017
140769,0,0.033040173
140770,0,0.03304017
140771,0,0.033040173
140772,0,0.03304017
140773,0,0.033040162
140774,0,0.033040162
140775,0,0.033040166
140776,0,0.03304018
140777,0,0.033040177
140778,0,0.033040214
140779,0,0.03304023
140780,0,0.033040226
140781,0,0.033040203
140782,0,0.033040207
140783,0,0.033040185
140784,0,0.03304017
140785,0,0.03304017
140786,0,0.033040166
140787,0,0.03304017
140788,0,0.03304017
140789,0,0.03304016
140790,0,0.033040155
140791,0,0.033040155
140792,0,0.033040155
140793,0,0.033040155
140794,0,0.033040177
140795,0,0.03304018
140796,0,0.033040185
140797,0,0.033040185
140798,0,0.03304019
140799,0,0.03304017
140800,0,0.03304017
140801,0,0.033040173
140802,0,0.033040173
140803,0,0.03304017
140804,0,0.033040177
140805,0,0.033040173
140806,0,0.03304017
140807,0,0.033040173
140808,0,0.033040173
140809,0,0.03304021
140810,0,0.03304021
140811,0,0.033040192
140812,0,0.033040196
140813,0,0.03304019
140814,0,0.03304018
140815,0,0.033040177
140816,0,0.03304019
140817,0,0.03304019
140818,0,0.033040177
140819,0,0.033040177
140820,0,0.03304018
140821,0,0.03304023
140822,0,0.033040226
140823,0,0.033040203
140824,0,0.033040173
140825,0,0.03304017
140826,0,0.03304017
140827,0,0.033040177
140828,0,0.03304018
140829,0,0.033040177
140830,0,0.03304018
140831,0,0.033040173
140832,0,0.03304018
140833,0,0.033040177
140834,0,0.033040185
140835,0,0.033040185
140836,0,0.033040185
140837,0,0.033040173
140838,0,0.033040177
140839,0,0.033040173
140840,0,0.03304016
140841,0,0.03304016
140842,0,0.03304017
140843,0,0.033040173
140844,0,0.03304017
140845,0,0.03304017
140846,0,0.03304017
140847,0,0.03304017
140848,0,0.033040166
140849,0,0.033040166
140850,0,0.033040207
140851,0,0.033040203
140852,0,0.0330402
140853,0,0.033040196
140854,0,0.033040196
140855,0,0.033040162
140856,0,0.033040166
140857,0,0.033040166
140858,0,0.033040196
140859,0,0.033040192
140860,0,0.03304019
140861,0,0.03304019
140862,0,0.03304019
140863,0,0.03304019
140864,0,0.03304019
140865,0,0.033040226
140866,0,0.033040226
140867,0,0.033040263
140868,0,0.033040177
140869,0,0.033040177
140870,0,0.033040173
140871,0,0.033040185
140872,0,0.033040185
140873,0,0.033040192
140874,0,0.033040196
140875,0,0.033040192
140876,0,0.033040196
140877,0,0.033040192
140878,0,0.033040207
140879,0,0.033040203
140880,0,0.03304016
140881,0,0.033040173
140882,0,0.033040173
140883,0,0.033040177
140884,0,0.03304018
140885,0,0.033040177
140886,0,0.03304018
140887,0,0.033040177
140888,0,0.033040177
140889,0,0.033040173
140890,0,0.033040192
140891,0,0.033040196
140892,0,0.033040196
140893,0,0.033040196
140894,0,0.0330402
140895,0,0.033040196
140896,0,0.033040192
140897,0,0.033040192
140898,0,0.033040192
140899,0,0.033040196
140900,0,0.033040173
140901,0,0.033040177
140902,0,0.033040173
140903,0,0.033040173
140904,0,0.03304017
140905,0,0.03304017
140906,0,0.033040166
140907,0,0.033040166
140908,0,0.03304017
140909,0,0.03304017
140910,0,0.033040173
140911,0,0.033040173
140912,0,0.03304018
140913,0,0.033040177
140914,0,0.033040177
140915,0,0.033040166
140916,0,0.033040166
140917,0,0.03304017
140918,0,0.03304017
140919,0,0.03304017
140920,0,0.033040162
140921,0,0.033040166
140922,0,0.033040162
140923,0,0.033040162
140924,0,0.033040162
140925,0,0.03304018
140926,0,0.033040166
140927,0,0.033040166
140928,0,0.03304017
140929,0,0.03304017
140930,0,0.033040166
140931,0,0.03304017
140932,0,0.03304017
140933,0,0.033040166
140934,0,0.033040173
140935,0,0.033040166
140936,0,0.03304021
140937,0,0.033040214
140938,0,0.033040207
140939,0,0.033040162
140940,0,0.033040162
140941,0,0.033040166
140942,0,0.033040166
140943,0,0.03304016
140944,0,0.033040166
140945,0,0.033040162
140946,0,0.033040162
140947,0,0.03304017
140948,0,0.03304017
140949,0,0.03304017
140950,0,0.03304017
140951,0,0.033040263
140952,0,0.033040207
140953,0,0.03304021
140954,0,0.03304021
140955,0,0.033040203
140956,0,0.033040203
140957,0,0.033040203
140958,0,0.033040203
140959,0,0.0330402
140960,0,0.033040207
140961,0,0.033040203
140962,0,0.033040214
140963,0,0.033040248
140964,0,0.03304025
140965,0,0.033040196
140966,0,0.033040192
140967,0,0.033040196
140968,0,0.033040196
140969,0,0.033040196
140970,0,0.033040196
140971,0,0.033040192
140972,0,0.033040196
140973,0,0.0330402
140974,0,0.0330402
140975,0,0.03304023
140976,0,0.03304023
140977,0,0.033040226
140978,0,0.0330402
140979,0,0.0330402
140980,0,0.0330402
140981,0,0.033040203
140982,0,0.033040207
140983,0,0.033040207
140984,0,0.033040203
140985,0,0.033040207
140986,0,0.033040207
140987,0,0.033040207
140988,0,0.033040203
140989,0,0.03304021
140990,0,0.03304021
140991,0,0.03304021
140992,0,0.033040218
140993,0,0.033040218
140994,0,0.033040218
140995,0,0.033040214
140996,0,0.033040214
140997,0,0.03304016
140998,0,0.033040155
140999,0,0.03304016
141000,0,0.033040162
141001,0,0.033040162
141002,0,0.033040166
141003,0,0.033040166
141004,0,0.033040162
141005,0,0.03304016
141006,0,0.033040162
141007,0,0.033040173
141008,0,0.03304017
141009,0,0.03304019
141010,0,0.033040196
141011,0,0.033040192
141012,0,0.033040196
141013,0,0.033040196
141014,0,0.033040192
141015,0,0.033040196
141016,0,0.033040196
141017,0,0.033040196
141018,0,0.03304019
141019,0,0.033040185
141020,0,0.033040185
141021,0,0.033040185
141022,0,0.03304018
141023,0,0.033040218
141024,0,0.033040218
141025,0,0.03304022
141026,0,0.033040192
141027,0,0.033040192
141028,0,0.033040196
141029,0,0.033040192
141030,0,0.033040196
141031,0,0.033040192
141032,0,0.033040192
141033,0,0.033040177
141034,0,0.033040177
141035,0,0.03304018
141036,0,0.03304018
141037,0,0.033040185
141038,0,0.033040177
141039,0,0.03304018
141040,0,0.033040177
141041,0,0.033040177
141042,0,0.03304022
141043,0,0.033040237
141044,0,0.03304024
141045,0,0.03304024
141046,0,0.03304024
141047,0,0.033040244
141048,0,0.033040248
141049,0,0.033040248
141050,0,0.03304024
141051,0,0.033040192
141052,0,0.03304019
141053,0,0.033040192
141054,0,0.0330402
141055,0,0.033040196
141056,0,0.03304019
141057,0,0.033040185
141058,0,0.033040192
141059,0,0.03304019
141060,0,0.03304019
141061,0,0.03304019
141062,0,0.03304025
141063,0,0.03304025
141064,0,0.03304025
141065,0,0.033040237
141066,0,0.033040255
141067,0,0.033040255
141068,0,0.033040255
141069,0,0.033040255
141070,0,0.033040255
141071,0,0.033040177
141072,0,0.033040214
141073,0,0.033040214
141074,0,0.03304021
141075,0,0.033040214
141076,0,0.03304021
141077,0,0.03304021
141078,0,0.033040218
141079,0,0.033040218
141080,0,0.033040218
141081,0,0.033040207
141082,0,0.03304018
141083,0,0.033040214
141084,0,0.03304021
141085,0,0.033040214
141086,0,0.03304021
141087,0,0.03304021
141088,0,0.033040214
141089,0,0.033040214
141090,0,0.033040214
141091,0,0.033040155
141092,0,0.033040155
141093,0,0.033040155
141094,0,0.03304015
141095,0,0.03304016
141096,0,0.03304016
141097,0,0.033040155
141098,0,0.033040155
141099,0,0.03304016
141100,0,0.033040155
141101,0,0.03304018
141102,0,0.03304018
141103,0,0.03304018
141104,0,0.033040207
141105,0,0.033040207
141106,0,0.033040207
141107,0,0.03304021
141108,0,0.03304018
141109,0,0.03304018
141110,0,0.03304018
141111,0,0.033040185
141112,0,0.033040185
141113,0,0.033040185
141114,0,0.033040185
141115,0,0.03304019
141116,0,0.033040192
141117,0,0.033040177
141118,0,0.03304019
141119,0,0.033040185
141120,0,0.033040185
141121,0,0.033040192
141122,0,0.033040192
141123,0,0.03304019
141124,0,0.033040192
141125,0,0.033040196
141126,0,0.033040196
141127,0,0.0330402
141128,0,0.033040196
141129,0,0.033040196
141130,0,0.033040226
141131,0,0.033040196
141132,0,0.033040196
141133,0,0.033040196
141134,0,0.033040196
141135,0,0.033040196
141136,0,0.03304016
141137,0,0.03304016
141138,0,0.033040155
141139,0,0.033040155
141140,0,0.03304015
141141,0,0.03304015
141142,0,0.03304015
141143,0,0.03304016
141144,0,0.03304015
141145,0,0.033040155
141146,0,0.03304018
141147,0,0.03304019
141148,0,0.03304025
141149,0,0.03304026
141150,0,0.033040248
141151,0,0.033040237
141152,0,0.03304025
141153,0,0.033040248
141154,0,0.033040248
141155,0,0.033040203
141156,0,0.033040214
141157,0,0.033040173
141158,0,0.033040177
141159,0,0.033040173
141160,0,0.033040177
141161,0,0.033040177
141162,0,0.03304018
141163,0,0.033040177
141164,0,0.03304018
141165,0,0.03304018
141166,0,0.033040177
141167,0,0.033040226
141168,0,0.033040226
141169,0,0.033040226
141170,0,0.03304023
141171,0,0.033040226
141172,0,0.033040218
141173,0,0.03304022
141174,0,0.033040214
141175,0,0.03304022
141176,0,0.033040226
141177,0,0.03304023
141178,0,0.03304023
141179,0,0.03304023
141180,0,0.03304023
141181,0,0.033040226
141182,0,0.033040226
141183,0,0.033040218
141184,0,0.033040218
141185,0,0.033040218
141186,0,0.03304022
141187,0,0.03304022
141188,0,0.03304022
141189,0,0.033040218
141190,0,0.033040218
141191,0,0.03304021
141192,0,0.03304021
141193,0,0.03304019
141194,0,0.033040196
141195,0,0.033040196
141196,0,0.0330402
141197,0,0.0330402
141198,0,0.033040203
141199,0,0.033040207
141200,0,0.033040207
141201,0,0.033040207
141202,0,0.033040207
141203,0,0.033040207
141204,0,0.033040207
141205,0,0.033040207
141206,0,0.033040207
141207,0,0.033040207
141208,0,0.03304019
141209,0,0.033040196
141210,0,0.033040196
141211,0,0.03304022
141212,0,0.033040226
141213,0,0.033040226
141214,0,0.033040226
141215,0,0.033040226
141216,0,0.033040226
141217,0,0.03304023
141218,0,0.033040226
141219,0,0.0330402
141220,0,0.033040203
141221,0,0.033040177
141222,0,0.033040177
141223,0,0.033040177
141224,0,0.033040177
141225,0,0.033040177
141226,0,0.033040173
141227,0,0.033040173
141228,0,0.033040173
141229,0,0.033040173
141230,0,0.033040207
141231,0,0.033040203
141232,0,0.033040185
141233,0,0.033040185
141234,0,0.03304018
141235,0,0.03304018
141236,0,0.03304018
141237,0,0.03304018
141238,0,0.033040185
141239,0,0.033040185
141240,0,0.0330402
141241,0,0.033040196
141242,0,0.0330402
141243,0,0.033040207
141244,0,0.033040207
141245,0,0.0330402
141246,0,0.0330402
141247,0,0.033040203
141248,0,0.0330402
141249,0,0.033040196
141250,0,0.033040218
141251,0,0.033040218
141252,0,0.033040218
141253,0,0.03304022
141254,0,0.033040218
141255,0,0.033040218
141256,0,0.033040218
141257,0,0.033040214
141258,0,0.033040218
141259,0,0.033040226
141260,0,0.033040226
141261,0,0.033040207
141262,0,0.03304021
141263,0,0.03304021
141264,0,0.03304021
141265,0,0.03304021
141266,0,0.033040214
141267,0,0.03304021
141268,0,0.033040214
141269,0,0.033040192
141270,0,0.033040192
141271,0,0.033040263
141272,0,0.033040266
141273,0,0.03304027
141274,0,0.03304023
141275,0,0.03304023
141276,0,0.033040233
141277,0,0.03304023
141278,0,0.033040226
141279,0,0.03304023
141280,0,0.033040233
141281,0,0.03304021
141282,0,0.03304022
141283,0,0.033040214
141284,0,0.033040214
141285,0,0.033040218
141286,0,0.033040203
141287,0,0.033040177
141288,0,0.03304019
141289,0,0.033040192
141290,0,0.033040185
141291,0,0.03304019
141292,0,0.03304018
141293,0,0.03304019
141294,0,0.033040185
141295,0,0.033040185
141296,0,0.033040185
141297,0,0.033040196
141298,0,0.033040192
141299,0,0.033040185
141300,0,0.033040192
141301,0,0.03304019
141302,0,0.033040192
141303,0,0.03304022
141304,0,0.03304022
141305,0,0.03304022
141306,0,0.03304022
141307,0,0.03304022
141308,0,0.0330402
141309,0,0.033040237
141310,0,0.033040207
141311,0,0.033040207
141312,0,0.033040207
141313,0,0.033040203
141314,0,0.033040203
141315,0,0.033040203
141316,0,0.03304021
141317,0,0.033040207
141318,0,0.03304019
141319,0,0.033040185
141320,0,0.03304018
141321,0,0.033040185
141322,0,0.03304019
141323,0,0.03304019
141324,0,0.033040192
141325,0,0.03304019
141326,0,0.03304019
141327,0,0.03304019
141328,0,0.033040185
141329,0,0.033040185
141330,0,0.03304019
141331,0,0.033040173
141332,0,0.033040177
141333,0,0.033040226
141334,0,0.03304022
141335,0,0.033040237
141336,0,0.033040214
141337,0,0.033040214
141338,0,0.033040218
141339,0,0.03304022
141340,0,0.03304022
141341,0,0.033040218
141342,0,0.033040214
141343,0,0.033040218
141344,0,0.03304021
141345,0,0.03304021
141346,0,0.03304021
141347,0,0.033040214
141348,0,0.03304021
141349,0,0.033040214
141350,0,0.033040244
141351,0,0.03304025
141352,0,0.033040255
141353,0,0.03304024
141354,0,0.03304024
141355,0,0.033040237
141356,0,0.03304024
141357,0,0.03304022
141358,0,0.033040218
141359,0,0.03304022
141360,0,0.03304022
141361,0,0.033040226
141362,0,0.03304018
141363,0,0.033040185
141364,0,0.03304018
141365,0,0.033040185
141366,0,0.033040185
141367,0,0.033040185
141368,0,0.033040185
141369,0,0.033040192
141370,0,0.033040185
141371,0,0.033040218
141372,0,0.033040218
141373,0,0.033040226
141374,0,0.03304023
141375,0,0.033040237
141376,0,0.033040237
141377,0,0.03304024
141378,0,0.03304024
141379,0,0.03304024
141380,0,0.033040237
141381,0,0.033040266
141382,0,0.03304027
141383,0,0.033040278
141384,0,0.033040214
141385,0,0.033040218
141386,0,0.033040218
141387,0,0.033040214
141388,0,0.033040214
141389,0,0.0330402
141390,0,0.0330402
141391,0,0.033040214
141392,0,0.03304021
141393,0,0.033040214
141394,0,0.03304021
141395,0,0.033040218
141396,0,0.033040218
141397,0,0.033040218
141398,0,0.03304022
141399,0,0.033040233
141400,0,0.033040233
141401,0,0.033040207
141402,0,0.03304021
141403,0,0.033040196
141404,0,0.033040203
141405,0,0.0330402
141406,0,0.033040196
141407,0,0.0330402
141408,0,0.033040203
141409,0,0.033040203
141410,0,0.0330402
141411,0,0.033040192
141412,0,0.033040192
141413,0,0.033040207
141414,0,0.033040207
141415,0,0.0330402
141416,0,0.033040203
141417,0,0.033040196
141418,0,0.033040196
141419,0,0.033040196
141420,0,0.0330402
141421,0,0.033040196
141422,0,0.033040196
141423,0,0.033040196
141424,0,0.033040196
141425,0,0.033040263
141426,0,0.033040166
141427,0,0.03304017
141428,0,0.033040166
141429,0,0.033040173
141430,0,0.033040173
141431,0,0.033040173
141432,0,0.03304017
141433,0,0.033040162
141434,0,0.03304017
141435,0,0.033040166
141436,0,0.03304019
141437,0,0.033040192
141438,0,0.033040192
141439,0,0.033040196
141440,0,0.033040196
141441,0,0.033040177
141442,0,0.033040177
141443,0,0.033040177
141444,0,0.033040177
141445,0,0.033040173
141446,0,0.033040173
141447,0,0.033040177
141448,0,0.033040162
141449,0,0.033040162
141450,0,0.033040162
141451,0,0.033040162
141452,0,0.033040162
141453,0,0.033040166
141454,0,0.033040166
141455,0,0.033040162
141456,0,0.033040248
141457,0,0.033040218
141458,0,0.033040214
141459,0,0.033040177
141460,0,0.03304018
141461,0,0.03304018
141462,0,0.03304018
141463,0,0.033040177
141464,0,0.033040173
141465,0,0.033040162
141466,0,0.033040173
141467,0,0.033040173
141468,0,0.03304017
141469,0,0.03304017
141470,0,0.03304017
141471,0,0.033040173
141472,0,0.033040173
141473,0,0.033040173
141474,0,0.033040173
141475,0,0.033040177
141476,0,0.033040192
141477,0,0.033040192
141478,0,0.033040207
141479,0,0.033040207
141480,0,0.03304021
141481,0,0.0330402
141482,0,0.033040196
141483,0,0.033040192
141484,0,0.033040203
141485,0,0.0330402
141486,0,0.033040196
141487,0,0.033040196
141488,0,0.033040196
141489,0,0.0330402
141490,0,0.0330402
141491,0,0.03304019
141492,0,0.033040192
141493,0,0.033040196
141494,0,0.033040196
141495,0,0.033040196
141496,0,0.033040203
141497,0,0.033040214
141498,0,0.033040218
141499,0,0.03304022
141500,0,0.033040185
141501,0,0.033040185
141502,0,0.03304018
141503,0,0.03304018
141504,0,0.03304018
141505,0,0.033040177
141506,0,0.033040214
141507,0,0.0330403
141508,0,0.033040598
141509,0,0.033040598
141510,0,0.03304094
141511,0,0.033041276
141512,0,0.033041093
141513,0,0.033041093
141514,0,0.033041093
141515,0,0.03304037
141516,0,0.03304033
141517,0,0.033040296
141518,0,0.033040296
141519,0,0.033040386
141520,0,0.033040293
141521,0,0.033040583
141522,0,0.03304086
141523,0,0.033040337
141524,0,0.033040337
141525,0,0.033040363
141526,0,0.033040375
141527,0,0.033040375
141528,0,0.033040375
141529,0,0.03304038
141530,0,0.03304038
141531,0,0.03304038
141532,0,0.03304038
141533,0,0.033040486
141534,0,0.033040486
141535,0,0.033040486
141536,0,0.03304047
141537,0,0.03304047
141538,0,0.03304047
141539,0,0.033040468
141540,0,0.03304028
141541,0,0.03304028
141542,0,0.033040285
141543,0,0.033040285
141544,0,0.033040285
141545,0,0.03304045
141546,0,0.03304058
141547,0,0.03304122
141548,0,0.033041224
141549,0,0.033041224
141550,0,0.033041224
141551,0,0.03304096
141552,0,0.033040933
141553,0,0.03304059
141554,0,0.033040285
141555,0,0.03304025
141556,0,0.033040192
141557,0,0.033040214
141558,0,0.033040192
141559,0,0.033040192
141560,0,0.033040192
141561,0,0.033040192
141562,0,0.033040192
141563,0,0.033040192
141564,0,0.033040192
141565,0,0.03304018
141566,0,0.033040192
141567,0,0.033040192
141568,0,0.03304025
141569,0,0.03304025
141570,0,0.03304025
141571,0,0.033040196
141572,0,0.033040196
141573,0,0.033040196
141574,0,0.033040196
141575,0,0.033040196
141576,0,0.033040196
141577,0,0.033040192
141578,0,0.033040192
141579,0,0.033040185
141580,0,0.03304019
141581,0,0.03304019
141582,0,0.03304019
141583,0,0.03304019
141584,0,0.03304019
141585,0,0.033040322
141586,0,0.03304034
141587,0,0.033040635
141588,0,0.03304083
141589,0,0.033040825
141590,0,0.033040825
141591,0,0.033040825
141592,0,0.033040654
141593,0,0.03304066
141594,0,0.03304055
141595,0,0.033040598
141596,0,0.033040587
141597,0,0.033040587
141598,0,0.03304061
141599,0,0.03304061
141600,0,0.03304061
141601,0,0.03304061
141602,0,0.03304061
141603,0,0.03304061
141604,0,0.033040613
141605,0,0.03304044
141606,0,0.03304031
141607,0,0.03304031
141608,0,0.03304031
141609,0,0.03304031
141610,0,0.03304031
141611,0,0.03304031
141612,0,0.03304031
141613,0,0.03304031
141614,0,0.03304031
141615,0,0.03304041
141616,0,0.03304079
141617,0,0.033040326
141618,0,0.033040795
141619,0,0.033040766
141620,0,0.03304066
141621,0,0.03304066
141622,0,0.03304066
141623,0,0.03304057
141624,0,0.03304057
141625,0,0.0330404
141626,0,0.033040278
141627,0,0.033040162
141628,0,0.033040162
141629,0,0.033040162
141630,0,0.03304024
141631,0,0.033040214
141632,0,0.033040214
141633,0,0.0330402
141634,0,0.0330402
141635,0,0.0330402
141636,0,0.0330402
141637,0,0.0330402
141638,0,0.03304021
141639,0,0.033040196
141640,0,0.033040196
141641,0,0.033040207
141642,0,0.033040207
141643,0,0.03304022
141644,0,0.03304022
141645,0,0.03304025
141646,0,0.03304025
141647,0,0.03304025
141648,0,0.03304025
141649,0,0.03304025
141650,0,0.03304025
141651,0,0.03304025
141652,0,0.03304025
141653,0,0.033040162
141654,0,0.033040162
141655,0,0.033040155
141656,0,0.033040155
141657,0,0.033040196
141658,0,0.033040196
141659,0,0.0330402
141660,0,0.0330402
141661,0,0.0330402
141662,0,0.0330402
141663,0,0.0330402
141664,0,0.033040203
141665,0,0.033040203
141666,0,0.033040214
141667,0,0.033040218
141668,0,0.03304019
141669,0,0.033040196
141670,0,0.0330402
141671,0,0.0330402
141672,0,0.0330402
141673,0,0.0330402
141674,0,0.033040192
141675,0,0.033040196
141676,0,0.033040192
141677,0,0.033040196
141678,0,0.0330402
141679,0,0.033040192
141680,0,0.033040196
141681,0,0.033040196
141682,0,0.033040203
141683,0,0.033040196
141684,0,0.03304023
141685,0,0.03304022
141686,0,0.03304023
141687,0,0.03304022
141688,0,0.033040226
141689,0,0.033040226
141690,0,0.033040218
141691,0,0.03304026
141692,0,0.033040214
141693,0,0.033040214
141694,0,0.03304022
141695,0,0.033040218
141696,0,0.033040207
141697,0,0.033040207
141698,0,0.033040203
141699,0,0.033040203
141700,0,0.0330402
141701,0,0.033040207
141702,0,0.033040207
141703,0,0.033040203
141704,0,0.033040196
141705,0,0.0330402
141706,0,0.033040196
141707,0,0.033040196
141708,0,0.033040196
141709,0,0.0330402
141710,0,0.0330402
141711,0,0.03304026
141712,0,0.033040162
141713,0,0.033040162
141714,0,0.033040162
141715,0,0.033040162
141716,0,0.033040162
141717,0,0.033040166
141718,0,0.033040162
141719,0,0.03304016
141720,0,0.033040162
141721,0,0.03304016
141722,0,0.033040196
141723,0,0.033040196
141724,0,0.033040192
141725,0,0.0330402
141726,0,0.033040196
141727,0,0.033040192
141728,0,0.03304019
141729,0,0.033040192
141730,0,0.03304019
141731,0,0.033040192
141732,0,0.033040192
141733,0,0.033040192
141734,0,0.033040185
141735,0,0.03304019
141736,0,0.033040192
141737,0,0.033040196
141738,0,0.033040185
141739,0,0.033040196
141740,0,0.033040207
141741,0,0.033040367
141742,0,0.03304043
141743,0,0.033040617
141744,0,0.033040684
141745,0,0.033040684
141746,0,0.033040684
141747,0,0.033040807
141748,0,0.03304073
141749,0,0.033040788
141750,0,0.033040497
141751,0,0.033040624
141752,0,0.033040624
141753,0,0.033040646
141754,0,0.033040646
141755,0,0.033040646
141756,0,0.033040646
141757,0,0.03304057
141758,0,0.03304057
141759,0,0.03304057
141760,0,0.03304057
141761,0,0.03304057
141762,0,0.03304056
141763,0,0.03304052
141764,0,0.03304052
141765,0,0.03304052
141766,0,0.033040486
141767,0,0.033040352
141768,0,0.033040352
141769,0,0.0330404
141770,0,0.0330404
141771,0,0.0330404
141772,0,0.0330404
141773,0,0.033040587
141774,0,0.033040587
141775,0,0.033040587
141776,0,0.033040587
141777,0,0.033040576
141778,0,0.033040576
141779,0,0.03304076
141780,0,0.033040754
141781,0,0.03304076
141782,0,0.03304076
141783,0,0.033040754
141784,0,0.03304063
141785,0,0.03304089
141786,0,0.033040486
141787,0,0.033040486
141788,0,0.033040486
141789,0,0.033040486
141790,0,0.033040404
141791,0,0.033040408
141792,0,0.033040293
141793,0,0.03304022
141794,0,0.03304025
141795,0,0.03304025
141796,0,0.033040177
141797,0,0.0330402
141798,0,0.033040192
141799,0,0.033040214
141800,0,0.033040218
141801,0,0.033040218
141802,0,0.033040214
141803,0,0.033040218
141804,0,0.033040214
141805,0,0.033040226
141806,0,0.033040218
141807,0,0.03304022
141808,0,0.03304023
141809,0,0.03304023
141810,0,0.033040233
141811,0,0.03304023
141812,0,0.03304023
141813,0,0.033040244
141814,0,0.033040237
141815,0,0.033040226
141816,0,0.033040226
141817,0,0.033040226
141818,0,0.03304022
141819,0,0.033040218
141820,0,0.03304019
141821,0,0.033040185
141822,0,0.0330403
141823,0,0.033040687
141824,0,0.033040687
141825,0,0.033040736
141826,0,0.033040736
141827,0,0.033040754
141828,0,0.033040754
141829,0,0.033040754
141830,0,0.03304099
141831,0,0.033040527
141832,0,0.033040483
141833,0,0.033040483
141834,0,0.03304049
141835,0,0.033040497
141836,0,0.033040497
141837,0,0.0330406
141838,0,0.0330406
141839,0,0.0330406
141840,0,0.0330406
141841,0,0.0330406
141842,0,0.033040907
141843,0,0.033041082
141844,0,0.033040594
141845,0,0.03304039
141846,0,0.033040646
141847,0,0.033040646
141848,0,0.033040646
141849,0,0.033040646
141850,0,0.03304062
141851,0,0.03304062
141852,0,0.03304051
141853,0,0.033040643
141854,0,0.033040643
141855,0,0.033040643
141856,0,0.033040654
141857,0,0.03304144
141858,0,0.033041652
141859,0,0.033041652
141860,0,0.033041652
141861,0,0.033041522
141862,0,0.033040516
141863,0,0.033040393
141864,0,0.033040393
141865,0,0.033040214
141866,0,0.033040218
141867,0,0.03304021
141868,0,0.03304021
141869,0,0.03304023
141870,0,0.033040237
141871,0,0.033040233
141872,0,0.033040237
141873,0,0.033040233
141874,0,0.033040237
141875,0,0.033040237
141876,0,0.033040233
141877,0,0.033040237
141878,0,0.033040218
141879,0,0.033040214
141880,0,0.03304023
141881,0,0.033040233
141882,0,0.03304023
141883,0,0.033040233
141884,0,0.033040233
141885,0,0.03304023
141886,0,0.033040233
141887,0,0.033040233
141888,0,0.033040274
141889,0,0.03304021
141890,0,0.03304019
141891,0,0.03304019
141892,0,0.03304019
141893,0,0.033040196
141894,0,0.033040192
141895,0,0.033040196
141896,0,0.033040192
141897,0,0.033040192
141898,0,0.033040192
141899,0,0.03304024
141900,0,0.03304024
141901,0,0.03304024
141902,0,0.033040244
141903,0,0.033040237
141904,0,0.033040237
141905,0,0.033040248
141906,0,0.03304025
141907,0,0.033040244
141908,0,0.033040226
141909,0,0.033040207
141910,0,0.03304021
141911,0,0.03304021
141912,0,0.03304021
141913,0,0.033040207
141914,0,0.033040207
141915,0,0.033040203
141916,0,0.033040203
141917,0,0.033040214
141918,0,0.033040218
141919,0,0.033040233
141920,0,0.033040233
141921,0,0.033040278
141922,0,0.033040274
141923,0,0.033040266
141924,0,0.033040266
141925,0,0.0330402
141926,0,0.033040196
141927,0,0.033040192
141928,0,0.033040196
141929,0,0.033040192
141930,0,0.033040192
141931,0,0.03304019
141932,0,0.033040196
141933,0,0.033040192
141934,0,0.033040196
141935,0,0.0330402
141936,0,0.033040196
141937,0,0.033040203
141938,0,0.03304021
141939,0,0.03304022
141940,0,0.03304022
141941,0,0.033040226
141942,0,0.033040233
141943,0,0.03304023
141944,0,0.033040226
141945,0,0.033040226
141946,0,0.033040226
141947,0,0.03304023
141948,0,0.033040226
141949,0,0.03304023
141950,0,0.03304023
141951,0,0.033040214
141952,0,0.033040218
141953,0,0.033040185
141954,0,0.0330402
141955,0,0.033040207
141956,0,0.0330402
141957,0,0.033040203
141958,0,0.0330402
141959,0,0.033040196
141960,0,0.033040196
141961,0,0.0330402
141962,0,0.033040196
141963,0,0.033040244
141964,0,0.03304024
141965,0,0.033040237
141966,0,0.033040244
141967,0,0.03304024
141968,0,0.033040244
141969,0,0.03304019
141970,0,0.033040185
141971,0,0.033040192
141972,0,0.03304018
141973,0,0.03304019
141974,0,0.033040185
141975,0,0.03304018
141976,0,0.033040185
141977,0,0.03304018
141978,0,0.033040185
141979,0,0.03304019
141980,0,0.03304019
141981,0,0.03304019
141982,0,0.033040196
141983,0,0.03304027
141984,0,0.033040207
141985,0,0.03304021
141986,0,0.03304021
141987,0,0.033040207
141988,0,0.03304021
141989,0,0.033040207
141990,0,0.033040207
141991,0,0.033040207
141992,0,0.033040207
141993,0,0.033040192
141994,0,0.033040192
141995,0,0.03304019
141996,0,0.033040196
141997,0,0.033040192
141998,0,0.033040196
141999,0,0.033040196
142000,0,0.033040196
142001,0,0.033040196
142002,0,0.0330402
142003,0,0.033040226
142004,0,0.03304027
142005,0,0.033040274
142006,0,0.03304029
142007,0,0.033040203
142008,0,0.0330402
142009,0,0.033040203
142010,0,0.033040203
142011,0,0.033040203
142012,0,0.033040203
142013,0,0.033040203
142014,0,0.033040203
142015,0,0.033040214
142016,0,0.033040214
142017,0,0.033040278
142018,0,0.03304028
142019,0,0.033040192
142020,0,0.033040196
142021,0,0.033040196
142022,0,0.033040192
142023,0,0.03304019
142024,0,0.03304019
142025,0,0.033040185
142026,0,0.033040185
142027,0,0.033040185
142028,0,0.033040185
142029,0,0.03304021
142030,0,0.033040218
142031,0,0.033040218
142032,0,0.033040218
142033,0,0.033040218
142034,0,0.033040214
142035,0,0.033040214
142036,0,0.03304022
142037,0,0.03304022
142038,0,0.03304022
142039,0,0.03304022
142040,0,0.033040226
142041,0,0.03304024
142042,0,0.033040248
142043,0,0.033040248
142044,0,0.03304025
142045,0,0.033040248
142046,0,0.03304024
142047,0,0.033040248
142048,0,0.033040255
142049,0,0.033040255
142050,0,0.03304025
142051,0,0.03304022
142052,0,0.033040218
142053,0,0.033040214
142054,0,0.033040214
142055,0,0.033040214
142056,0,0.033040214
142057,0,0.033040207
142058,0,0.033040207
142059,0,0.03304023
142060,0,0.033040226
142061,0,0.033040237
142062,0,0.033040237
142063,0,0.03304023
142064,0,0.033040233
142065,0,0.03304023
142066,0,0.033040226
142067,0,0.03304022
142068,0,0.03304022
142069,0,0.03304023
142070,0,0.03304022
142071,0,0.033040218
142072,0,0.033040226
142073,0,0.033040226
142074,0,0.03304023
142075,0,0.03304022
142076,0,0.033040274
142077,0,0.033040278
142078,0,0.03304028
142079,0,0.033040263
142080,0,0.033040263
142081,0,0.033040266
142082,0,0.03304026
142083,0,0.033040266
142084,0,0.03304021
142085,0,0.03304019
142086,0,0.033040185
142087,0,0.033040185
142088,0,0.03304019
142089,0,0.033040196
142090,0,0.0330402
142091,0,0.033040203
142092,0,0.033040196
142093,0,0.033040203
142094,0,0.0330402
142095,0,0.03304026
142096,0,0.033040263
142097,0,0.033040274
142098,0,0.03304027
142099,0,0.033040274
142100,0,0.03304027
142101,0,0.03304027
142102,0,0.033040266
142103,0,0.03304027
142104,0,0.03304027
142105,0,0.03304027
142106,0,0.03304027
142107,0,0.033040266
142108,0,0.03304027
142109,0,0.03304027
142110,0,0.033040278
142111,0,0.033040274
142112,0,0.033040266
142113,0,0.03304026
142114,0,0.033040263
142115,0,0.033040263
142116,0,0.033040263
142117,0,0.033040266
142118,0,0.0330403
142119,0,0.033040296
142120,0,0.03304034
142121,0,0.03304035
142122,0,0.033040244
142123,0,0.033040244
142124,0,0.033040266
142125,0,0.033040266
142126,0,0.033040263
142127,0,0.033040266
142128,0,0.033040192
142129,0,0.033040192
142130,0,0.033040192
142131,0,0.03304019
142132,0,0.0330402
142133,0,0.0330402
142134,0,0.0330402
142135,0,0.03304026
142136,0,0.033040255
142137,0,0.03304026
142138,0,0.033040255
142139,0,0.033040255
142140,0,0.033040255
142141,0,0.033040255
142142,0,0.033040263
142143,0,0.033040266
142144,0,0.033040263
142145,0,0.033040263
142146,0,0.033040185
142147,0,0.033040196
142148,0,0.0330402
142149,0,0.033040203
142150,0,0.033040196
142151,0,0.0330402
142152,0,0.033040192
142153,0,0.033040244
142154,0,0.033040244
142155,0,0.033040248
142156,0,0.033040248
142157,0,0.033040214
142158,0,0.033040214
142159,0,0.033040214
142160,0,0.033040192
142161,0,0.033040192
142162,0,0.033040218
142163,0,0.033040274
142164,0,0.03304027
142165,0,0.033040274
142166,0,0.033040278
142167,0,0.03304028
142168,0,0.03304028
142169,0,0.03304029
142170,0,0.03304028
142171,0,0.03304028
142172,0,0.033040285
142173,0,0.03304026
142174,0,0.03304026
142175,0,0.033040255
142176,0,0.033040218
142177,0,0.03304022
142178,0,0.03304022
142179,0,0.03304022
142180,0,0.033040248
142181,0,0.033040255
142182,0,0.03304026
142183,0,0.03304025
142184,0,0.033040244
142185,0,0.033040248
142186,0,0.033040244
142187,0,0.033040244
142188,0,0.033040244
142189,0,0.033040248
142190,0,0.033040226
142191,0,0.033040226
142192,0,0.03304022
142193,0,0.033040214
142194,0,0.033040214
142195,0,0.033040214
142196,0,0.033040214
142197,0,0.03304022
142198,0,0.033040285
142199,0,0.03304028
142200,0,0.03304029
142201,0,0.033040274
142202,0,0.033040274
142203,0,0.03304027
142204,0,0.033040274
142205,0,0.033040285
142206,0,0.03304028
142207,0,0.033040285
142208,0,0.033040278
142209,0,0.033040278
142210,0,0.033040278
142211,0,0.033040278
142212,0,0.03304028
142213,0,0.033040278
142214,0,0.033040285
142215,0,0.03304026
142216,0,0.03304026
142217,0,0.03304028
142218,0,0.033040218
142219,0,0.033040255
142220,0,0.03304025
142221,0,0.033040248
142222,0,0.033040255
142223,0,0.033040248
142224,0,0.03304023
142225,0,0.033040233
142226,0,0.03304024
142227,0,0.03304024
142228,0,0.03304028
142229,0,0.03304027
142230,0,0.033040278
142231,0,0.03304027
142232,0,0.033040274
142233,0,0.033040266
142234,0,0.033040266
142235,0,0.033040266
142236,0,0.033040266
142237,0,0.033040266
142238,0,0.033040266
142239,0,0.033040266
142240,0,0.033040274
142241,0,0.033040207
142242,0,0.033040192
142243,0,0.033040192
142244,0,0.03304019
142245,0,0.033040203
142246,0,0.0330402
142247,0,0.033040203
142248,0,0.0330402
142249,0,0.033040218
142250,0,0.033040203
142251,0,0.03304024
142252,0,0.033040237
142253,0,0.033040248
142254,0,0.03304028
142255,0,0.033040266
142256,0,0.033040274
142257,0,0.033040263
142258,0,0.03304027
142259,0,0.033040192
142260,0,0.033040196
142261,0,0.033040192
142262,0,0.033040196
142263,0,0.0330402
142264,0,0.033040192
142265,0,0.033040192
142266,0,0.03304018
142267,0,0.033040177
142268,0,0.033040173
142269,0,0.03304023
142270,0,0.03304023
142271,0,0.03304023
142272,0,0.03304023
142273,0,0.033040226
142274,0,0.03304023
142275,0,0.033040226
142276,0,0.033040266
142277,0,0.03304026
142278,0,0.03304026
142279,0,0.033040218
142280,0,0.033040218
142281,0,0.033040218
142282,0,0.033040207
142283,0,0.033040207
142284,0,0.03304021
142285,0,0.033040214
142286,0,0.033040214
142287,0,0.033040263
142288,0,0.03304026
142289,0,0.03304026
142290,0,0.033040185
142291,0,0.033040185
142292,0,0.03304018
142293,0,0.03304018
142294,0,0.03304018
142295,0,0.03304019
142296,0,0.03304019
142297,0,0.03304019
142298,0,0.03304019
142299,0,0.03304019
142300,0,0.033040274
142301,0,0.03304027
142302,0,0.03304027
142303,0,0.03304025
142304,0,0.033040263
142305,0,0.03304026
142306,0,0.033040263
142307,0,0.03304022
142308,0,0.03304026
142309,0,0.033040285
142310,0,0.033040285
142311,0,0.03304028
142312,0,0.033040278
142313,0,0.03304027
142314,0,0.03304027
142315,0,0.033040266
142316,0,0.03304022
142317,0,0.03304022
142318,0,0.033040218
142319,0,0.033040237
142320,0,0.033040237
142321,0,0.03304024
142322,0,0.03304016
142323,0,0.03304016
142324,0,0.033040155
142325,0,0.03304016
142326,0,0.033040162
142327,0,0.033040162
142328,0,0.033040162
142329,0,0.03304016
142330,0,0.033040162
142331,0,0.03304016
142332,0,0.033040207
142333,0,0.03304021
142334,0,0.033040214
142335,0,0.03304021
142336,0,0.033040214
142337,0,0.03304021
142338,0,0.033040218
142339,0,0.033040214
142340,0,0.03304021
142341,0,0.033040233
142342,0,0.033040237
142343,0,0.033040237
142344,0,0.033040237
142345,0,0.03304024
142346,0,0.03304024
142347,0,0.033040248
142348,0,0.033040244
142349,0,0.033040237
142350,0,0.033040274
142351,0,0.03304026
142352,0,0.03304026
142353,0,0.033040255
142354,0,0.033040255
142355,0,0.033040248
142356,0,0.03304021
142357,0,0.03304022
142358,0,0.03304021
142359,0,0.03304021
142360,0,0.03304021
142361,0,0.033040233
142362,0,0.033040233
142363,0,0.03304023
142364,0,0.03304023
142365,0,0.033040233
142366,0,0.033040248
142367,0,0.033040244
142368,0,0.033040248
142369,0,0.033040244
142370,0,0.033040233
142371,0,0.033040248
142372,0,0.033040248
142373,0,0.03304023
142374,0,0.03304022
142375,0,0.033040226
142376,0,0.03304022
142377,0,0.03304024
142378,0,0.03304024
142379,0,0.033040237
142380,0,0.03304024
142381,0,0.033040237
142382,0,0.033040244
142383,0,0.033040237
142384,0,0.03304022
142385,0,0.033040226
142386,0,0.03304022
142387,0,0.03304022
142388,0,0.03304022
142389,0,0.033040274
142390,0,0.033040278
142391,0,0.033040263
142392,0,0.03304026
142393,0,0.033040255
142394,0,0.03304026
142395,0,0.03304026
142396,0,0.03304026
142397,0,0.033040226
142398,0,0.03304023
142399,0,0.03304023
142400,0,0.033040214
142401,0,0.033040233
142402,0,0.03304023
142403,0,0.033040214
142404,0,0.033040218
142405,0,0.033040266
142406,0,0.03304026
142407,0,0.033040274
142408,0,0.033040278
142409,0,0.033040203
142410,0,0.033040203
142411,0,0.033040203
142412,0,0.03304021
142413,0,0.033040207
142414,0,0.0330402
142415,0,0.0330402
142416,0,0.033040207
142417,0,0.033040207
142418,0,0.03304021
142419,0,0.033040233
142420,0,0.033040233
142421,0,0.03304023
142422,0,0.033040233
142423,0,0.03304022
142424,0,0.033040226
142425,0,0.03304022
142426,0,0.033040233
142427,0,0.033040255
142428,0,0.03304026
142429,0,0.033040255
142430,0,0.033040255
142431,0,0.03304025
142432,0,0.03304025
142433,0,0.033040255
142434,0,0.033040248
142435,0,0.033040255
142436,0,0.03304027
142437,0,0.033040263
142438,0,0.033040263
142439,0,0.033040274
142440,0,0.0330403
142441,0,0.0330403
142442,0,0.033040296
142443,0,0.033040304
142444,0,0.033040307
142445,0,0.033040307
142446,0,0.033040307
142447,0,0.03304031
142448,0,0.033040307
142449,0,0.03304031
142450,0,0.033040248
142451,0,0.033040244
142452,0,0.033040218
142453,0,0.03304022
142454,0,0.033040226
142455,0,0.033040218
142456,0,0.033040233
142457,0,0.03304023
142458,0,0.03304026
142459,0,0.03304026
142460,0,0.033040255
142461,0,0.033040255
142462,0,0.033040255
142463,0,0.033040255
142464,0,0.033040255
142465,0,0.03304026
142466,0,0.033040255
142467,0,0.03304026
142468,0,0.033040345
142469,0,0.0330403
142470,0,0.033040307
142471,0,0.03304031
142472,0,0.03304031
142473,0,0.03304031
142474,0,0.03304025
142475,0,0.033040248
142476,0,0.033040248
142477,0,0.033040237
142478,0,0.033040237
142479,0,0.033040237
142480,0,0.033040218
142481,0,0.03304026
142482,0,0.033040248
142483,0,0.033040237
142484,0,0.03304024
142485,0,0.033040237
142486,0,0.033040266
142487,0,0.03304027
142488,0,0.033040266
142489,0,0.033040263
142490,0,0.03304027
142491,0,0.033040244
142492,0,0.03304024
142493,0,0.033040218
142494,0,0.03304022
142495,0,0.033040218
142496,0,0.033040218
142497,0,0.03304021
142498,0,0.03304022
142499,0,0.033040218
142500,0,0.03304023
142501,0,0.033040214
142502,0,0.033040218
142503,0,0.03304022
142504,0,0.033040248
142505,0,0.033040237
142506,0,0.033040244
142507,0,0.03304024
142508,0,0.033040244
142509,0,0.033040244
142510,0,0.033040237
142511,0,0.033040244
142512,0,0.03304024
142513,0,0.03304026
142514,0,0.03304028
142515,0,0.033040278
142516,0,0.033040278
142517,0,0.033040322
142518,0,0.03304032
142519,0,0.033040322
142520,0,0.033040322
142521,0,0.033040307
142522,0,0.033040307
142523,0,0.03304031
142524,0,0.033040296
142525,0,0.033040293
142526,0,0.033040296
142527,0,0.033040285
142528,0,0.03304029
142529,0,0.03304029
142530,0,0.03304029
142531,0,0.033040293
142532,0,0.033040285
142533,0,0.033040248
142534,0,0.033040255
142535,0,0.033040248
142536,0,0.033040244
142537,0,0.033040244
142538,0,0.033040263
142539,0,0.033040226
142540,0,0.03304023
142541,0,0.033040226
142542,0,0.03304027
142543,0,0.03304027
142544,0,0.03304027
142545,0,0.03304027
142546,0,0.033040274
142547,0,0.033040274
142548,0,0.033040274
142549,0,0.03304027
142550,0,0.03304027
142551,0,0.033040214
142552,0,0.033040203
142553,0,0.0330402
142554,0,0.03304021
142555,0,0.03304024
142556,0,0.033040237
142557,0,0.033040233
142558,0,0.033040237
142559,0,0.033040237
142560,0,0.03304027
142561,0,0.033040274
142562,0,0.03304027
142563,0,0.03304027
142564,0,0.03304027
142565,0,0.033040266
142566,0,0.03304027
142567,0,0.033040266
142568,0,0.03304027
142569,0,0.033040274
142570,0,0.033040278
142571,0,0.03304027
142572,0,0.033040274
142573,0,0.03304027
142574,0,0.033040244
142575,0,0.033040352
142576,0,0.03304036
142577,0,0.033040356
142578,0,0.033040356
142579,0,0.033040285
142580,0,0.03304028
142581,0,0.03304028
142582,0,0.03304028
142583,0,0.03304029
142584,0,0.033040285
142585,0,0.033040296
142586,0,0.033040293
142587,0,0.033040293
142588,0,0.033040255
142589,0,0.033040237
142590,0,0.033040233
142591,0,0.03304024
142592,0,0.033040233
142593,0,0.033040237
142594,0,0.033040263
142595,0,0.033040263
142596,0,0.033040263
142597,0,0.033040263
142598,0,0.033040263
142599,0,0.03304027
142600,0,0.03304027
142601,0,0.033040266
142602,0,0.033040266
142603,0,0.033040263
142604,0,0.033040214
142605,0,0.033040214
142606,0,0.033040218
142607,0,0.033040218
142608,0,0.033040218
142609,0,0.033040307
142610,0,0.03304031
142611,0,0.033040322
142612,0,0.033040326
142613,0,0.033040326
142614,0,0.03304044
142615,0,0.033040438
142616,0,0.033040434
142617,0,0.033040438
142618,0,0.033040438
142619,0,0.033040278
142620,0,0.033040274
142621,0,0.033040274
142622,0,0.033040274
142623,0,0.033040278
142624,0,0.033040248
142625,0,0.033040244
142626,0,0.03304024
142627,0,0.033040237
142628,0,0.033040244
142629,0,0.03304024
142630,0,0.033040244
142631,0,0.03304024
142632,0,0.033040255
142633,0,0.03304025
142634,0,0.03304024
142635,0,0.033040263
142636,0,0.033040263
142637,0,0.033040263
142638,0,0.033040263
142639,0,0.03304037
142640,0,0.03304037
142641,0,0.03304037
142642,0,0.033040363
142643,0,0.033040363
142644,0,0.033040367
142645,0,0.03304027
142646,0,0.03304027
142647,0,0.033040274
142648,0,0.033040266
142649,0,0.03304028
142650,0,0.033040274
142651,0,0.03304028
142652,0,0.03304027
142653,0,0.033040203
142654,0,0.033040214
142655,0,0.033040218
142656,0,0.033040214
142657,0,0.033040218
142658,0,0.033040218
142659,0,0.033040218
142660,0,0.03304022
142661,0,0.033040214
142662,0,0.03304022
142663,0,0.03304024
142664,0,0.033040233
142665,0,0.03304024
142666,0,0.033040237
142667,0,0.033040233
142668,0,0.033040233
142669,0,0.033040237
142670,0,0.03304023
142671,0,0.033040274
142672,0,0.033040237
142673,0,0.033040233
142674,0,0.03304024
142675,0,0.033040244
142676,0,0.033040244
142677,0,0.03304022
142678,0,0.03304022
142679,0,0.033040218
142680,0,0.033040214
142681,0,0.03304022
142682,0,0.03304022
142683,0,0.03304022
142684,0,0.03304022
142685,0,0.033040226
142686,0,0.03304034
142687,0,0.033040345
142688,0,0.03304028
142689,0,0.033040278
142690,0,0.03304024
142691,0,0.033040233
142692,0,0.033040226
142693,0,0.033040226
142694,0,0.033040226
142695,0,0.033040226
142696,0,0.033040233
142697,0,0.033040233
142698,0,0.03304025
142699,0,0.033040244
142700,0,0.033040263
142701,0,0.033040266
142702,0,0.03304027
142703,0,0.033040266
142704,0,0.033040266
142705,0,0.03304027
142706,0,0.033040266
142707,0,0.03304027
142708,0,0.033040266
142709,0,0.03304025
142710,0,0.03304025
142711,0,0.033040263
142712,0,0.033040263
142713,0,0.033040263
142714,0,0.033040326
142715,0,0.033040263
142716,0,0.033040263
142717,0,0.033040263
142718,0,0.033040266
142719,0,0.033040266
142720,0,0.033040315
142721,0,0.03304031
142722,0,0.033040307
142723,0,0.03304031
142724,0,0.03304031
142725,0,0.033040293
142726,0,0.033040296
142727,0,0.033040296
142728,0,0.033040293
142729,0,0.03304029
142730,0,0.03304026
142731,0,0.03304026
142732,0,0.033040278
142733,0,0.033040278
142734,0,0.033040356
142735,0,0.03304044
142736,0,0.033040445
142737,0,0.03304044
142738,0,0.033040445
142739,0,0.033040334
142740,0,0.033040322
142741,0,0.033040322
142742,0,0.033040326
142743,0,0.033040296
142744,0,0.033040293
142745,0,0.033040293
142746,0,0.03304029
142747,0,0.03304029
142748,0,0.033040274
142749,0,0.03304027
142750,0,0.03304027
142751,0,0.03304027
142752,0,0.033040263
142753,0,0.033040263
142754,0,0.03304026
142755,0,0.03304026
142756,0,0.03304027
142757,0,0.033040266
142758,0,0.033040218
142759,0,0.033040218
142760,0,0.033040293
142761,0,0.033040296
142762,0,0.033040296
142763,0,0.033040293
142764,0,0.03304032
142765,0,0.03304032
142766,0,0.03304046
142767,0,0.033040464
142768,0,0.033040456
142769,0,0.03304029
142770,0,0.033040293
142771,0,0.033040296
142772,0,0.0330403
142773,0,0.033040304
142774,0,0.033040296
142775,0,0.033040296
142776,0,0.033040293
142777,0,0.03304039
142778,0,0.03304039
142779,0,0.033040337
142780,0,0.033040337
142781,0,0.033040337
142782,0,0.033040337
142783,0,0.033040337
142784,0,0.033040334
142785,0,0.03304034
142786,0,0.03304034
142787,0,0.033040307
142788,0,0.033040307
142789,0,0.033040307
142790,0,0.033040304
142791,0,0.033040304
142792,0,0.03304031
142793,0,0.033040304
142794,0,0.033040304
142795,0,0.033040393
142796,0,0.03304041
142797,0,0.033040408
142798,0,0.033040408
142799,0,0.033040408
142800,0,0.033040408
142801,0,0.033040408
142802,0,0.033040408
142803,0,0.033040408
142804,0,0.033040408
142805,0,0.033040285
142806,0,0.033040255
142807,0,0.033040296
142808,0,0.033040296
142809,0,0.03304031
142810,0,0.03304031
142811,0,0.033040334
142812,0,0.033040334
142813,0,0.033040334
142814,0,0.033040334
142815,0,0.03304029
142816,0,0.03304029
142817,0,0.03304029
142818,0,0.033040248
142819,0,0.033040248
142820,0,0.03304028
142821,0,0.033040278
142822,0,0.033040278
142823,0,0.03304029
142824,0,0.033040278
142825,0,0.033040278
142826,0,0.033040278
142827,0,0.033040296
142828,0,0.033040266
142829,0,0.03304027
142830,0,0.033040233
142831,0,0.03304024
142832,0,0.03304026
142833,0,0.03304025
142834,0,0.03304024
142835,0,0.03304024
142836,0,0.03304023
142837,0,0.03304023
142838,0,0.03304025
142839,0,0.033040233
142840,0,0.033040237
142841,0,0.033040255
142842,0,0.03304026
142843,0,0.033040274
142844,0,0.03304026
142845,0,0.033040274
142846,0,0.033040255
142847,0,0.03304025
142848,0,0.03304026
142849,0,0.033040255
142850,0,0.033040244
142851,0,0.03304024
142852,0,0.033040375
142853,0,0.03304038
142854,0,0.03304038
142855,0,0.03304037
142856,0,0.033040382
142857,0,0.033040386
142858,0,0.033040386
142859,0,0.033040386
142860,0,0.033040404
142861,0,0.033040408
142862,0,0.033040408
142863,0,0.033040386
142864,0,0.033040386
142865,0,0.033040386
142866,0,0.033040386
142867,0,0.033040386
142868,0,0.033040386
142869,0,0.033040386
142870,0,0.033040456
142871,0,0.033040456
142872,0,0.03304034
142873,0,0.03304034
142874,0,0.03304034
142875,0,0.03304034
142876,0,0.03304034
142877,0,0.03304034
142878,0,0.033040237
142879,0,0.033040244
142880,0,0.033040248
142881,0,0.03304026
142882,0,0.03304026
142883,0,0.033040263
142884,0,0.033040307
142885,0,0.0330403
142886,0,0.033040293
142887,0,0.0330403
142888,0,0.033040438
142889,0,0.033040438
142890,0,0.03304046
142891,0,0.03304045
142892,0,0.03304045
142893,0,0.033040464
142894,0,0.033040363
142895,0,0.033040367
142896,0,0.03304037
142897,0,0.033040356
142898,0,0.033040266
142899,0,0.033040263
142900,0,0.033040456
142901,0,0.033040665
142902,0,0.03304062
142903,0,0.03304061
142904,0,0.03304042
142905,0,0.033040423
142906,0,0.033040423
142907,0,0.033040423
142908,0,0.033040393
142909,0,0.033040393
142910,0,0.033040386
142911,0,0.033040397
142912,0,0.03304038
142913,0,0.03304037
142914,0,0.03304035
142915,0,0.033040356
142916,0,0.033040352
142917,0,0.03304046
142918,0,0.03304036
142919,0,0.033040356
142920,0,0.033040356
142921,0,0.033040345
142922,0,0.033040296
142923,0,0.033040293
142924,0,0.033040296
142925,0,0.033040304
142926,0,0.033040307
142927,0,0.03304029
142928,0,0.033040274
142929,0,0.033040278
142930,0,0.033040266
142931,0,0.033040304
142932,0,0.033040315
142933,0,0.03304031
142934,0,0.03304031
142935,0,0.033040315
142936,0,0.03304032
142937,0,0.033040326
142938,0,0.03304031
142939,0,0.03304031
142940,0,0.033040363
142941,0,0.03304073
142942,0,0.033040725
142943,0,0.03304073
142944,0,0.03304042
142945,0,0.03304042
142946,0,0.03304042
142947,0,0.033040337
142948,0,0.03304024
142949,0,0.03304024
142950,0,0.033040237
142951,0,0.033040233
142952,0,0.033040233
142953,0,0.033040233
142954,0,0.033040248
142955,0,0.03304025
142956,0,0.033040263
142957,0,0.033041224
142958,0,0.03304122
142959,0,0.033041224
142960,0,0.03304122
142961,0,0.033040814
142962,0,0.033040702
142963,0,0.033040706
142964,0,0.033040706
142965,0,0.033040706
142966,0,0.033040706
142967,0,0.03304031
142968,0,0.033040315
142969,0,0.033040293
142970,0,0.03304029
142971,0,0.033040293
142972,0,0.03304028
142973,0,0.03304028
142974,0,0.033040293
142975,0,0.0330403
142976,0,0.033040278
142977,0,0.03304031
142978,0,0.033040307
142979,0,0.033040304
142980,0,0.033040315
142981,0,0.03304029
142982,0,0.0330403
142983,0,0.0330403
142984,0,0.033040296
142985,0,0.033040296
142986,0,0.0330403
142987,0,0.0330403
142988,0,0.033040345
142989,0,0.033040345
142990,0,0.033040352
142991,0,0.033040326
142992,0,0.03304035
142993,0,0.03304032
142994,0,0.033040423
142995,0,0.03304033
142996,0,0.033040337
142997,0,0.03304025
142998,0,0.03304027
142999,0,0.03304033
143000,0,0.03304043
143001,0,0.03304043
143002,0,0.03304043
143003,0,0.03304043
143004,0,0.03304034
143005,0,0.033040307
143006,0,0.033040307
143007,0,0.033040363
143008,0,0.033040393
143009,0,0.033040375
143010,0,0.033040345
143011,0,0.03304036
143012,0,0.03304038
143013,0,0.033040352
143014,0,0.033040367
143015,0,0.03304037
143016,0,0.033040345
143017,0,0.033040337
143018,0,0.033040352
143019,0,0.033040337
143020,0,0.033040337
143021,0,0.033040337
143022,0,0.033040337
143023,0,0.033040337
143024,0,0.033040337
143025,0,0.03304112
143026,0,0.03304112
143027,0,0.03304035
143028,0,0.03304029
143029,0,0.033040293
143030,0,0.033040274
143031,0,0.033040266
143032,0,0.03304028
143033,0,0.033040293
143034,0,0.033040296
143035,0,0.03304032
143036,0,0.03304031
143037,0,0.033040367
143038,0,0.033040352
143039,0,0.03304038
143040,0,0.03304037
143041,0,0.0330404
143042,0,0.03304039
143043,0,0.033040363
143044,0,0.03304036
143045,0,0.033040363
143046,0,0.03304036
143047,0,0.033040524
143048,0,0.033040527
143049,0,0.033040527
143050,0,0.033040527
143051,0,0.033040553
143052,0,0.033040553
143053,0,0.033040747
143054,0,0.033041317
143055,0,0.033041134
143056,0,0.03304114
143057,0,0.03304168
143058,0,0.03304168
143059,0,0.033041675
143060,0,0.033041675
143061,0,0.033041675
143062,0,0.033041682
143063,0,0.03304168
143064,0,0.033041675
143065,0,0.033076692
143066,0,0.033076584
143067,0,0.033040483
143068,0,0.033040483
143069,0,0.033040483
143070,0,0.033596963
143071,0,0.043546017
143072,0,0.043682013
143073,0,0.033780146
143074,0,0.033777498
143075,0,0.03304049
143076,0,0.03304049
143077,0,0.03304049
143078,0,0.03304037
143079,0,0.03304035
143080,0,0.03304035
143081,0,0.033040386
143082,0,0.033040356
143083,0,0.033040352
143084,0,0.03304065
143085,0,0.03304052
143086,0,0.033040516
143087,0,0.033040546
143088,0,0.033040546
143089,0,0.033040546
143090,0,0.033040788
143091,0,0.033040483
143092,0,0.033040483
143093,0,0.033040483
143094,0,0.033040483
143095,0,0.033040483
143096,0,0.033040483
143097,0,0.033040393
143098,0,0.033040352
143099,0,0.03304037
143100,0,0.033040393
143101,0,0.033040553
143102,0,0.033040553
143103,0,0.033040352
143104,0,0.033040415
143105,0,0.033040367
143106,0,0.033040382
143107,0,0.03304399
143108,0,0.033043988
143109,0,0.033043995
143110,0,0.033043977
143111,0,0.033043988
143112,0,0.033044003
143113,0,0.03304581
143114,0,0.033045802
143115,0,0.033040814
143116,0,0.033040814
143117,0,0.03304081
143118,0,0.033041395
143119,0,0.033041395
143120,0,0.033041395
143121,0,0.0330414
143122,0,0.03304139
143123,0,0.03304036
143124,0,0.033040345
143125,0,0.033040322
143126,0,0.03304035
143127,0,0.03304029
143128,0,0.033042524
143129,0,0.033042528
143130,0,0.03315183
143131,0,0.033152103
143132,0,0.033893283
143133,0,0.03390119
143134,0,0.051559605
143135,0,0.052818798
143136,0,0.052839693
143137,0,0.052828997
143138,0,0.03304443
143139,0,0.03304444
143140,0,0.033040754
143141,0,0.03304075
143142,0,0.03304075
143143,0,0.033040367
143144,0,0.033040375
143145,0,0.033040345
143146,0,0.03304036
143147,0,0.033040397
143148,0,0.033040717
143149,0,0.033040714
143150,0,0.033040714
143151,0,0.033040717
143152,0,0.033040717
143153,0,0.033040717
143154,0,0.033040714
143155,0,0.033040714
143156,0,0.033044253
143157,0,0.033044267
143158,0,0.03304036
143159,0,0.033040304
143160,0,0.033040386
143161,0,0.033040326
143162,0,0.033040334
143163,0,0.033040367
143164,0,0.033040352
143165,0,0.033040382
143166,0,0.03304036
143167,0,0.03304033
143168,0,0.03304056
143169,0,0.03304056
143170,0,0.03304056
143171,0,0.03304056
143172,0,0.03304173
143173,0,0.033041734
143174,0,0.033041727
143175,0,0.033041734
143176,0,0.033041734
143177,0,0.033041432
143178,0,0.03304142
143179,0,0.03304143
143180,0,0.03304248
143181,0,0.033042483
143182,0,0.03304148
143183,0,0.033041466
143184,0,0.033041473
143185,0,0.03304147
143186,0,0.033041462
143187,0,0.033074535
143188,0,0.039144505
143189,0,0.03326367
143190,0,0.040130705
143191,0,0.0330407
143192,0,0.0330407
143193,0,0.0330407
143194,0,0.033040695
143195,0,0.033040695
143196,0,0.03304042
143197,0,0.03304042
143198,0,0.03304042
143199,0,0.03304042
143200,0,0.03304035
143201,0,0.033040367
143202,0,0.03304037
143203,0,0.033040375
143204,0,0.033040404
143205,0,0.03304042
143206,0,0.033040524
143207,0,0.033040524
143208,0,0.033040535
143209,0,0.03304061
143210,0,0.03304061
143211,0,0.03304061
143212,0,0.03304061
143213,0,0.033040605
143214,0,0.033042043
143215,0,0.033051975
143216,0,0.033052143
143217,0,0.033052277
143218,0,0.033047102
143219,0,0.03304707
143220,0,0.033047136
143221,0,0.033047184
143222,0,0.03304715
143223,0,0.033047196
143224,0,0.07359779
143225,0,0.07354987
143226,0,0.04756419
143227,0,0.033040848
143228,0,0.033040427
143229,0,0.033040427
143230,0,0.03304041
143231,0,0.03304046
143232,0,0.03304046
143233,0,0.03304046
143234,0,0.0330407
143235,0,0.033040695
143236,0,0.033040695
143237,0,0.03304094
143238,0,0.033040944
143239,0,0.03304094
143240,0,0.03304094
143241,0,0.03304165
143242,0,0.033041637
143243,0,0.033041634
143244,0,0.033040337
143245,0,0.03304412
143246,0,0.033044126
143247,0,0.03304407
143248,0,0.033044096
143249,0,0.033044104
143250,0,0.033044092
143251,0,0.033040795
143252,0,0.033044953
143253,0,0.033044938
143254,0,0.033044927
143255,0,0.03304491
143256,0,0.03304492
143257,0,0.033044934
143258,0,0.033197656
143259,0,0.033197485
143260,0,0.03304129
143261,0,0.03304129
143262,0,0.03304129
143263,0,0.033041295
143264,0,0.033041295
143265,0,0.03304129
143266,0,0.033041287
143267,0,0.033041287
143268,0,0.033040423
143269,0,0.03304044
143270,0,0.033040375
143271,0,0.033040352
143272,0,0.033040386
143273,0,0.033040393
143274,0,0.0330404
143275,0,0.033040367
143276,0,0.033040367
143277,0,0.03304037
143278,0,0.033040382
143279,0,0.03304032
143280,0,0.03304032
143281,0,0.03304029
143282,0,0.03304089
143283,0,0.033040892
143284,0,0.033040892
143285,0,0.033040892
143286,0,0.033040892
143287,0,0.033040963
143288,0,0.033040963
143289,0,0.03305297
143290,0,0.033053078
143291,0,0.033053212
143292,0,0.033042014
143293,0,0.033040907
143294,0,0.033040907
143295,0,0.03304053
143296,0,0.033040408
143297,0,0.03304042
143298,0,0.033040427
143299,0,0.03304033
143300,0,0.033040408
143301,0,0.033040363
143302,0,0.033040375
143303,0,0.0330404
143304,0,0.0330404
143305,0,0.03304041
143306,0,0.033040363
143307,0,0.03304033
143308,0,0.03304033
143309,0,0.033040326
143310,0,0.033040356
143311,0,0.033040397
143312,0,0.03304034
143313,0,0.03304034
143314,0,0.033040293
143315,0,0.03304032
143316,0,0.033040278
143317,0,0.033040285
143318,0,0.03304028
143319,0,0.0330403
143320,0,0.033040307
143321,0,0.033041067
143322,0,0.033041064
143323,0,0.033041064
143324,0,0.033041064
143325,0,0.033041064
143326,0,0.033041064
143327,0,0.033041064
143328,0,0.033041067
143329,0,0.03304198
143330,0,0.03304199
143331,0,0.033040334
143332,0,0.03304034
143333,0,0.033040367
143334,0,0.03304037
143335,0,0.033040367
143336,0,0.033040393
143337,0,0.033040345
143338,0,0.033040356
143339,0,0.03304038
143340,0,0.03304033
143341,0,0.033040408
143342,0,0.03304035
143343,0,0.033040375
143344,0,0.033040356
143345,0,0.03304038
143346,0,0.03304042
143347,0,0.033040415
143348,0,0.033040404
143349,0,0.03304036
143350,0,0.033040356
143351,0,0.033040356
143352,0,0.033047196
143353,0,0.033047184
143354,0,0.03304029
143355,0,0.033040285
143356,0,0.03304031
143357,0,0.033040322
143358,0,0.033040326
143359,0,0.033040337
143360,0,0.033040337
143361,0,0.033040345
143362,0,0.033040367
143363,0,0.033040386
143364,0,0.033040386
143365,0,0.033040393
143366,0,0.033040393
143367,0,0.033040393
143368,0,0.03304041
143369,0,0.033040393
143370,0,0.033040393
143371,0,0.0330404
143372,0,0.03304039
143373,0,0.03304039
143374,0,0.033040475
143375,0,0.033040356
143376,0,0.033040352
143377,0,0.03304036
143378,0,0.033040334
143379,0,0.03304034
143380,0,0.03304032
143381,0,0.033040315
143382,0,0.03304038
143383,0,0.03304038
143384,0,0.033040382
143385,0,0.033040382
143386,0,0.03304038
143387,0,0.033040382
143388,0,0.033040382
143389,0,0.033040382
143390,0,0.03304033
143391,0,0.033040334
143392,0,0.033040337
143393,0,0.033040367
143394,0,0.033040356
143395,0,0.033040356
143396,0,0.03304058
143397,0,0.03304058
143398,0,0.03304058
143399,0,0.03304058
143400,0,0.033042368
143401,0,0.033042368
143402,0,0.033042356
143403,0,0.033060245
143404,0,0.03306046
143405,0,0.033040386
143406,0,0.033040386
143407,0,0.033040386
143408,0,0.033040445
143409,0,0.033040415
143410,0,0.033040393
143411,0,0.033040382
143412,0,0.033040382
143413,0,0.033040464
143414,0,0.03304043
143415,0,0.03304043
143416,0,0.033040456
143417,0,0.033040494
143418,0,0.03304037
143419,0,0.033040367
143420,0,0.03304041
143421,0,0.033040397
143422,0,0.033040345
143423,0,0.03304036
143424,0,0.033040397
143425,0,0.033040393
143426,0,0.033040423
143427,0,0.033040404
143428,0,0.033040363
143429,0,0.033040315
143430,0,0.033040326
143431,0,0.03304034
143432,0,0.033040322
143433,0,0.03304034
143434,0,0.033040337
143435,0,0.033040352
143436,0,0.033040375
143437,0,0.033040356
143438,0,0.03304039
143439,0,0.033040356
143440,0,0.033040322
143441,0,0.03304033
143442,0,0.033040516
143443,0,0.033040483
143444,0,0.033040483
143445,0,0.033040483
143446,0,0.033040468
143447,0,0.033040468
143448,0,0.033040468
143449,0,0.033040468
143450,0,0.033040468
143451,0,0.033040468
143452,0,0.033040415
143453,0,0.0330404
143454,0,0.033040404
143455,0,0.03304041
143456,0,0.033040393
143457,0,0.033040293
143458,0,0.033040285
143459,0,0.03304031
143460,0,0.033040307
143461,0,0.0330403
143462,0,0.033040274
143463,0,0.033040274
143464,0,0.03304031
143465,0,0.0330403
143466,0,0.033040326
143467,0,0.03304033
143468,0,0.033040322
143469,0,0.03304031
143470,0,0.03304032
143471,0,0.033040304
143472,0,0.03304031
143473,0,0.033040304
143474,0,0.033040293
143475,0,0.033040285
143476,0,0.033040304
143477,0,0.033040293
143478,0,0.03304032
143479,0,0.033040315
143480,0,0.03304031
143481,0,0.03304032
143482,0,0.033040334
143483,0,0.033066515
143484,0,0.033066854
143485,0,0.033066902
143486,0,0.03306695
143487,0,0.03304055
143488,0,0.03304055
143489,0,0.03304055
143490,0,0.033040553
143491,0,0.03304055
143492,0,0.03304031
143493,0,0.033040322
143494,0,0.03304031
143495,0,0.033040293
143496,0,0.03304033
143497,0,0.033040594
143498,0,0.033040594
143499,0,0.033040598
143500,0,0.033040594
143501,0,0.033040594
143502,0,0.033052523
143503,0,0.03305237
143504,0,0.03304159
143505,0,0.03304159
143506,0,0.03304038
143507,0,0.03304037
143508,0,0.03304037
143509,0,0.033040375
143510,0,0.03304038
143511,0,0.033040375
143512,0,0.033040352
143513,0,0.03304039
143514,0,0.033040375
143515,0,0.03304039
143516,0,0.033040315
143517,0,0.03304031
143518,0,0.03304034
143519,0,0.033040356
143520,0,0.03304034
143521,0,0.03304034
143522,0,0.03304035
143523,0,0.033040594
143524,0,0.033040594
143525,0,0.03304059
143526,0,0.03304059
143527,0,0.03304059
143528,0,0.03304059
143529,0,0.03304059
143530,0,0.03304059
143531,0,0.033040635
143532,0,0.033040635
143533,0,0.033040356
143534,0,0.03304035
143535,0,0.03304035
143536,0,0.033040483
143537,0,0.033040483
143538,0,0.033040486
143539,0,0.033040486
143540,0,0.033040486
143541,0,0.033367552
143542,0,0.03337168
143543,0,0.033041663
143544,0,0.03304166
143545,0,0.033040423
143546,0,0.033040337
143547,0,0.033040356
143548,0,0.033041187
143549,0,0.033041187
143550,0,0.033041183
143551,0,0.033041187
143552,0,0.033041183
143553,0,0.033041183
143554,0,0.03304118
143555,0,0.033041183
143556,0,0.033041768
143557,0,0.03304177
143558,0,0.03304039
143559,0,0.03304035
143560,0,0.03304035
143561,0,0.033040356
143562,0,0.03304038
143563,0,0.033040367
143564,0,0.033040397
143565,0,0.033040307
143566,0,0.033040315
143567,0,0.033040356
143568,0,0.033040382
143569,0,0.03304041
143570,0,0.033040423
143571,0,0.033040367
143572,0,0.03304036
143573,0,0.033040393
143574,0,0.03304041
143575,0,0.033040438
143576,0,0.03304041
143577,0,0.033040352
143578,0,0.033040386
143579,0,0.033040393
143580,0,0.03304039
143581,0,0.033040393
143582,0,0.033040382
143583,0,0.03304029
143584,0,0.033040375
143585,0,0.03304042
143586,0,0.03304029
143587,0,0.033040285
143588,0,0.033040293
143589,0,0.03304025
143590,0,0.033040263
143591,0,0.033040263
143592,0,0.03304027
143593,0,0.03304027
143594,0,0.03304027
143595,0,0.03304027
143596,0,0.03304023
143597,0,0.03304023
143598,0,0.033040226
143599,0,0.03304023
143600,0,0.03304023
143601,0,0.033040233
143602,0,0.03304022
143603,0,0.033040263
143604,0,0.033040293
143605,0,0.033040293
143606,0,0.033040296
143607,0,0.033040296
143608,0,0.03304029
143609,0,0.03304029
143610,0,0.033040293
143611,0,0.033040293
143612,0,0.033040285
143613,0,0.033040274
143614,0,0.033040274
143615,0,0.03304027
143616,0,0.03304026
143617,0,0.033040244
143618,0,0.033040244
143619,0,0.033040263
143620,0,0.033040266
143621,0,0.033040266
143622,0,0.033040263
143623,0,0.033040337
143624,0,0.03304034
143625,0,0.03304034
143626,0,0.033040296
143627,0,0.033040296
143628,0,0.0330403
143629,0,0.0330403
143630,0,0.033040304
143631,0,0.0330403
143632,0,0.0330403
143633,0,0.03304026
143634,0,0.033040263
143635,0,0.03304026
143636,0,0.03304023
143637,0,0.03304029
143638,0,0.03304029
143639,0,0.033040293
143640,0,0.033040293
143641,0,0.033040293
143642,0,0.033040285
143643,0,0.03304029
143644,0,0.033040293
143645,0,0.033040285
143646,0,0.0330403
143647,0,0.0330403
143648,0,0.033040296
143649,0,0.033040296
143650,0,0.033040296
143651,0,0.0330403
143652,0,0.033040296
143653,0,0.03304029
143654,0,0.033040293
143655,0,0.03304029
143656,0,0.033040293
143657,0,0.033040296
143658,0,0.033040237
143659,0,0.033040263
143660,0,0.033040263
143661,0,0.03304026
143662,0,0.03304027
143663,0,0.03304027
143664,0,0.033040263
143665,0,0.03304026
143666,0,0.033040263
143667,0,0.033040266
143668,0,0.03304027
143669,0,0.033040304
143670,0,0.033040304
143671,0,0.033040304
143672,0,0.03304024
143673,0,0.033040237
143674,0,0.033040237
143675,0,0.033040237
143676,0,0.033040237
143677,0,0.033040237
143678,0,0.033040255
143679,0,0.033040274
143680,0,0.03304027
143681,0,0.033040233
143682,0,0.033040233
143683,0,0.033040233
143684,0,0.03304024
143685,0,0.03304024
143686,0,0.03304023
143687,0,0.03304023
143688,0,0.03304029
143689,0,0.033040278
143690,0,0.033040278
143691,0,0.033040278
143692,0,0.03304028
143693,0,0.03304029
143694,0,0.033040293
143695,0,0.033040408
143696,0,0.0330404
143697,0,0.033040423
143698,0,0.033040393
143699,0,0.033040367
143700,0,0.0330403
143701,0,0.033040293
143702,0,0.033040304
143703,0,0.03304031
143704,0,0.03304035
143705,0,0.033040363
143706,0,0.033040352
143707,0,0.03304035
143708,0,0.033040367
143709,0,0.033040367
143710,0,0.033040483
143711,0,0.03304046
143712,0,0.033040453
143713,0,0.033040453
143714,0,0.03304045
143715,0,0.03304045
143716,0,0.033040505
143717,0,0.03304037
143718,0,0.033040363
143719,0,0.033040393
143720,0,0.033040337
143721,0,0.03304034
143722,0,0.033040382
143723,0,0.03304037
143724,0,0.033040345
143725,0,0.033040363
143726,0,0.03304039
143727,0,0.033040356
143728,0,0.033040296
143729,0,0.033040296
143730,0,0.033040307
143731,0,0.033040296
143732,0,0.033040296
143733,0,0.033040386
143734,0,0.033040375
143735,0,0.03304037
143736,0,0.033040375
143737,0,0.033040423
143738,0,0.033040397
143739,0,0.033040386
143740,0,0.033040367
143741,0,0.033040367
143742,0,0.033040397
143743,0,0.033040408
143744,0,0.03304038
143745,0,0.03304044
143746,0,0.033040456
143747,0,0.033040397
143748,0,0.033040408
143749,0,0.033040363
143750,0,0.033040352
143751,0,0.033040367
143752,0,0.033040415
143753,0,0.033040404
143754,0,0.033040393
143755,0,0.033040397
143756,0,0.033040404
143757,0,0.033040375
143758,0,0.033040345
143759,0,0.03304041
143760,0,0.033040404
143761,0,0.03304041
143762,0,0.033040386
143763,0,0.033040397
143764,0,0.03304037
143765,0,0.03304034
143766,0,0.03304036
143767,0,0.033040352
143768,0,0.033040356
143769,0,0.033040352
143770,0,0.03304033
143771,0,0.033040367
143772,0,0.033040322
143773,0,0.03304034
143774,0,0.03304033
143775,0,0.03304033
143776,0,0.033040375
143777,0,0.03304034
143778,0,0.033040326
143779,0,0.033040367
143780,0,0.033040334
143781,0,0.033040345
143782,0,0.033040367
143783,0,0.033040367
143784,0,0.033040352
143785,0,0.033040337
143786,0,0.033040352
143787,0,0.033040315
143788,0,0.033040326
143789,0,0.03304034
143790,0,0.033040367
143791,0,0.03304041
143792,0,0.033040475
143793,0,0.03304046
143794,0,0.033040408
143795,0,0.033040434
143796,0,0.03304043
143797,0,0.03304044
143798,0,0.033040453
143799,0,0.03304051
143800,0,0.033040497
143801,0,0.03304046
143802,0,0.03304036
143803,0,0.03304031
143804,0,0.033040337
143805,0,0.033040375
143806,0,0.033040382
143807,0,0.033040404
143808,0,0.033040322
143809,0,0.033040375
143810,0,0.03304022
143811,0,0.03304022
143812,0,0.03304022
143813,0,0.03304022
143814,0,0.03304022
143815,0,0.03304022
143816,0,0.03304026
143817,0,0.033040244
143818,0,0.033040244
143819,0,0.033040244
143820,0,0.033040266
143821,0,0.03304024
143822,0,0.03304024
143823,0,0.033040233
143824,0,0.033040185
143825,0,0.0330402
143826,0,0.033040203
143827,0,0.0330402
143828,0,0.033040203
143829,0,0.033040185
143830,0,0.033040192
143831,0,0.033040173
143832,0,0.033040196
143833,0,0.0330402
143834,0,0.03304023
143835,0,0.033040233
143836,0,0.033040196
143837,0,0.033040192
143838,0,0.03304019
143839,0,0.033040218
143840,0,0.033040192
143841,0,0.033040196
143842,0,0.033040192
143843,0,0.033040207
143844,0,0.0330402
143845,0,0.03304021
143846,0,0.0330402
143847,0,0.033040203
143848,0,0.03304021
143849,0,0.033040214
143850,0,0.033040226
143851,0,0.033040345
143852,0,0.033040334
143853,0,0.033040334
143854,0,0.033040334
143855,0,0.033040334
143856,0,0.033040334
143857,0,0.033040334
143858,0,0.033040334
143859,0,0.03304032
143860,0,0.03304032
143861,0,0.033040207
143862,0,0.033040244
143863,0,0.03304021
143864,0,0.033040237
143865,0,0.03304021
143866,0,0.03304022
143867,0,0.03304026
143868,0,0.033040244
143869,0,0.033040226
143870,0,0.0330402
143871,0,0.033040233
143872,0,0.0330402
143873,0,0.03304021
143874,0,0.033040192
143875,0,0.033040233
143876,0,0.033040192
143877,0,0.0330402
143878,0,0.033040207
143879,0,0.03304021
143880,0,0.03304018
143881,0,0.0330402
143882,0,0.033040207
143883,0,0.03304024
143884,0,0.03304018
143885,0,0.033040203
143886,0,0.033040185
143887,0,0.0330402
143888,0,0.03304018
143889,0,0.033040218
143890,0,0.033040192
143891,0,0.0330402
143892,0,0.033040192
143893,0,0.033040214
143894,0,0.03304021
143895,0,0.03304021
143896,0,0.03304021
143897,0,0.03304021
143898,0,0.03304021
143899,0,0.03304021
143900,0,0.033040214
143901,0,0.033040255
143902,0,0.033040255
143903,0,0.033040203
143904,0,0.03304019
143905,0,0.0330402
143906,0,0.03304021
143907,0,0.033040185
143908,0,0.03304021
143909,0,0.0330402
143910,0,0.03304022
143911,0,0.033040207
143912,0,0.033040207
143913,0,0.033040218
143914,0,0.033040218
143915,0,0.03304022
143916,0,0.03304022
143917,0,0.03304022
143918,0,0.03304019
143919,0,0.033040218
143920,0,0.033040192
143921,0,0.033040218
143922,0,0.0330402
143923,0,0.033040196
143924,0,0.03304022
143925,0,0.033040192
143926,0,0.0330402
143927,0,0.03304019
143928,0,0.03304023
143929,0,0.033040218
143930,0,0.033040218
143931,0,0.033040218
143932,0,0.033040218
143933,0,0.03304022
143934,0,0.0330402
143935,0,0.0330402
143936,0,0.0330402
143937,0,0.033040207
143938,0,0.0330402
143939,0,0.03304021
143940,0,0.03304021
143941,0,0.033040226
143942,0,0.033040203
143943,0,0.033040207
143944,0,0.033040207
143945,0,0.033040214
143946,0,0.033040214
143947,0,0.033040218
143948,0,0.033040255
143949,0,0.033040233
143950,0,0.033040233
143951,0,0.033040233
143952,0,0.033040244
143953,0,0.033040244
143954,0,0.033040244
143955,0,0.033040244
143956,0,0.033040244
143957,0,0.03304026
143958,0,0.033040244
143959,0,0.033040173
143960,0,0.03304017
143961,0,0.0330402
143962,0,0.033040166
143963,0,0.03304017
143964,0,0.033040203
143965,0,0.03304019
143966,0,0.033040177
143967,0,0.0330402
143968,0,0.03304016
143969,0,0.033040203
143970,0,0.033040203
143971,0,0.033040203
143972,0,0.033040203
143973,0,0.033040274
143974,0,0.03304028
143975,0,0.03304028
143976,0,0.03304028
143977,0,0.03304028
143978,0,0.033040285
143979,0,0.03304029
143980,0,0.03304029
143981,0,0.03304029
143982,0,0.03304024
143983,0,0.033040218
143984,0,0.033040218
143985,0,0.033040218
143986,0,0.033040218
143987,0,0.0330402
143988,0,0.033040196
143989,0,0.033040196
143990,0,0.033040196
143991,0,0.033040196
143992,0,0.03304019
143993,0,0.0330402
143994,0,0.033040185
143995,0,0.033040177
143996,0,0.033040192
143997,0,0.03304021
143998,0,0.033040214
143999,0,0.033040214
144000,0,0.03304023
144001,0,0.0330402
144002,0,0.0330402
144003,0,0.0330402
144004,0,0.033040207
144005,0,0.0330402
144006,0,0.033040203
144007,0,0.0330402
144008,0,0.033040214
144009,0,0.033040203
144010,0,0.03304021
144011,0,0.0330402
144012,0,0.0330402
144013,0,0.033040196
144014,0,0.033040196
144015,0,0.033040214
144016,0,0.033040207
144017,0,0.033040177
144018,0,0.033040226
144019,0,0.03304014
144020,0,0.03304014
144021,0,0.03304014
144022,0,0.03304014
144023,0,0.03304014
144024,0,0.03304014
144025,0,0.03304014
144026,0,0.03304014
144027,0,0.03304014
144028,0,0.17624566
144029,0,0.17624566
144030,0,0.17624566
144031,0,0.17624566
144032,0,0.17624566
144033,0,0.17624566
144034,0,0.17624566
144035,0,0.17624566
144036,0,0.17624566
144037,0,0.17624566
144038,0,0.17624566
144039,0,0.17624566
144040,0,0.17624566
144041,0,0.17624566
144042,0,0.17624566
144043,0,0.17624566
144044,0,0.17624566
144045,0,0.17624566
144046,0,0.17624566
144047,0,0.17624566
144048,0,0.17624566
144049,0,0.17624566
144050,0,0.17624566
144051,0,0.17624566
144052,0,0.17624566
144053,0,0.17624566
144054,0,0.17624566
144055,0,0.17624566
144056,0,0.17624566
144057,0,0.17624566
144058,0,0.17624566
144059,0,0.17624566
144060,0,0.17624566
144061,0,0.17624566
144062,0,0.17624566
144063,0,0.17624566
144064,0,0.17624566
144065,0,0.17624566
144066,0,0.17624566
144067,0,0.17624566
144068,0,0.17624566
144069,0,0.17624566
144070,0,0.17624566
144071,0,0.17624566
144072,0,0.17624566
144073,0,0.17624566
144074,0,0.17624566
144075,0,0.17624566
144076,0,0.17624566
144077,0,0.17624566
144078,0,0.17624566
144079,0,0.17624566
144080,0,0.17624566
144081,0,0.17624566
144082,0,0.17624566
144083,0,0.17624566
144084,0,0.17624566
144085,0,0.17624566
144086,0,0.17624566
144087,0,0.17624566
144088,0,0.17624566
144089,0,0.17624566
144090,0,0.17624566
144091,0,0.17624566
144092,0,0.17624566
144093,0,0.17624566
144094,0,0.17624566
144095,0,0.17624566
144096,0,0.17624566
144097,0,0.17624566
144098,0,0.17624566
144099,0,0.17624566
144100,0,0.17624566
144101,0,0.17624566
144102,0,0.17624566
144103,0,0.17624566
144104,0,0.17624566
144105,0,0.17624566
144106,0,0.17624566
144107,0,0.17624566
144108,0,0.17624566
144109,0,0.17624566
144110,0,0.17624566
144111,0,0.17624566
144112,0,0.17624566
144113,0,0.17624566
144114,0,0.17624566
144115,0,0.17624566
144116,0,0.17624566
144117,0,0.17624566
144118,0,0.17624566
144119,0,0.17624566
144120,0,0.17624566
144121,0,0.17624566
144122,0,0.17624566
144123,0,0.17624566
144124,0,0.17624566
144125,0,0.17624566
144126,0,0.17624566
144127,0,0.17624566
144128,0,0.17624566
144129,0,0.17624566
144130,0,0.17624566
144131,0,0.17624566
144132,0,0.17624566
144133,0,0.17624566
144134,0,0.17624566
144135,0,0.17624566
144136,0,0.17624566
144137,0,0.17624566
144138,0,0.17624566
144139,0,0.17624566
144140,0,0.17624566
144141,0,0.17624566
144142,0,0.17624566
144143,0,0.17624566
144144,0,0.17624566
144145,0,0.17624566
144146,0,0.17624566
144147,0,0.17624566
144148,0,0.17624566
144149,0,0.17624566
144150,0,0.17624566
144151,0,0.17624566
144152,0,0.17624566
144153,0,0.17624566
144154,0,0.17624566
144155,0,0.17624566
144156,0,0.17624566
144157,0,0.17624566
144158,0,0.17624566
144159,0,0.17624566
144160,0,0.17624566
144161,0,0.17624566
144162,0,0.17624566
144163,0,0.17624566
144164,0,0.17624566
144165,0,0.17624566
144166,0,0.17624566
144167,0,0.17624566
144168,0,0.17624566
144169,0,0.17624566
144170,0,0.17624566
144171,0,0.17624566
144172,0,0.17624566
144173,0,0.17624566
144174,0,0.17624566
144175,0,0.17624566
144176,0,0.17624566
144177,0,0.17624566
144178,0,0.17624566
144179,0,0.17624566
144180,0,0.17624566
144181,0,0.17624566
144182,0,0.17624566
144183,0,0.17624566
144184,0,0.17624566
144185,0,0.17624566
144186,0,0.17624566
144187,0,0.17624566
144188,0,0.17624566
144189,0,0.17624566
144190,0,0.17624566
144191,0,0.17624566
144192,0,0.17624566
144193,0,0.17624566
144194,0,0.17624566
144195,0,0.17624566
144196,0,0.17624566
144197,0,0.17624566
144198,0,0.17624566
144199,0,0.17624566
144200,0,0.17624566
144201,0,0.17624566
144202,0,0.17624566
144203,0,0.17624566
144204,0,0.17624566
144205,0,0.17624566
144206,0,0.17624566
144207,0,0.17624566
144208,0,0.17624566
144209,0,0.17624566
144210,0,0.17624566
144211,0,0.17624566
144212,0,0.17624566
144213,0,0.17624566
144214,0,0.17624566
144215,0,0.17624566
144216,0,0.17624566
144217,0,0.17624566
144218,0,0.17624566
144219,0,0.17624566
144220,0,0.17624566
144221,0,0.17624566
144222,0,0.17624566
144223,0,0.17624566
144224,0,0.17624566
144225,0,0.17624566
144226,0,0.17624566
144227,0,0.17624566
144228,0,0.17624566
144229,0,0.17624566
144230,0,0.17624566
144231,0,0.17624566
144232,0,0.17624566
144233,0,0.17624566
144234,0,0.17624566
144235,0,0.17624566
144236,0,0.17624566
144237,0,0.17624566
144238,0,0.17624566
144239,0,0.17624566
144240,0,0.17624566
144241,0,0.17624566
144242,0,0.17624566
144243,0,0.17624566
144244,0,0.17624566
144245,0,0.17624566
144246,0,0.17624566
144247,0,0.17624566
144248,0,0.17624566
144249,0,0.17624566
144250,0,0.17624566
144251,0,0.17624566
144252,0,0.17624566
144253,0,0.17624566
144254,0,0.17624566
144255,0,0.17624566
144256,0,0.17624566
144257,0,0.17624566
144258,0,0.17624566
144259,0,0.17624566
144260,0,0.17624566
144261,0,0.17624566
144262,0,0.17624566
144263,0,0.17624566
144264,0,0.17624566
144265,0,0.17624566
144266,0,0.17624566
144267,0,0.17624566
144268,0,0.17624566
144269,0,0.17624566
144270,0,0.17624566
144271,0,0.17624566
144272,0,0.17624566
144273,0,0.17624566
144274,0,0.17624566
144275,0,0.17624566
144276,0,0.17624566
144277,0,0.17624566
144278,0,0.17624566
144279,0,0.17624566
144280,0,0.17624566
144281,0,0.17624566
144282,0,0.17624566
144283,0,0.17624566
144284,0,0.17624566
144285,0,0.17624566
144286,0,0.17624566
144287,0,0.17624566
144288,0,0.17624566
144289,0,0.17624566
144290,0,0.17624566
144291,0,0.17624566
144292,0,0.17624566
144293,0,0.17624566
144294,0,0.17624566
144295,0,0.17624566
144296,0,0.17624566
144297,0,0.17624566
144298,0,0.17624566
144299,0,0.17624566
144300,0,0.17624566
144301,0,0.17624566
144302,0,0.17624566
144303,0,0.17624566
144304,0,0.17624566
144305,0,0.17624566
144306,0,0.17624566
144307,0,0.17624566
144308,0,0.17624566
144309,0,0.17624566
144310,0,0.17624566
144311,0,0.17624566
144312,0,0.17624566
144313,0,0.17624566
144314,0,0.17624566
144315,0,0.17624566
144316,0,0.17624566
144317,0,0.17624566
144318,0,0.17624566
144319,0,0.17624566
144320,0,0.17624566
144321,0,0.17624566
144322,0,0.17624566
144323,0,0.17624566
144324,0,0.17624566
144325,0,0.17624566
144326,0,0.17624566
144327,0,0.17624566
144328,0,0.17624566
144329,0,0.17624566
144330,0,0.17624566
144331,0,0.17624566
144332,0,0.17624566
144333,0,0.17624566
144334,0,0.17624566
144335,0,0.17624566
144336,0,0.17624566
144337,0,0.17624566
144338,0,0.17624566
144339,0,0.17624566
144340,0,0.17624566
144341,0,0.17624566
144342,0,0.17624566
144343,0,0.17624566
144344,0,0.17624566
144345,0,0.17624566
144346,0,0.17624566
144347,0,0.17624566
144348,0,0.17624566
144349,0,0.17624566
144350,0,0.17624566
144351,0,0.17624566
144352,0,0.17624566
144353,0,0.17624566
144354,0,0.17624566
144355,0,0.17624566
144356,0,0.17624566
144357,0,0.17624566
144358,0,0.17624566
144359,0,0.17624566
144360,0,0.17624566
144361,0,0.17624566
144362,0,0.17624566
144363,0,0.17624566
144364,0,0.17624566
144365,0,0.17624566
144366,0,0.17624566
144367,0,0.17624566
144368,0,0.17624566
144369,0,0.17624566
144370,0,0.17624566
144371,0,0.17624566
144372,0,0.17624566
144373,0,0.17624566
144374,0,0.17624566
144375,0,0.17624566
144376,0,0.17624566
144377,0,0.17624566
144378,0,0.17624566
144379,0,0.17624566
144380,0,0.17624566
144381,0,0.17624566
144382,0,0.17624566
144383,0,0.17624566
144384,0,0.17624566
144385,0,0.17624566
144386,0,0.17624566
144387,0,0.17624566
144388,0,0.17624566
144389,0,0.17624566
144390,0,0.17624566
144391,0,0.17624566
144392,0,0.17624566
144393,0,0.17624566
144394,0,0.17624566
144395,0,0.17624566
144396,0,0.17624566
144397,0,0.17624566
144398,0,0.17624566
144399,0,0.17624566
144400,0,0.17624566
144401,0,0.17624566
144402,0,0.17624566
144403,0,0.17624566
144404,0,0.17624566
144405,0,0.17624566
144406,0,0.17624566
144407,0,0.17624566
144408,0,0.17624566
144409,0,0.17624566
144410,0,0.17624566
144411,0,0.17624566
144412,0,0.17624566
144413,0,0.17624566
144414,0,0.17624566
144415,0,0.17624566
144416,0,0.17624566
144417,0,0.17624566
144418,0,0.17624566
144419,0,0.17624566
144420,0,0.17624566
144421,0,0.17624566
144422,0,0.17624566
144423,0,0.17624566
144424,0,0.17624566
144425,0,0.17624566
144426,0,0.17624566
144427,0,0.17624566
144428,0,0.17624566
144429,0,0.17624566
144430,0,0.17624566
144431,0,0.17624566
144432,0,0.17624566
144433,0,0.17624566
144434,0,0.17624566
144435,0,0.17624566
144436,0,0.17624566
144437,0,0.17624566
144438,0,0.17624566
144439,0,0.17624566
144440,0,0.17624566
144441,0,0.17624566
144442,0,0.17624566
144443,0,0.17624566
144444,0,0.17624566
144445,0,0.17624566
144446,0,0.17624566
144447,0,0.17624566
144448,0,0.17624566
144449,0,0.17624566
144450,0,0.17624566
144451,0,0.17624566
144452,0,0.17624566
144453,0,0.17624566
144454,0,0.17624566
144455,0,0.17624566
144456,0,0.17624566
144457,0,0.17624566
144458,0,0.17624566
144459,0,0.17624566
144460,0,0.17624566
144461,0,0.17624566
144462,0,0.17624566
144463,0,0.17624566
144464,0,0.17624566
144465,0,0.17624566
144466,0,0.17624566
144467,0,0.17624566
144468,0,0.17624566
144469,0,0.17624566
144470,0,0.17624566
144471,0,0.17624566
144472,0,0.17624566
144473,0,0.17624566
144474,0,0.17624566
144475,0,0.17624566
144476,0,0.17624566
144477,0,0.17624566
144478,0,0.17624566
144479,0,0.17624566
144480,0,0.17624566
144481,0,0.17624566
144482,0,0.17624566
144483,0,0.17624566
144484,0,0.17624566
144485,0,0.17624566
144486,0,0.17624566
144487,0,0.17624566
144488,0,0.17624566
144489,0,0.17624566
144490,0,0.17624566
144491,0,0.17624566
144492,0,0.17624566
144493,0,0.17624566
144494,0,0.17624566
144495,0,0.17624566
144496,0,0.17624566
144497,0,0.17624566
144498,0,0.17624566
144499,0,0.17624566
144500,0,0.17624566
144501,0,0.17624566
144502,0,0.17624566
144503,0,0.17624566
144504,0,0.17624566
144505,0,0.17624566
144506,0,0.17624566
144507,0,0.17624566
144508,0,0.17624566
144509,0,0.17624566
144510,0,0.17624566
144511,0,0.17624566
144512,0,0.17624566
144513,0,0.17624566
144514,0,0.17624566
144515,0,0.17624566
144516,0,0.17624566
144517,0,0.17624566
144518,0,0.17624566
144519,0,0.17624566
144520,0,0.17624566
144521,0,0.17624566
144522,0,0.17624566
144523,0,0.17624566
144524,0,0.17624566
144525,0,0.17624566
144526,0,0.17624566
144527,0,0.17624566
144528,0,0.17624566
144529,0,0.17624566
144530,0,0.17624566
144531,0,0.17624566
144532,0,0.17624566
144533,0,0.17624566
144534,0,0.17624566
144535,0,0.17624566
144536,0,0.17624566
144537,0,0.17624566
144538,0,0.17624566
144539,0,0.17624566
144540,0,0.17624566
144541,0,0.17624566
144542,0,0.17624566
144543,0,0.17624566
144544,0,0.17624566
144545,0,0.17624566
144546,0,0.17624566
144547,0,0.17624566
144548,0,0.17624566
144549,0,0.17624566
144550,0,0.17624566
144551,0,0.17624566
144552,0,0.17624566
144553,0,0.17624566
144554,0,0.17624566
144555,0,0.17624566
144556,0,0.17624566
144557,0,0.17624566
144558,0,0.17624566
144559,0,0.17624566
144560,0,0.17624566
144561,0,0.17624566
144562,0,0.17624566
144563,0,0.17624566
144564,0,0.17624566
144565,0,0.17624566
144566,0,0.17624566
144567,0,0.17624566
144568,0,0.17624566
144569,0,0.17624566
144570,0,0.17624566
144571,0,0.17624566
144572,0,0.17624566
144573,0,0.17624566
144574,0,0.17624566
144575,0,0.17624566
144576,0,0.17624566
144577,0,0.17624566
144578,0,0.17624566
144579,0,0.17624566
144580,0,0.17624566
144581,0,0.17624566
144582,0,0.17624566
144583,0,0.17624566
144584,0,0.17624566
144585,0,0.17624566
144586,0,0.17624566
144587,0,0.17624566
144588,0,0.17624566
144589,0,0.17624566
144590,0,0.17624566
144591,0,0.17624566
144592,0,0.17624566
144593,0,0.17624566
144594,0,0.17624566
144595,0,0.17624566
144596,0,0.17624566
144597,0,0.17624566
144598,0,0.17624566
144599,0,0.17624566
144600,0,0.17624566
144601,0,0.17624566
144602,0,0.17624566
144603,0,0.17624566
144604,0,0.17624566
144605,0,0.17624566
144606,0,0.17624566
144607,0,0.17624566
144608,0,0.17624566
144609,0,0.17624566
144610,0,0.17624566
144611,0,0.17624566
144612,0,0.17624566
144613,0,0.17624566
144614,0,0.17624566
144615,0,0.17624566
144616,0,0.17624566
144617,0,0.17624566
144618,0,0.17624566
144619,0,0.17624566
144620,0,0.17624566
144621,0,0.17624566
144622,0,0.17624566
144623,0,0.17624566
144624,0,0.17624566
144625,0,0.17624566
144626,0,0.17624566
144627,0,0.17624566
144628,0,0.17624566
144629,0,0.17624566
144630,0,0.17624566
144631,0,0.17624566
144632,0,0.17624566
144633,0,0.17624566
144634,0,0.17624566
144635,0,0.17624566
144636,0,0.17624566
144637,0,0.17624566
144638,0,0.17624566
144639,0,0.17624566
144640,0,0.17624566
144641,0,0.17624566
144642,0,0.17624566
144643,0,0.17624566
144644,0,0.17624566
144645,0,0.17624566
144646,0,0.17624566
144647,0,0.17624566
144648,0,0.17624566
144649,0,0.17624566
144650,0,0.17624566
144651,0,0.17624566
144652,0,0.17624566
144653,0,0.17624566
144654,0,0.17624566
144655,0,0.17624566
144656,0,0.17624566
144657,0,0.17624566
144658,0,0.17624566
144659,0,0.17624566
144660,0,0.17624566
144661,0,0.17624566
144662,0,0.17624566
144663,0,0.17624566
144664,0,0.17624566
144665,0,0.17624566
144666,0,0.17624566
144667,0,0.17624566
144668,0,0.17624566
144669,0,0.17624566
144670,0,0.17624566
144671,0,0.17624566
144672,0,0.17624566
144673,0,0.17624566
144674,0,0.17624566
144675,0,0.17624566
144676,0,0.17624566
144677,0,0.17624566
144678,0,0.17624566
144679,0,0.17624566
144680,0,0.17624566
144681,0,0.17624566
144682,0,0.17624566
144683,0,0.17624566
144684,0,0.17624566
144685,0,0.17624566
144686,0,0.17624566
144687,0,0.17624566
144688,0,0.17624566
144689,0,0.17624566
144690,0,0.17624566
144691,0,0.17624566
144692,0,0.17624566
144693,0,0.17624566
144694,0,0.17624566
144695,0,0.17624566
144696,0,0.17624566
144697,0,0.17624566
144698,0,0.17624566
144699,0,0.17624566
144700,0,0.17624566
144701,0,0.17624566
144702,0,0.17624566
144703,0,0.17624566
144704,0,0.17624566
144705,0,0.17624566
144706,0,0.17624566
144707,0,0.17624566
144708,0,0.17624566
144709,0,0.17624566
144710,0,0.17624566
144711,0,0.17624566
144712,0,0.17624566
144713,0,0.17624566
144714,0,0.17624566
144715,0,0.17624566
144716,0,0.17624566
144717,0,0.17624566
144718,0,0.17624566
144719,0,0.17624566
144720,0,0.17624566
144721,0,0.17624566
144722,0,0.17624566
144723,0,0.17624566
144724,0,0.17624566
144725,0,0.17624566
144726,0,0.17624566
144727,0,0.17624566
144728,0,0.17624566
144729,0,0.17624566
144730,0,0.17624566
144731,0,0.17624566
144732,0,0.17624566
144733,0,0.17624566
144734,0,0.17624566
144735,0,0.17624566
144736,0,0.17624566
144737,0,0.17624566
144738,0,0.17624566
144739,0,0.17624566
144740,0,0.17624566
144741,0,0.17624566
144742,0,0.17624566
144743,0,0.17624566
144744,0,0.17624566
144745,0,0.17624566
144746,0,0.17624566
144747,0,0.17624566
144748,0,0.17624566
144749,0,0.17624566
144750,0,0.17624566
144751,0,0.17624566
144752,0,0.17624566
144753,0,0.17624566
144754,0,0.17624566
144755,0,0.17624566
144756,0,0.17624566
144757,0,0.17624566
144758,0,0.17624566
144759,0,0.17624566
144760,0,0.17624566
144761,0,0.17624566
144762,0,0.17624566
144763,0,0.17624566
144764,0,0.17624566
144765,0,0.17624566
144766,0,0.17624566
144767,0,0.17624566
144768,0,0.17624566
144769,0,0.17624566
144770,0,0.17624566
144771,0,0.17624566
144772,0,0.17624566
144773,0,0.17624566
144774,0,0.17624566
144775,0,0.17624566
144776,0,0.17624566
144777,0,0.17624566
144778,0,0.17624566
144779,0,0.17624566
144780,0,0.17624566
144781,0,0.17624566
144782,0,0.17624566
144783,0,0.17624566
144784,0,0.17624566
144785,0,0.17624566
144786,0,0.17624566
144787,0,0.17624566
144788,0,0.17624566
144789,0,0.17624566
144790,0,0.17624566
144791,0,0.17624566
144792,0,0.17624566
144793,0,0.17624566
144794,0,0.17624566
144795,0,0.17624566
144796,0,0.17624566
144797,0,0.17624566
144798,0,0.17624566
144799,0,0.17624566
144800,0,0.17624566
144801,0,0.17624566
144802,0,0.17624566
144803,0,0.17624566
144804,0,0.17624566
144805,0,0.17624566
144806,0,0.17624566
144807,0,0.17624566
144808,0,0.17624566
144809,0,0.17624566
144810,0,0.17624566
144811,0,0.17624566
144812,0,0.17624566
144813,0,0.17624566
144814,0,0.17624566
144815,0,0.17624566
144816,0,0.17624566
144817,0,0.17624566
144818,0,0.17624566
144819,0,0.17624566
144820,0,0.17624566
144821,0,0.17624566
144822,0,0.17624566
144823,0,0.17624566
144824,0,0.17624566
144825,0,0.17624566
144826,0,0.17624566
144827,0,0.17624566
144828,0,0.17624566
144829,0,0.17624566
144830,0,0.17624566
144831,0,0.17624566
144832,0,0.17624566
144833,0,0.17624566
144834,0,0.17624566
144835,0,0.17624566
144836,0,0.17624566
144837,0,0.17624566
144838,0,0.17624566
144839,0,0.17624566
144840,0,0.17624566
144841,0,0.17624566
144842,0,0.17624566
144843,0,0.17624566
144844,0,0.17624566
144845,0,0.17624566
144846,0,0.17624566
144847,0,0.17624566
144848,0,0.17624566
144849,0,0.17624566
144850,0,0.17624566
144851,0,0.17624566
144852,0,0.17624566
144853,0,0.17624566
144854,0,0.17624566
144855,0,0.17624566
144856,0,0.17624566
144857,0,0.17624566
144858,0,0.17624566
144859,0,0.17624566
144860,0,0.17624566
144861,0,0.17624566
144862,0,0.17624566
144863,0,0.17624566
144864,0,0.17624566
144865,0,0.17624566
144866,0,0.17624566
144867,0,0.17624566
144868,0,0.17624566
144869,0,0.17624566
144870,0,0.17624566
144871,0,0.17624566
144872,0,0.17624566
144873,0,0.17624566
144874,0,0.17624566
144875,0,0.17624566
144876,0,0.17624566
144877,0,0.17624566
144878,0,0.17624566
144879,0,0.17624566
144880,0,0.17624566
144881,0,0.17624566
144882,0,0.17624566
144883,0,0.17624566
144884,0,0.17624566
144885,0,0.17624566
144886,0,0.17624566
144887,0,0.17624566
144888,0,0.17624566
144889,0,0.17624566
144890,0,0.17624566
144891,0,0.17624566
144892,0,0.17624566
144893,0,0.17624566
144894,0,0.17624566
144895,0,0.17624566
144896,0,0.17624566
144897,0,0.17624566
144898,0,0.17624566
144899,0,0.17624566
144900,0,0.17624566
144901,0,0.17624566
144902,0,0.17624566
144903,0,0.17624566
144904,0,0.17624566
144905,0,0.17624566
144906,0,0.17624566
144907,0,0.17624566
144908,0,0.17624566
144909,0,0.17624566
144910,0,0.17624566
144911,0,0.17624566
144912,0,0.17624566
144913,0,0.17624566
144914,0,0.17624566
144915,0,0.17624566
144916,0,0.17624566
144917,0,0.17624566
144918,0,0.17624566
144919,0,0.17624566
144920,0,0.17624566
144921,0,0.17624566
144922,0,0.17624566
144923,0,0.17624566
144924,0,0.17624566
144925,0,0.17624566
144926,0,0.17624566
144927,0,0.17624566
144928,0,0.17624566
144929,0,0.17624566
144930,0,0.17624566
144931,0,0.17624566
144932,0,0.17624566
144933,0,0.17624566
144934,0,0.17624566
144935,0,0.17624566
144936,0,0.17624566
144937,0,0.17624566
144938,0,0.17624566
144939,0,0.17624566
144940,0,0.17624566
144941,0,0.17624566
144942,0,0.17624566
144943,0,0.17624566
144944,0,0.17624566
144945,0,0.17624566
144946,0,0.17624566
144947,0,0.17624566
144948,0,0.17624566
144949,0,0.17624566
144950,0,0.17624566
144951,0,0.17624566
144952,0,0.17624566
144953,0,0.17624566
144954,0,0.17624566
144955,0,0.17624566
144956,0,0.17624566
144957,0,0.17624566
144958,0,0.17624566
144959,0,0.17624566
144960,0,0.17624566
144961,0,0.17624566
144962,0,0.17624566
144963,0,0.17624566
144964,0,0.17624566
144965,0,0.17624566
144966,0,0.17624566
144967,0,0.17624566
144968,0,0.17624566
144969,0,0.17624566
144970,0,0.17624566
144971,0,0.17624566
144972,0,0.17624566
144973,0,0.17624566
144974,0,0.17624566
144975,0,0.17624566
144976,0,0.17624566
144977,0,0.17624566
144978,0,0.17624566
144979,0,0.17624566
144980,0,0.17624566
144981,0,0.17624566
144982,0,0.17624566
144983,0,0.17624566
144984,0,0.17624566
144985,0,0.17624566
144986,0,0.17624566
144987,0,0.17624566
144988,0,0.17624566
144989,0,0.17624566
144990,0,0.17624566
144991,0,0.17624566
144992,0,0.17624566
144993,0,0.17624566
144994,0,0.17624566
144995,0,0.17624566
144996,0,0.17624566
144997,0,0.17624566
144998,0,0.17624566
144999,0,0.17624566
145000,0,0.17624566
145001,0,0.17624566
145002,0,0.17624566
145003,0,0.17624566
145004,0,0.17624566
145005,0,0.17624566
145006,0,0.17624566
145007,0,0.17624566
145008,0,0.17624566
145009,0,0.17624566
145010,0,0.17624566
145011,0,0.17624566
145012,0,0.17624566
145013,0,0.17624566
145014,0,0.17624566
145015,0,0.17624566
145016,0,0.17624566
145017,0,0.17624566
145018,0,0.17624566
145019,0,0.17624566
145020,0,0.17624566
145021,0,0.17624566
145022,0,0.17624566
145023,0,0.17624566
145024,0,0.17624566
145025,0,0.17624566
145026,0,0.17624566
145027,0,0.17624566
145028,0,0.17624566
145029,0,0.17624566
145030,0,0.17624566
145031,0,0.17624566
145032,0,0.17624566
145033,0,0.17624566
145034,0,0.17624566
145035,0,0.17624566
145036,0,0.17624566
145037,0,0.17624566
145038,0,0.17624566
145039,0,0.17624566
145040,0,0.17624566
145041,0,0.17624566
145042,0,0.17624566
145043,0,0.17624566
145044,0,0.17624566
145045,0,0.17624566
145046,0,0.17624566
145047,0,0.17624566
145048,0,0.17624566
145049,0,0.17624566
145050,0,0.17624566
145051,0,0.17624566
145052,0,0.17624566
145053,0,0.17624566
145054,0,0.17624566
145055,0,0.17624566
145056,0,0.17624566
145057,0,0.17624566
145058,0,0.17624566
145059,0,0.17624566
145060,0,0.17624566
145061,0,0.17624566
145062,0,0.17624566
145063,0,0.17624566
145064,0,0.17624566
145065,0,0.17624566
145066,0,0.17624566
145067,0,0.17624566
145068,0,0.17624566
145069,0,0.17624566
145070,0,0.17624566
145071,0,0.17624566
145072,0,0.17624566
145073,0,0.17624566
145074,0,0.17624566
145075,0,0.17624566
145076,0,0.17624566
145077,0,0.17624566
145078,0,0.17624566
145079,0,0.17624566
145080,0,0.17624566
145081,0,0.17624566
145082,0,0.17624566
145083,0,0.17624566
145084,0,0.17624566
145085,0,0.17624566
145086,0,0.17624566
145087,0,0.17624566
145088,0,0.17624566
145089,0,0.17624566
145090,0,0.17624566
145091,0,0.17624566
145092,0,0.17624566
145093,0,0.17624566
145094,0,0.17624566
145095,0,0.17624566
145096,0,0.17624566
145097,0,0.17624566
145098,0,0.17624566
145099,0,0.17624566
145100,0,0.17624566
145101,0,0.17624566
145102,0,0.17624566
145103,0,0.17624566
145104,0,0.17624566
145105,0,0.17624566
145106,0,0.17624566
145107,0,0.17624566
145108,0,0.17624566
145109,0,0.17624566
145110,0,0.17624566
145111,0,0.17624566
145112,0,0.17624566
145113,0,0.17624566
145114,0,0.17624566
145115,0,0.17624566
145116,0,0.17624566
145117,0,0.17624566
145118,0,0.17624566
145119,0,0.17624566
145120,0,0.17624566
145121,0,0.17624566
145122,0,0.17624566
145123,0,0.17624566
145124,0,0.17624566
145125,0,0.17624566
145126,0,0.17624566
145127,0,0.17624566
145128,0,0.17624566
145129,0,0.17624566
145130,0,0.17624566
145131,0,0.17624566
145132,0,0.17624566
145133,0,0.17624566
145134,0,0.17624566
145135,0,0.17624566
145136,0,0.17624566
145137,0,0.17624566
145138,0,0.17624566
145139,0,0.17624566
145140,0,0.17624566
145141,0,0.17624566
145142,0,0.17624566
145143,0,0.17624566
145144,0,0.17624566
145145,0,0.17624566
145146,0,0.17624566
145147,0,0.17624566
145148,0,0.17624566
145149,0,0.17624566
145150,0,0.17624566
145151,0,0.17624566
145152,0,0.17624566
145153,0,0.17624566
145154,0,0.17624566
145155,0,0.17624566
145156,0,0.17624566
145157,0,0.17624566
145158,0,0.17624566
145159,0,0.17624566
145160,0,0.17624566
145161,0,0.17624566
145162,0,0.17624566
145163,0,0.17624566
145164,0,0.17624566
145165,0,0.17624566
145166,0,0.17624566
145167,0,0.17624566
145168,0,0.17624566
145169,0,0.17624566
145170,0,0.17624566
145171,0,0.17624566
145172,0,0.17624566
145173,0,0.17624566
145174,0,0.17624566
145175,0,0.17624566
145176,0,0.17624566
145177,0,0.17624566
145178,0,0.17624566
145179,0,0.17624566
145180,0,0.17624566
145181,0,0.17624566
145182,0,0.17624566
145183,0,0.17624566
145184,0,0.17624566
145185,0,0.17624566
145186,0,0.17624566
145187,0,0.17624566
145188,0,0.17624566
145189,0,0.17624566
145190,0,0.17624566
145191,0,0.17624566
145192,0,0.17624566
145193,0,0.17624566
145194,0,0.17624566
145195,0,0.17624566
145196,0,0.17624566
145197,0,0.17624566
145198,0,0.17624566
145199,0,0.17624566
145200,0,0.17624566
145201,0,0.17624566
145202,0,0.17624566
145203,0,0.17624566
145204,0,0.17624566
145205,0,0.17624566
145206,0,0.17624566
145207,0,0.17624566
145208,0,0.17624566
145209,0,0.17624566
145210,0,0.17624566
145211,0,0.17624566
145212,0,0.17624566
145213,0,0.17624566
145214,0,0.17624566
145215,0,0.17624566
145216,0,0.17624566
145217,0,0.17624566
145218,0,0.17624566
145219,0,0.17624566
145220,0,0.17624566
145221,0,0.17624566
145222,0,0.17624566
145223,0,0.17624566
145224,0,0.17624566
145225,0,0.17624566
145226,0,0.17624566
145227,0,0.17624566
145228,0,0.17624566
145229,0,0.17624566
145230,0,0.17624566
145231,0,0.17624566
145232,0,0.17624566
145233,0,0.17624566
145234,0,0.17624566
145235,0,0.17624566
145236,0,0.17624566
145237,0,0.17624566
145238,0,0.17624566
145239,0,0.17624566
145240,0,0.17624566
145241,0,0.17624566
145242,0,0.17624566
145243,0,0.17624566
145244,0,0.17624566
145245,0,0.17624566
145246,0,0.17624566
145247,0,0.17624566
145248,0,0.17624566
145249,0,0.17624566
145250,0,0.17624566
145251,0,0.17624566
145252,0,0.17624566
145253,0,0.17624566
145254,0,0.17624566
145255,0,0.17624566
145256,0,0.17624566
145257,0,0.17624566
145258,0,0.17624566
145259,0,0.17624566
145260,0,0.17624566
145261,0,0.17624566
145262,0,0.17624566
145263,0,0.17624566
145264,0,0.17624566
145265,0,0.17624566
145266,0,0.17624566
145267,0,0.17624566
145268,0,0.17624566
145269,0,0.17624566
145270,0,0.17624566
145271,0,0.17624566
145272,0,0.17624566
145273,0,0.17624566
145274,0,0.17624566
145275,0,0.17624566
145276,0,0.17624566
145277,0,0.17624566
145278,0,0.17624566
145279,0,0.17624566
145280,0,0.17624566
145281,0,0.17624566
145282,0,0.17624566
145283,0,0.17624566
145284,0,0.17624566
145285,0,0.17624566
145286,0,0.17624566
145287,0,0.17624566
145288,0,0.17624566
145289,0,0.17624566
145290,0,0.17624566
145291,0,0.17624566
145292,0,0.17624566
145293,0,0.17624566
145294,0,0.17624566
145295,0,0.17624566
145296,0,0.17624566
145297,0,0.17624566
145298,0,0.17624566
145299,0,0.17624566
145300,0,0.17624566
145301,0,0.17624566
145302,0,0.17624566
145303,0,0.17624566
145304,0,0.17624566
145305,0,0.17624566
145306,0,0.17624566
145307,0,0.17624566
145308,0,0.17624566
145309,0,0.17624566
145310,0,0.17624566
145311,0,0.17624566
145312,0,0.17624566
145313,0,0.17624566
145314,0,0.17624566
145315,0,0.17624566
145316,0,0.17624566
145317,0,0.17624566
145318,0,0.17624566
145319,0,0.17624566
145320,0,0.17624566
145321,0,0.17624566
145322,0,0.17624566
145323,0,0.17624566
145324,0,0.17624566
145325,0,0.17624566
145326,0,0.17624566
145327,0,0.17624566
145328,0,0.17624566
145329,0,0.17624566
145330,0,0.17624566
145331,0,0.17624566
145332,0,0.17624566
145333,0,0.17624566
145334,0,0.17624566
145335,0,0.17624566
145336,0,0.17624566
145337,0,0.17624566
145338,0,0.17624566
145339,0,0.17624566
145340,0,0.17624566
145341,0,0.17624566
145342,0,0.17624566
145343,0,0.17624566
145344,0,0.17624566
145345,0,0.17624566
145346,0,0.17624566
145347,0,0.17624566
145348,0,0.17624566
145349,0,0.17624566
145350,0,0.17624566
145351,0,0.17624566
145352,0,0.17624566
145353,0,0.17624566
145354,0,0.17624566
145355,0,0.17624566
145356,0,0.17624566
145357,0,0.17624566
145358,0,0.17624566
145359,0,0.17624566
145360,0,0.17624566
145361,0,0.17624566
145362,0,0.17624566
145363,0,0.17624566
145364,0,0.17624566
145365,0,0.17624566
145366,0,0.17624566
145367,0,0.17624566
145368,0,0.17624566
145369,0,0.17624566
145370,0,0.17624566
145371,0,0.17624566
145372,0,0.17624566
145373,0,0.17624566
145374,0,0.17624566
145375,0,0.17624566
145376,0,0.17624566
145377,0,0.17624566
145378,0,0.17624566
145379,0,0.17624566
145380,0,0.17624566
145381,0,0.17624566
145382,0,0.17624566
145383,0,0.17624566
145384,0,0.17624566
145385,0,0.17624566
145386,0,0.17624566
145387,0,0.17624566
145388,0,0.17624566
145389,0,0.17624566
145390,0,0.17624566
145391,0,0.17624566
145392,0,0.17624566
145393,0,0.17624566
145394,0,0.17624566
145395,0,0.17624566
145396,0,0.17624566
145397,0,0.17624566
145398,0,0.17624566
145399,0,0.17624566
145400,0,0.17624566
145401,0,0.17624566
145402,0,0.17624566
145403,0,0.17624566
145404,0,0.17624566
145405,0,0.17624566
145406,0,0.17624566
145407,0,0.17624566
145408,0,0.17624566
145409,0,0.17624566
145410,0,0.17624566
145411,0,0.17624566
145412,0,0.17624566
145413,0,0.17624566
145414,0,0.17624566
145415,0,0.17624566
145416,0,0.17624566
145417,0,0.17624566
145418,0,0.17624566
145419,0,0.17624566
145420,0,0.17624566
145421,0,0.17624566
145422,0,0.17624566
145423,0,0.17624566
145424,0,0.17624566
145425,0,0.17624566
145426,0,0.17624566
145427,0,0.17624566
145428,0,0.17624566
145429,0,0.17624566
145430,0,0.17624566
145431,0,0.17624566
145432,0,0.17624566
145433,0,0.17624566
145434,0,0.17624566
145435,0,0.17624566
145436,0,0.17624566
145437,0,0.17624566
145438,0,0.17624566
145439,0,0.17624566
145440,0,0.17624566
145441,0,0.17624566
145442,0,0.17624566
145443,0,0.17624566
145444,0,0.17624566
145445,0,0.17624566
145446,0,0.17624566
145447,0,0.17624566
145448,0,0.17624566
145449,0,0.17624566
145450,0,0.17624566
145451,0,0.17624566
145452,0,0.17624566
145453,0,0.17624566
145454,0,0.17624566
145455,0,0.17624566
145456,0,0.17624566
145457,0,0.17624566
145458,0,0.17624566
145459,0,0.17624566
145460,0,0.17624566
145461,0,0.17624566
145462,0,0.17624566
145463,0,0.17624566
145464,0,0.17624566
145465,0,0.17624566
145466,0,0.17624566
145467,0,0.17624566
145468,0,0.17624566
145469,0,0.17624566
145470,0,0.17624566
145471,0,0.17624566
145472,0,0.17624566
145473,0,0.17624566
145474,0,0.17624566
145475,0,0.17624566
145476,0,0.17624566
145477,0,0.17624566
145478,0,0.17624566
145479,0,0.17624566
145480,0,0.17624566
145481,0,0.17624566
145482,0,0.17624566
145483,0,0.17624566
145484,0,0.17624566
145485,0,0.17624566
145486,0,0.17624566
145487,0,0.17624566
145488,0,0.17624566
145489,0,0.17624566
145490,0,0.17624566
145491,0,0.17624566
145492,0,0.17624566
145493,0,0.17624566
145494,0,0.17624566
145495,0,0.17624566
145496,0,0.17624566
145497,0,0.17624566
145498,0,0.17624566
145499,0,0.17624566
145500,0,0.17624566
145501,0,0.17624566
145502,0,0.17624566
145503,0,0.17624566
145504,0,0.17624566
145505,0,0.17624566
145506,0,0.17624566
145507,0,0.17624566
145508,0,0.17624566
145509,0,0.17624566
145510,0,0.17624566
145511,0,0.17624566
145512,0,0.17624566
145513,0,0.17624566
145514,0,0.17624566
145515,0,0.17624566
145516,0,0.17624566
145517,0,0.17624566
145518,0,0.17624566
145519,0,0.17624566
145520,0,0.17624566
145521,0,0.17624566
145522,0,0.17624566
145523,0,0.17624566
145524,0,0.17624566
145525,0,0.17624566
145526,0,0.17624566
145527,0,0.17624566
145528,0,0.17624566
145529,0,0.17624566
145530,0,0.17624566
145531,0,0.17624566
145532,0,0.17624566
145533,0,0.17624566
145534,0,0.17624566
145535,0,0.17624566
145536,0,0.17624566
145537,0,0.17624566
145538,0,0.17624566
145539,0,0.17624566
145540,0,0.17624566
145541,0,0.17624566
145542,0,0.17624566
145543,0,0.17624566
145544,0,0.17624566
145545,0,0.17624566
145546,0,0.17624566
145547,0,0.17624566
145548,0,0.17624566
145549,0,0.17624566
145550,0,0.17624566
145551,0,0.17624566
145552,0,0.17624566
145553,0,0.17624566
145554,0,0.17624566
145555,0,0.17624566
145556,0,0.17624566
145557,0,0.17624566
145558,0,0.17624566
145559,0,0.17624566
145560,0,0.17624566
145561,0,0.033040214
145562,0,0.033040207
145563,0,0.03304027
145564,0,0.033040266
145565,0,0.03304027
145566,0,0.03304027
145567,0,0.033040266
145568,0,0.033040266
145569,0,0.033040147
145570,0,0.03304015
145571,0,0.033040147
145572,0,0.03304014
145573,0,0.03304014
145574,0,0.03304014
145575,0,0.03304014
145576,0,0.03304014
145577,0,0.03304014
145578,0,0.03304014
145579,0,0.03304014
145580,0,0.03304014
145581,0,0.03304014
145582,0,0.033040147
145583,0,0.03304014
145584,0,0.03304014
145585,0,0.03304014
145586,0,0.03304014
145587,0,0.03304014
145588,0,0.03304014
145589,0,0.03304014
145590,0,0.03304014
145591,0,0.03304014
145592,0,0.033040144
145593,0,0.03304014
145594,0,0.03304014
145595,0,0.03304014
145596,0,0.03304014
145597,0,0.03304014
145598,0,0.03304014
145599,0,0.03304014
145600,0,0.03304014
145601,0,0.03304014
145602,0,0.03304014
145603,0,0.03304014
145604,0,0.03304014
145605,0,0.03304014
145606,0,0.03304014
145607,0,0.03304014
145608,0,0.03304014
145609,0,0.033040144
145610,0,0.03304014
145611,0,0.03304014
145612,0,0.03304014
145613,0,0.03304014
145614,0,0.03304014
145615,0,0.03304014
145616,0,0.03304014
145617,0,0.03304014
145618,0,0.03304014
145619,0,0.03304014
145620,0,0.03304014
145621,0,0.03304014
145622,0,0.03304014
145623,0,0.03304014
145624,0,0.03304014
145625,0,0.03304014
145626,0,0.03304014
145627,0,0.03304014
145628,0,0.03304014
145629,0,0.03304015
145630,0,0.033040147
145631,0,0.03304014
145632,0,0.03304014
145633,0,0.03304014
145634,0,0.033040155
145635,0,0.03304015
145636,0,0.03304014
145637,0,0.03304014
145638,0,0.03304014
145639,0,0.03304014
145640,0,0.03304014
145641,0,0.03304014
145642,0,0.03304014
145643,0,0.03304014
145644,0,0.03304015
145645,0,0.033040147
145646,0,0.03304014
145647,0,0.03304014
145648,0,0.03304014
145649,0,0.03304014
145650,0,0.03304016
145651,0,0.033040166
145652,0,0.03304014
145653,0,0.03304014
145654,0,0.03304014
145655,0,0.03304014
145656,0,0.03304014
145657,0,0.03304014
145658,0,0.033040147
145659,0,0.033040166
145660,0,0.033040147
145661,0,0.03304016
145662,0,0.03304015
145663,0,0.03304014
145664,0,0.03304014
145665,0,0.03304014
145666,0,0.033040147
145667,0,0.033040162
145668,0,0.03304016
145669,0,0.033040155
145670,0,0.033040155
145671,0,0.033040155
145672,0,0.033040162
145673,0,0.03304017
145674,0,0.033040173
145675,0,0.033040162
145676,0,0.033040173
145677,0,0.03304015
145678,0,0.033040155
145679,0,0.03304014
145680,0,0.03304015
145681,0,0.033040162
145682,0,0.033040155
145683,0,0.03304015
145684,0,0.033040155
145685,0,0.03304016
145686,0,0.03304016
145687,0,0.03304014
145688,0,0.03304014
145689,0,0.03304014
145690,0,0.03304014
145691,0,0.033040166
145692,0,0.03304014
145693,0,0.03304016
145694,0,0.03304014
145695,0,0.03304014
145696,0,0.03304016
145697,0,0.033040144
145698,0,0.03304014
145699,0,0.03304014
145700,0,0.03304014
145701,0,0.03304014
145702,0,0.03304014
145703,0,0.03304014
145704,0,0.033040144
145705,0,0.03304015
145706,0,0.033040147
145707,0,0.03304015
145708,0,0.033040162
145709,0,0.03304016
145710,0,0.03304014
145711,0,0.03304014
145712,0,0.033040166
145713,0,0.033040162
145714,0,0.033040166
145715,0,0.033040162
145716,0,0.03304015
145717,0,0.03304016
145718,0,0.03304014
145719,0,0.03304016
145720,0,0.03304016
145721,0,0.03304017
145722,0,0.03304015
145723,0,0.033040147
145724,0,0.033040162
145725,0,0.033040147
145726,0,0.03304016
145727,0,0.03304016
145728,0,0.03304014
145729,0,0.033040155
145730,0,0.03304014
145731,0,0.03304014
145732,0,0.03304016
145733,0,0.033040162
145734,0,0.03304015
145735,0,0.03304014
145736,0,0.03304014
145737,0,0.03304014
145738,0,0.03304015
145739,0,0.03304016
145740,0,0.033040162
145741,0,0.03304017
145742,0,0.03304014
145743,0,0.033040144
145744,0,0.033040155
145745,0,0.033040147
145746,0,0.033040144
145747,0,0.03304016
145748,0,0.03304015
145749,0,0.033040162
145750,0,0.033040147
145751,0,0.033040144
145752,0,0.03304016
145753,0,0.033040144
145754,0,0.03304014
145755,0,0.03304016
145756,0,0.03304016
145757,0,0.03304015
145758,0,0.033040162
145759,0,0.033040155
145760,0,0.033040162
145761,0,0.033040147
145762,0,0.033040162
145763,0,0.03304016
145764,0,0.033040144
145765,0,0.03304014
145766,0,0.03304014
145767,0,0.033040144
145768,0,0.033040155
145769,0,0.033040155
145770,0,0.033040162
145771,0,0.033040166
145772,0,0.033040162
145773,0,0.03304016
145774,0,0.033040166
145775,0,0.033040147
145776,0,0.03304014
145777,0,0.03304015
145778,0,0.033040147
145779,0,0.03304014
145780,0,0.033040144
145781,0,0.03304016
145782,0,0.033040147
145783,0,0.03304014
145784,0,0.033040144
145785,0,0.03304014
145786,0,0.033040144
145787,0,0.03304014
145788,0,0.03304014
145789,0,0.03304014
145790,0,0.03304014
145791,0,0.033040144
145792,0,0.03304015
145793,0,0.033040144
145794,0,0.033040155
145795,0,0.03304015
145796,0,0.03304014
145797,0,0.033040144
145798,0,0.03304014
145799,0,0.03304014
145800,0,0.033040144
145801,0,0.03304014
145802,0,0.03304014
145803,0,0.03304014
145804,0,0.033040147
145805,0,0.033040144
145806,0,0.033040147
145807,0,0.033040147
145808,0,0.03304015
145809,0,0.03304014
145810,0,0.033040144
145811,0,0.033040144
145812,0,0.03304014
145813,0,0.033040147
145814,0,0.03304014
145815,0,0.03304014
145816,0,0.03304014
145817,0,0.033040144
145818,0,0.03304014
145819,0,0.033040147
145820,0,0.03304014
145821,0,0.03304015
145822,0,0.033040144
145823,0,0.033040147
145824,0,0.03304014
145825,0,0.033040144
145826,0,0.033040155
145827,0,0.03304015
145828,0,0.033040155
145829,0,0.03304015
145830,0,0.03304015
145831,0,0.03304015
145832,0,0.03304015
145833,0,0.03304015
145834,0,0.03304015
145835,0,0.033040144
145836,0,0.033040155
145837,0,0.033040147
145838,0,0.033040144
145839,0,0.033040144
145840,0,0.033040147
145841,0,0.033040155
145842,0,0.03304015
145843,0,0.03304014
145844,0,0.03304014
145845,0,0.03304014
145846,0,0.033040147
145847,0,0.033040144
145848,0,0.033040147
145849,0,0.03304014
145850,0,0.03304014
145851,0,0.03304014
145852,0,0.033040147
145853,0,0.033040147
145854,0,0.03304015
145855,0,0.033040144
145856,0,0.03304015
145857,0,0.033040147
145858,0,0.033040147
145859,0,0.03304015
145860,0,0.03304015
145861,0,0.03304015
145862,0,0.033040144
145863,0,0.033040147
145864,0,0.033040147
145865,0,0.033040147
145866,0,0.03304015
145867,0,0.03304015
145868,0,0.033040144
145869,0,0.033040147
145870,0,0.033040144
145871,0,0.03304015
145872,0,0.033040144
145873,0,0.03304015
145874,0,0.033040155
145875,0,0.033040147
145876,0,0.033040147
145877,0,0.033040144
145878,0,0.03304014
145879,0,0.033040144
145880,0,0.03304014
145881,0,0.033040147
145882,0,0.03304014
145883,0,0.033040147
145884,0,0.033040147
145885,0,0.033040147
145886,0,0.033040144
145887,0,0.033040144
145888,0,0.033040144
145889,0,0.033040147
145890,0,0.033040155
145891,0,0.03304015
145892,0,0.03304016
145893,0,0.033040144
145894,0,0.033040155
145895,0,0.033040147
145896,0,0.033040144
145897,0,0.033040144
145898,0,0.033040147
145899,0,0.033040162
145900,0,0.033040162
145901,0,0.033040155
145902,0,0.03304016
145903,0,0.033040162
145904,0,0.033040147
145905,0,0.03304014
145906,0,0.03304014
145907,0,0.03304014
145908,0,0.03304014
145909,0,0.03304014
145910,0,0.03304014
145911,0,0.03304014
145912,0,0.03304014
145913,0,0.03304014
145914,0,0.03304014
145915,0,0.03304014
145916,0,0.03304014
145917,0,0.03304014
145918,0,0.03304014
145919,0,0.03304014
145920,0,0.03304014
145921,0,0.03304014
145922,0,0.03304014
145923,0,0.03304014
145924,0,0.03304014
145925,0,0.03304014
145926,0,0.03304014
145927,0,0.03304014
145928,0,0.03304014
145929,0,0.03304014
145930,0,0.03304014
145931,0,0.03304014
145932,0,0.03304014
145933,0,0.03304014
145934,0,0.03304014
145935,0,0.03304014
145936,0,0.03304014
145937,0,0.03304014
145938,0,0.03304014
145939,0,0.03304014
145940,0,0.03304014
145941,0,0.03304014
145942,0,0.03304014
145943,0,0.03304014
145944,0,0.03304014
145945,0,0.03304014
145946,0,0.03304014
145947,0,0.03304014
145948,0,0.03304014
145949,0,0.03304014
145950,0,0.03304014
145951,0,0.03304014
145952,0,0.03304014
145953,0,0.03304014
145954,0,0.03304014
145955,0,0.03304014
145956,0,0.03304014
145957,0,0.03304014
145958,0,0.03304014
145959,0,0.03304014
145960,0,0.03304014
145961,0,0.03304014
145962,0,0.03304014
145963,0,0.03304014
145964,0,0.03304014
145965,0,0.03304014
145966,0,0.03304014
145967,0,0.03304014
145968,0,0.03304014
145969,0,0.03304014
145970,0,0.03304014
145971,0,0.03304014
145972,0,0.03304014
145973,0,0.03304014
145974,0,0.03304014
145975,0,0.03304014
145976,0,0.03304014
145977,0,0.03304014
145978,0,0.03304014
145979,0,0.03304014
145980,0,0.03304014
145981,0,0.03304014
145982,0,0.03304014
145983,0,0.03304014
145984,0,0.03304014
145985,0,0.03304014
145986,0,0.03304014
145987,0,0.03304014
145988,0,0.03304014
145989,0,0.03304014
145990,0,0.03304014
145991,0,0.03304014
145992,0,0.03304014
145993,0,0.03304014
145994,0,0.03304014
145995,0,0.03304014
145996,0,0.03304014
145997,0,0.03304014
145998,0,0.03304014
145999,0,0.03304014
146000,0,0.03304014
146001,0,0.03304014
146002,0,0.033040144
146003,0,0.033040144
146004,0,0.033040144
146005,0,0.03304015
146006,0,0.03304014
146007,0,0.03304014
146008,0,0.033040144
146009,0,0.033040144
146010,0,0.033040144
146011,0,0.033040144
146012,0,0.033040147
146013,0,0.03304014
146014,0,0.033040147
146015,0,0.03304014
146016,0,0.033040144
146017,0,0.033040144
146018,0,0.03304015
146019,0,0.033040144
146020,0,0.033040155
146021,0,0.033040144
146022,0,0.033040147
146023,0,0.03304014
146024,0,0.033040144
146025,0,0.033040147
146026,0,0.03304014
146027,0,0.03304015
146028,0,0.03304014
146029,0,0.033040147
146030,0,0.03304015
146031,0,0.03304014
146032,0,0.03304015
146033,0,0.033040155
146034,0,0.033040155
146035,0,0.033040147
146036,0,0.03304015
146037,0,0.03304014
146038,0,0.03304016
146039,0,0.03304015
146040,0,0.033040144
146041,0,0.033040144
146042,0,0.033040144
146043,0,0.033040144
146044,0,0.033040147
146045,0,0.033040147
146046,0,0.033040147
146047,0,0.033040144
146048,0,0.033040144
146049,0,0.033040147
146050,0,0.033040147
146051,0,0.033040144
146052,0,0.033040144
146053,0,0.033040144
146054,0,0.033040147
146055,0,0.03304016
146056,0,0.033040147
146057,0,0.033040144
146058,0,0.03304014
146059,0,0.03304014
146060,0,0.03304014
146061,0,0.03304014
146062,0,0.03304014
146063,0,0.03304014
146064,0,0.03304014
146065,0,0.03304014
146066,0,0.03304014
146067,0,0.03304014
146068,0,0.03304014
146069,0,0.03304014
146070,0,0.03304014
146071,0,0.03304014
146072,0,0.03304014
146073,0,0.03304014
146074,0,0.03304014
146075,0,0.03304014
146076,0,0.03304014
146077,0,0.03304014
146078,0,0.03304014
146079,0,0.03304014
146080,0,0.03304014
146081,0,0.03304014
146082,0,0.03304014
146083,0,0.03304014
146084,0,0.03304014
146085,0,0.03304014
146086,0,0.03304014
146087,0,0.03304014
146088,0,0.03304014
146089,0,0.03304014
146090,0,0.03304014
146091,0,0.03304014
146092,0,0.03304014
146093,0,0.03304014
146094,0,0.03304014
146095,0,0.03304014
146096,0,0.03304014
146097,0,0.03304014
146098,0,0.03304014
146099,0,0.03304014
146100,0,0.03304014
146101,0,0.03304014
146102,0,0.03304014
146103,0,0.03304014
146104,0,0.03304014
146105,0,0.03304014
146106,0,0.033040144
146107,0,0.03304014
146108,0,0.03304014
146109,0,0.033040147
146110,0,0.033040144
146111,0,0.03304014
146112,0,0.033040155
146113,0,0.033040147
146114,0,0.033040144
146115,0,0.033040144
146116,0,0.033040147
146117,0,0.03304014
146118,0,0.033040155
146119,0,0.033040147
146120,0,0.03304016
146121,0,0.03304016
146122,0,0.033040155
146123,0,0.03304014
146124,0,0.033040147
146125,0,0.033040144
146126,0,0.03304017
146127,0,0.033040147
146128,0,0.033040147
146129,0,0.03304015
146130,0,0.03304017
146131,0,0.033040162
146132,0,0.033040155
146133,0,0.033040155
146134,0,0.03304016
146135,0,0.03304015
146136,0,0.033040155
146137,0,0.033040144
146138,0,0.033040155
146139,0,0.033040155
146140,0,0.03304014
146141,0,0.03304015
146142,0,0.033040155
146143,0,0.033040147
146144,0,0.03304016
146145,0,0.03304016
146146,0,0.033040155
146147,0,0.033040144
146148,0,0.033040155
146149,0,0.033040147
146150,0,0.033040155
146151,0,0.033040155
146152,0,0.033040155
146153,0,0.033040173
146154,0,0.03304017
146155,0,0.03304015
146156,0,0.03304016
146157,0,0.033040155
146158,0,0.03304016
146159,0,0.033040144
146160,0,0.033040166
146161,0,0.033040244
146162,0,0.033040505
146163,0,0.03304067
146164,0,0.03304051
146165,0,0.033040147
146166,0,0.03304016
146167,0,0.033040162
146168,0,0.033040147
146169,0,0.03304016
146170,0,0.033040162
146171,0,0.033040177
146172,0,0.033040173
146173,0,0.033040162
146174,0,0.03304015
146175,0,0.033040166
146176,0,0.03304016
146177,0,0.03304014
146178,0,0.033040162
146179,0,0.03304017
146180,0,0.033040147
146181,0,0.033040162
146182,0,0.03304016
146183,0,0.03304015
146184,0,0.03304015
146185,0,0.033040144
146186,0,0.033040144
146187,0,0.033040166
146188,0,0.033040155
146189,0,0.03304016
146190,0,0.03304016
146191,0,0.033040144
146192,0,0.033040147
146193,0,0.033040147
146194,0,0.033040162
146195,0,0.033040155
146196,0,0.033040162
146197,0,0.03304016
146198,0,0.033040166
146199,0,0.03304017
146200,0,0.033040173
146201,0,0.03304015
146202,0,0.033040185
146203,0,0.033040177
146204,0,0.03304019
146205,0,0.033040196
146206,0,0.0330402
146207,0,0.033040173
146208,0,0.033040196
146209,0,0.033040207
146210,0,0.033040177
146211,0,0.03304018
146212,0,0.033040196
146213,0,0.03304016
146214,0,0.033040203
146215,0,0.033040162
146216,0,0.033040185
146217,0,0.03304019
146218,0,0.033040192
146219,0,0.033040162
146220,0,0.033040162
146221,0,0.03304017
146222,0,0.033040214
146223,0,0.033040218
146224,0,0.0330402
146225,0,0.03304016
146226,0,0.033040166
146227,0,0.033040177
146228,0,0.033040248
146229,0,0.03304017
146230,0,0.033040173
146231,0,0.03304015
146232,0,0.033040192
146233,0,0.033040162
146234,0,0.033040162
146235,0,0.033040166
146236,0,0.033040166
146237,0,0.033040185
146238,0,0.033040166
146239,0,0.033040173
146240,0,0.033040162
146241,0,0.033040155
146242,0,0.033040162
146243,0,0.033040162
146244,0,0.03304016
146245,0,0.03304016
146246,0,0.03304016
146247,0,0.03304018
146248,0,0.033040196
146249,0,0.033040173
146250,0,0.033040173
146251,0,0.03304018
146252,0,0.033040162
146253,0,0.03304017
146254,0,0.033040166
146255,0,0.03304017
146256,0,0.033040173
146257,0,0.033040177
146258,0,0.03304018
146259,0,0.03304018
146260,0,0.03304016
146261,0,0.033040166
146262,0,0.033040166
146263,0,0.033040162
146264,0,0.03304017
146265,0,0.033040173
146266,0,0.033040166
146267,0,0.033040173
146268,0,0.033040185
146269,0,0.03304017
146270,0,0.033040166
146271,0,0.033040177
146272,0,0.033040166
146273,0,0.03304019
146274,0,0.033040177
146275,0,0.03304017
146276,0,0.033040162
146277,0,0.03304017
146278,0,0.033040177
146279,0,0.033040173
146280,0,0.03304017
146281,0,0.03304016
146282,0,0.033040192
146283,0,0.033040185
146284,0,0.033040177
146285,0,0.03304017
146286,0,0.033040173
146287,0,0.033040173
146288,0,0.03304016
146289,0,0.033040155
146290,0,0.033040166
146291,0,0.03304017
146292,0,0.03304017
146293,0,0.033040162
146294,0,0.03304017
146295,0,0.033040192
146296,0,0.033040162
146297,0,0.033040166
146298,0,0.033040185
146299,0,0.03304018
146300,0,0.033040173
146301,0,0.03304016
146302,0,0.033040162
146303,0,0.033040162
146304,0,0.033040162
146305,0,0.03304017
146306,0,0.033040147
146307,0,0.033040162
146308,0,0.033040162
146309,0,0.03304016
146310,0,0.03304017
146311,0,0.033040162
146312,0,0.033040177
146313,0,0.03304016
146314,0,0.033040173
146315,0,0.033040185
146316,0,0.03304017
146317,0,0.033040166
146318,0,0.033040173
146319,0,0.033040166
146320,0,0.033040173
146321,0,0.03304018
146322,0,0.033040173
146323,0,0.03304018
146324,0,0.03304017
146325,0,0.033040173
146326,0,0.03304018
146327,0,0.03304017
146328,0,0.033040173
146329,0,0.033040185
146330,0,0.033040173
146331,0,0.03304017
146332,0,0.03304017
146333,0,0.03304018
146334,0,0.033040166
146335,0,0.033040162
146336,0,0.033040162
146337,0,0.03304018
146338,0,0.033040166
146339,0,0.03304017
146340,0,0.033040155
146341,0,0.033040155
146342,0,0.033040166
146343,0,0.033040166
146344,0,0.033040177
146345,0,0.033040162
146346,0,0.03304017
146347,0,0.03304017
146348,0,0.03304017
146349,0,0.033040166
146350,0,0.033040177
146351,0,0.03304017
146352,0,0.033040162
146353,0,0.03304018
146354,0,0.033040173
146355,0,0.03304017
146356,0,0.033040173
146357,0,0.033040177
146358,0,0.03304018
146359,0,0.033040162
146360,0,0.03304017
146361,0,0.033040162
146362,0,0.03304017
146363,0,0.033040177
146364,0,0.033040162
146365,0,0.03304017
146366,0,0.03304017
146367,0,0.033040185
146368,0,0.03304018
146369,0,0.033040173
146370,0,0.033040162
146371,0,0.033040166
146372,0,0.033040177
146373,0,0.03304019
146374,0,0.033040177
146375,0,0.03304017
146376,0,0.03304017
146377,0,0.03304019
146378,0,0.03304019
146379,0,0.03304017
146380,0,0.033040192
146381,0,0.033040166
146382,0,0.03304017
146383,0,0.03304017
146384,0,0.03304019
146385,0,0.033040177
146386,0,0.03304016
146387,0,0.03304018
146388,0,0.03304018
146389,0,0.033040173
146390,0,0.03304018
146391,0,0.033040173
146392,0,0.03304018
146393,0,0.033040177
146394,0,0.033040173
146395,0,0.033040162
146396,0,0.033040173
146397,0,0.033040162
146398,0,0.033040162
146399,0,0.03304017
146400,0,0.03304017
146401,0,0.033040173
146402,0,0.033040166
146403,0,0.03304018
146404,0,0.03304019
146405,0,0.03304018
146406,0,0.033040185
146407,0,0.033040173
146408,0,0.03304016
146409,0,0.033040162
146410,0,0.033040177
146411,0,0.033040155
146412,0,0.033040162
146413,0,0.03304019
146414,0,0.033040192
146415,0,0.033040162
146416,0,0.03304019
146417,0,0.033040155
146418,0,0.033040173
146419,0,0.033040173
146420,0,0.03304016
146421,0,0.033040166
146422,0,0.033040162
146423,0,0.033040162
146424,0,0.033040166
146425,0,0.033040173
146426,0,0.033040177
146427,0,0.033040166
146428,0,0.033040192
146429,0,0.033040177
146430,0,0.03304018
146431,0,0.03304017
146432,0,0.033040155
146433,0,0.03304017
146434,0,0.03304017
146435,0,0.03304017
146436,0,0.033040155
146437,0,0.033040177
146438,0,0.033040173
146439,0,0.033040177
146440,0,0.033040173
146441,0,0.033040173
146442,0,0.033040192
146443,0,0.033040185
146444,0,0.033040173
146445,0,0.033040162
146446,0,0.033040155
146447,0,0.033040185
146448,0,0.033040185
146449,0,0.033040162
146450,0,0.033040177
146451,0,0.03304017
146452,0,0.0330402
146453,0,0.033040192
146454,0,0.033040185
146455,0,0.03304017
146456,0,0.033040155
146457,0,0.033040173
146458,0,0.03304018
146459,0,0.033040173
146460,0,0.033040196
146461,0,0.033040166
146462,0,0.033040177
146463,0,0.033040166
146464,0,0.033040166
146465,0,0.033040192
146466,0,0.033040185
146467,0,0.033040192
146468,0,0.033040185
146469,0,0.03304019
146470,0,0.03304018
146471,0,0.033040166
146472,0,0.033041373
146473,0,0.033041373
146474,0,0.033041377
146475,0,0.03304145
146476,0,0.033041455
146477,0,0.033041347
146478,0,0.033041347
146479,0,0.033048164
146480,0,0.033048168
146481,0,0.033048164
146482,0,0.033048168
146483,0,0.03304817
146484,0,0.033048164
146485,0,0.03335013
146486,0,0.033350244
146487,0,0.034343436
146488,0,0.034343213
146489,0,0.0343435
146490,0,0.035972986
146491,0,0.03543522
146492,0,0.035436016
146493,0,0.033109985
146494,0,0.033110004
146495,0,0.03310994
146496,0,0.0331084
146497,0,0.033043165
146498,0,0.03304316
146499,0,0.033043157
146500,0,0.0330422
146501,0,0.0330422
146502,0,0.0330422
146503,0,0.0330422
146504,0,0.0330422
146505,0,0.0330422
146506,0,0.0330422
146507,0,0.033057388
146508,0,0.0330574
146509,0,0.033057418
146510,0,0.03309284
146511,0,0.033092823
146512,0,0.033092856
146513,0,0.033092886
146514,0,0.033092838
146515,0,0.033098575
146516,0,0.033286475
146517,0,0.03328648
146518,0,0.03328645
146519,0,0.033326823
146520,0,0.033326834
146521,0,0.0333269
146522,0,0.033327036
146523,0,0.033327047
146524,0,0.033783633
146525,0,0.03386375
146526,0,0.03386349
146527,0,0.033144433
146528,0,0.033125155
146529,0,0.033061206
146530,0,0.033049222
146531,0,0.03304921
146532,0,0.033049215
146533,0,0.03304922
146534,0,0.033049222
146535,0,0.03304922
146536,0,0.033049215
146537,0,0.033049222
146538,0,0.033049222
146539,0,0.033055324
146540,0,0.033056643
146541,0,0.033122208
146542,0,0.03312217
146543,0,0.03317783
146544,0,0.033177756
146545,0,0.033177655
146546,0,0.033177707
146547,0,0.033177722
146548,0,0.033177808
146549,0,0.033660345
146550,0,0.03366047
146551,0,0.037163217
146552,0,0.037164375
146553,0,0.03416698
146554,0,0.03369073
146555,0,0.033218876
146556,0,0.033090748
146557,0,0.03306382
146558,0,0.033063814
146559,0,0.033063814
146560,0,0.03306381
146561,0,0.033063803
146562,0,0.033063803
146563,0,0.03306381
146564,0,0.03304314
146565,0,0.033043135
146566,0,0.03304561
146567,0,0.033045236
146568,0,0.033045232
146569,0,0.03304523
146570,0,0.03304522
146571,0,0.033045217
146572,0,0.033045214
146573,0,0.033045214
146574,0,0.03304866
146575,0,0.033048656
146576,0,0.033048663
146577,0,0.033052415
146578,0,0.033046767
146579,0,0.03304677
146580,0,0.033127967
146581,0,0.03312801
146582,0,0.033127986
146583,0,0.033494357
146584,0,0.033260994
146585,0,0.03312248
146586,0,0.033093266
146587,0,0.033093266
146588,0,0.033053067
146589,0,0.033053055
146590,0,0.033053067
146591,0,0.03305305
146592,0,0.033053063
146593,0,0.033055175
146594,0,0.03305518
146595,0,0.03305518
146596,0,0.033055175
146597,0,0.03305517
146598,0,0.033054665
146599,0,0.033054672
146600,0,0.03304859
146601,0,0.0330486
146602,0,0.033048593
146603,0,0.033055082
146604,0,0.033055075
146605,0,0.03305508
146606,0,0.033055056
146607,0,0.033055056
146608,0,0.033053678
146609,0,0.033053696
146610,0,0.03318781
146611,0,0.03318782
146612,0,0.03318776
146613,0,0.033127747
146614,0,0.033127747
146615,0,0.03312771
146616,0,0.033808075
146617,0,0.033807963
146618,0,0.03306591
146619,0,0.03306591
146620,0,0.033065923
146621,0,0.033065926
146622,0,0.033065923
146623,0,0.033071168
146624,0,0.033071164
146625,0,0.033079542
146626,0,0.03307954
146627,0,0.033062775
146628,0,0.03350409
146629,0,0.033333227
146630,0,0.033505313
146631,0,0.033505373
146632,0,0.03435939
146633,0,0.034359705
146634,0,0.03805778
146635,0,0.03328238
146636,0,0.033282436
146637,0,0.033282384
146638,0,0.033282276
146639,0,0.033140995
146640,0,0.03313328
146641,0,0.033133253
146642,0,0.03313972
146643,0,0.033139724
146644,0,0.033139743
146645,0,0.03313979
146646,0,0.03313975
146647,0,0.033139717
146648,0,0.033139728
146649,0,0.033298697
146650,0,0.033320043
146651,0,0.033320043
146652,0,0.037469145
146653,0,0.033043243
146654,0,0.033043243
146655,0,0.033043243
146656,0,0.03304324
146657,0,0.03304324
146658,0,0.03304324
146659,0,0.033044323
146660,0,0.033044323
146661,0,0.033044484
146662,0,0.033044484
146663,0,0.03340322
146664,0,0.033403385
146665,0,0.033224802
146666,0,0.036206085
146667,0,0.036206756
146668,0,0.03620642
146669,0,0.033315457
146670,0,0.03331534
146671,0,0.033315476
146672,0,0.033315357
146673,0,0.033048756
146674,0,0.03304874
146675,0,0.033055555
146676,0,0.033057805
146677,0,0.033057738
146678,0,0.03305772
146679,0,0.03305772
146680,0,0.03305183
146681,0,0.033051834
146682,0,0.033051826
146683,0,0.033061653
146684,0,0.033065956
146685,0,0.033065956
146686,0,0.03306595
146687,0,0.03306594
146688,0,0.03306594
146689,0,0.033050902
146690,0,0.033054553
146691,0,0.033044785
146692,0,0.033044793
146693,0,0.033044796
146694,0,0.033044796
146695,0,0.0330448
146696,0,0.0330448
146697,0,0.033044796
146698,0,0.0330448
146699,0,0.03305128
146700,0,0.033051275
146701,0,0.033058863
146702,0,0.033093754
146703,0,0.033100456
146704,0,0.033100463
146705,0,0.033100467
146706,0,0.03307096
146707,0,0.033182748
146708,0,0.033182688
146709,0,0.03318274
146710,0,0.033106282
146711,0,0.033106264
146712,0,0.03310625
146713,0,0.033106223
146714,0,0.03310624
146715,0,0.033096112
146716,0,0.03309611
146717,0,0.03309609
146718,0,0.03308001
146719,0,0.03308001
146720,0,0.033080015
146721,0,0.033080034
146722,0,0.03308004
146723,0,0.033080045
146724,0,0.03308004
146725,0,0.033080652
146726,0,0.03305335
146727,0,0.03305335
146728,0,0.033053353
146729,0,0.03309002
146730,0,0.03309008
146731,0,0.033090044
146732,0,0.033086468
146733,0,0.03308643
146734,0,0.03308638
146735,0,0.033086345
146736,0,0.033074394
146737,0,0.033074416
146738,0,0.03307442
146739,0,0.03307444
146740,0,0.03307444
146741,0,0.033074427
146742,0,0.033071704
146743,0,0.033071697
146744,0,0.03307168
146745,0,0.033089917
146746,0,0.033041846
146747,0,0.033041842
146748,0,0.033041846
146749,0,0.033041842
146750,0,0.03304184
146751,0,0.033041045
146752,0,0.033041082
146753,0,0.03304115
146754,0,0.03304117
146755,0,0.033041097
146756,0,0.033041105
146757,0,0.033041105
146758,0,0.033040784
146759,0,0.033040784
146760,0,0.033040784
146761,0,0.033043955
146762,0,0.033068012
146763,0,0.033068005
146764,0,0.033068005
146765,0,0.033067998
146766,0,0.033043332
146767,0,0.033043336
146768,0,0.033043563
146769,0,0.033043563
146770,0,0.03304356
146771,0,0.03304356
146772,0,0.033045102
146773,0,0.033046853
146774,0,0.033046853
146775,0,0.033051003
146776,0,0.033341467
146777,0,0.033181366
146778,0,0.033181444
146779,0,0.0330804
146780,0,0.033080425
146781,0,0.033080447
146782,0,0.033080447
146783,0,0.03308042
146784,0,0.033045355
146785,0,0.033045366
146786,0,0.03304487
146787,0,0.03304486
146788,0,0.033044863
146789,0,0.03304487
146790,0,0.033044875
146791,0,0.03304488
146792,0,0.033044882
146793,0,0.03304488
146794,0,0.033067796
146795,0,0.033067793
146796,0,0.033070024
146797,0,0.033072922
146798,0,0.033072915
146799,0,0.033062227
146800,0,0.03305007
146801,0,0.033050075
146802,0,0.033050068
146803,0,0.033050075
146804,0,0.033050083
146805,0,0.03305008
146806,0,0.033050075
146807,0,0.033044912
146808,0,0.033044916
146809,0,0.033044916
146810,0,0.03304696
146811,0,0.033046957
146812,0,0.033046957
146813,0,0.03304113
146814,0,0.033041302
146815,0,0.0330413
146816,0,0.033041146
146817,0,0.03304115
146818,0,0.033041146
146819,0,0.033041146
146820,0,0.033041146
146821,0,0.03304115
146822,0,0.033041146
146823,0,0.03304888
146824,0,0.033043053
146825,0,0.03304305
146826,0,0.03304415
146827,0,0.033040777
146828,0,0.033040777
146829,0,0.033040777
146830,0,0.033040777
146831,0,0.03304091
146832,0,0.03304091
146833,0,0.03304091
146834,0,0.03304091
146835,0,0.033040762
146836,0,0.033040762
146837,0,0.03304163
146838,0,0.03304163
146839,0,0.03304163
146840,0,0.03304163
146841,0,0.03304089
146842,0,0.033040866
146843,0,0.033040866
146844,0,0.033040736
146845,0,0.033040736
146846,0,0.033040736
146847,0,0.033040736
146848,0,0.033040736
146849,0,0.033040736
146850,0,0.033040736
146851,0,0.033042632
146852,0,0.033042632
146853,0,0.03304263
146854,0,0.03304392
146855,0,0.033044692
146856,0,0.033044003
146857,0,0.033044055
146858,0,0.033043914
146859,0,0.033043917
146860,0,0.03304392
146861,0,0.03304392
146862,0,0.033043917
146863,0,0.033043854
146864,0,0.033043854
146865,0,0.0331148
146866,0,0.0331148
146867,0,0.033114806
146868,0,0.033114802
146869,0,0.033114836
146870,0,0.03311484
146871,0,0.03311483
146872,0,0.033114847
146873,0,0.033073485
146874,0,0.03307349
146875,0,0.033093095
146876,0,0.033093117
146877,0,0.03308055
146878,0,0.03306262
146879,0,0.033059906
146880,0,0.033059902
146881,0,0.0330599
146882,0,0.0330599
146883,0,0.033059895
146884,0,0.033059895
146885,0,0.0330599
146886,0,0.03305989
146887,0,0.033113264
146888,0,0.033143718
146889,0,0.033143707
146890,0,0.033143695
146891,0,0.033143688
146892,0,0.033048876
146893,0,0.03304888
146894,0,0.033040583
146895,0,0.033040583
146896,0,0.033040583
146897,0,0.033040583
146898,0,0.033040658
146899,0,0.03304064
146900,0,0.03304061
146901,0,0.03304061
146902,0,0.03304061
146903,0,0.03304061
146904,0,0.033096258
146905,0,0.03309623
146906,0,0.033096205
146907,0,0.03308726
146908,0,0.03306483
146909,0,0.03306482
146910,0,0.033064824
146911,0,0.033064835
146912,0,0.03312556
146913,0,0.033095665
146914,0,0.033095688
146915,0,0.033095684
146916,0,0.033095695
146917,0,0.033095684
146918,0,0.03310439
146919,0,0.033104394
146920,0,0.033104397
146921,0,0.033084374
146922,0,0.033070844
146923,0,0.03307084
146924,0,0.033045813
146925,0,0.033045817
146926,0,0.03304582
146927,0,0.03304582
146928,0,0.033045825
146929,0,0.033045825
146930,0,0.033045825
146931,0,0.03304582
146932,0,0.033050697
146933,0,0.033050694
146934,0,0.033873323
146935,0,0.03313787
146936,0,0.03309397
146937,0,0.033093937
146938,0,0.033093933
146939,0,0.03309392
146940,0,0.033093926
146941,0,0.033093907
146942,0,0.033093885
146943,0,0.033093896
146944,0,0.0330939
146945,0,0.033072844
146946,0,0.0330728
146947,0,0.033072814
146948,0,0.033058796
146949,0,0.033058792
146950,0,0.033058777
146951,0,0.033058785
146952,0,0.033058796
146953,0,0.0330588
146954,0,0.0330588
146955,0,0.033079218
146956,0,0.03307923
146957,0,0.033042833
146958,0,0.033042833
146959,0,0.033042833
146960,0,0.033042833
146961,0,0.033042833
146962,0,0.033042863
146963,0,0.033042863
146964,0,0.03304286
146965,0,0.03304286
146966,0,0.033042856
146967,0,0.033047337
146968,0,0.033052273
146969,0,0.033049166
146970,0,0.033049162
146971,0,0.033042602
146972,0,0.03304384
146973,0,0.033043258
146974,0,0.033043258
146975,0,0.03304326
146976,0,0.03304326
146977,0,0.03304326
146978,0,0.033043366
146979,0,0.033042364
146980,0,0.033041015
146981,0,0.033041015
146982,0,0.033041015
146983,0,0.033041015
146984,0,0.033041015
146985,0,0.033041015
146986,0,0.033041015
146987,0,0.033041015
146988,0,0.033041015
146989,0,0.033041105
146990,0,0.0330543
146991,0,0.0330543
146992,0,0.0330543
146993,0,0.0330543
146994,0,0.033047665
146995,0,0.033042237
146996,0,0.033041418
146997,0,0.03304142
146998,0,0.03304142
146999,0,0.03304142
147000,0,0.03304142
147001,0,0.03304142
147002,0,0.0330414
147003,0,0.0330414
147004,0,0.0330414
147005,0,0.033412013
147006,0,0.033357825
147007,0,0.03335744
147008,0,0.033152275
147009,0,0.033152115
147010,0,0.033152197
147011,0,0.033152185
147012,0,0.033170603
147013,0,0.0331705
147014,0,0.033160284
147015,0,0.0331603
147016,0,0.033160314
147017,0,0.033160325
147018,0,0.03313782
147019,0,0.033137836
147020,0,0.033137776
147021,0,0.033045556
147022,0,0.033045556
147023,0,0.033042572
147024,0,0.033042572
147025,0,0.033042572
147026,0,0.033042572
147027,0,0.033042572
147028,0,0.033042733
147029,0,0.033042733
147030,0,0.033042733
147031,0,0.033042736
147032,0,0.033042733
147033,0,0.033043947
147034,0,0.03304354
147035,0,0.03304489
147036,0,0.03304033
147037,0,0.03304033
147038,0,0.03304033
147039,0,0.03304037
147040,0,0.033040367
147041,0,0.03304038
147042,0,0.033040438
147043,0,0.033040438
147044,0,0.033040438
147045,0,0.03304045
147046,0,0.033040635
147047,0,0.033040553
147048,0,0.033040553
147049,0,0.033040553
147050,0,0.033040557
147051,0,0.033040557
147052,0,0.033040557
147053,0,0.0330404
147054,0,0.0330404
147055,0,0.0330404
147056,0,0.0330404
147057,0,0.0330404
147058,0,0.0330404
147059,0,0.0330404
147060,0,0.03304209
147061,0,0.03304209
147062,0,0.033040863
147063,0,0.03304102
147064,0,0.03304102
147065,0,0.033041023
147066,0,0.033041023
147067,0,0.033041023
147068,0,0.033041045
147069,0,0.033041045
147070,0,0.03304046
147071,0,0.03304046
147072,0,0.033042543
147073,0,0.03304254
147074,0,0.03304254
147075,0,0.033042535
147076,0,0.033042535
147077,0,0.033065226
147078,0,0.033065286
147079,0,0.034489967
147080,0,0.034484915
147081,0,0.037264988
147082,0,0.066833355
147083,0,0.06678527
147084,0,0.06672531
147085,0,0.063885964
147086,0,0.052030273
147087,0,0.05201932
147088,0,0.033086848
147089,0,0.033086795
147090,0,0.03308672
147091,0,0.033086605
147092,0,0.03308666
147093,0,0.0330865
147094,0,0.033086482
147095,0,0.033113126
147096,0,0.03310737
147097,0,0.033107102
147098,0,0.03312281
147099,0,0.03312275
147100,0,0.03312291
147101,0,0.033123013
147102,0,0.033122774
147103,0,0.033122804
147104,0,0.033122588
147105,0,0.03312279
147106,0,0.03304818
147107,0,0.033048186
147108,0,0.03304819
147109,0,0.033048183
147110,0,0.03304818
147111,0,0.033048175
147112,0,0.033048175
147113,0,0.033048175
147114,0,0.03304817
147115,0,0.03304847
147116,0,0.0330413
147117,0,0.0330413
147118,0,0.0330413
147119,0,0.0330413
147120,0,0.0330413
147121,0,0.03304158
147122,0,0.03304158
147123,0,0.03304084
147124,0,0.03304084
147125,0,0.03304084
147126,0,0.03304084
147127,0,0.033040855
147128,0,0.033040542
147129,0,0.033040542
147130,0,0.033040542
147131,0,0.033040542
147132,0,0.033040542
147133,0,0.033041276
147134,0,0.033041276
147135,0,0.033041276
147136,0,0.033041276
147137,0,0.033059318
147138,0,0.033081453
147139,0,0.033048574
147140,0,0.03304857
147141,0,0.033046134
147142,0,0.033046134
147143,0,0.033046126
147144,0,0.033049546
147145,0,0.033046197
147146,0,0.0330462
147147,0,0.033046197
147148,0,0.033045456
147149,0,0.033045456
147150,0,0.03304546
147151,0,0.033045642
147152,0,0.033045646
147153,0,0.03304565
147154,0,0.033182222
147155,0,0.033182204
147156,0,0.033182155
147157,0,0.033181384
147158,0,0.033182453
147159,0,0.033177845
147160,0,0.03317783
147161,0,0.033087593
147162,0,0.033087548
147163,0,0.033087566
147164,0,0.033450242
147165,0,0.0334506
147166,0,0.033451505
147167,0,0.03337175
147168,0,0.033372257
147169,0,0.03337219
147170,0,0.033372156
147171,0,0.0333706
147172,0,0.03894734
147173,0,0.038949758
147174,0,0.038795084
147175,0,0.033045176
147176,0,0.03304233
147177,0,0.03304233
147178,0,0.03304233
147179,0,0.03304233
147180,0,0.03304233
147181,0,0.03304233
147182,0,0.03304233
147183,0,0.03304233
147184,0,0.033046827
147185,0,0.033046823
147186,0,0.03312539
147187,0,0.03304239
147188,0,0.03304239
147189,0,0.033042386
147190,0,0.033042386
147191,0,0.033042386
147192,0,0.033042382
147193,0,0.033042382
147194,0,0.03304226
147195,0,0.033042256
147196,0,0.033042256
147197,0,0.033044606
147198,0,0.033044606
147199,0,0.03304461
147200,0,0.033044606
147201,0,0.033040687
147202,0,0.033040524
147203,0,0.033040524
147204,0,0.033040524
147205,0,0.033040524
147206,0,0.033040524
147207,0,0.033040524
147208,0,0.033040524
147209,0,0.033040524
147210,0,0.033040524
147211,0,0.033041235
147212,0,0.033040423
147213,0,0.033040423
147214,0,0.033040576
147215,0,0.033040576
147216,0,0.033040527
147217,0,0.033040527
147218,0,0.033040527
147219,0,0.033040527
147220,0,0.033040527
147221,0,0.033040527
147222,0,0.03304043
147223,0,0.03304043
147224,0,0.03304043
147225,0,0.03304043
147226,0,0.033040438
147227,0,0.03304039
147228,0,0.033040393
147229,0,0.033040307
147230,0,0.033040307
147231,0,0.033040307
147232,0,0.03304098
147233,0,0.03304098
147234,0,0.03304098
147235,0,0.03309109
147236,0,0.033091065
147237,0,0.033091106
147238,0,0.03309111
147239,0,0.033094533
147240,0,0.033094667
147241,0,0.033094723
147242,0,0.03309473
147243,0,0.03309477
147244,0,0.03309467
147245,0,0.033294078
147246,0,0.033049226
147247,0,0.033052277
147248,0,0.033052277
147249,0,0.033052288
147250,0,0.033058174
147251,0,0.033040836
147252,0,0.03304081
147253,0,0.03304081
147254,0,0.03304081
147255,0,0.033040892
147256,0,0.033040874
147257,0,0.033040844
147258,0,0.033040844
147259,0,0.033040844
147260,0,0.03304084
147261,0,0.033041783
147262,0,0.033041783
147263,0,0.033041786
147264,0,0.033041786
147265,0,0.033049352
147266,0,0.0330559
147267,0,0.0330559
147268,0,0.0330529
147269,0,0.03304526
147270,0,0.033048533
147271,0,0.03304316
147272,0,0.03304316
147273,0,0.03304316
147274,0,0.03304316
147275,0,0.03306859
147276,0,0.03306862
147277,0,0.033266235
147278,0,0.033266373
147279,0,0.03304014
147280,0,0.03304014
147281,0,0.033040147
147282,0,0.033040147
147283,0,0.033040147
147284,0,0.033040147
147285,0,0.033040147
147286,0,0.033040147
147287,0,0.033040147
147288,0,0.03304014
147289,0,0.033058107
147290,0,0.0330581
147291,0,0.033058103
147292,0,0.033058107
147293,0,0.03535989
147294,0,0.03535505
147295,0,0.035358794
147296,0,0.035351787
147297,0,0.038193546
147298,0,0.036912825
147299,0,0.036912374
147300,0,0.033057015
147301,0,0.033056997
147302,0,0.033057004
147303,0,0.033040807
147304,0,0.033040807
147305,0,0.033040807
147306,0,0.033040807
147307,0,0.033040807
147308,0,0.03304405
147309,0,0.033042133
147310,0,0.033042133
147311,0,0.03304073
147312,0,0.03304041
147313,0,0.03304041
147314,0,0.03304041
147315,0,0.03304041
147316,0,0.033040296
147317,0,0.033040296
147318,0,0.033040296
147319,0,0.033040296
147320,0,0.033040296
147321,0,0.033040296
147322,0,0.03304045
147323,0,0.03304184
147324,0,0.03304184
147325,0,0.03304184
147326,0,0.033043668
147327,0,0.033043664
147328,0,0.033043668
147329,0,0.033043664
147330,0,0.03304681
147331,0,0.033046816
147332,0,0.03304273
147333,0,0.033042733
147334,0,0.033042733
147335,0,0.033041533
147336,0,0.033040486
147337,0,0.03304051
147338,0,0.03304051
147339,0,0.03304049
147340,0,0.03304049
147341,0,0.03304049
147342,0,0.03304046
147343,0,0.033040464
147344,0,0.03304046
147345,0,0.03304046
147346,0,0.033048075
147347,0,0.033048075
147348,0,0.03304807
147349,0,0.033048067
147350,0,0.033048064
147351,0,0.03304806
147352,0,0.033047933
147353,0,0.03304741
147354,0,0.03304741
147355,0,0.033049446
147356,0,0.033049453
147357,0,0.03304202
147358,0,0.033042025
147359,0,0.033042025
147360,0,0.033040933
147361,0,0.033040933
147362,0,0.033040933
147363,0,0.033041127
147364,0,0.033041127
147365,0,0.03304134
147366,0,0.03304121
147367,0,0.033041205
147368,0,0.033040937
147369,0,0.033041
147370,0,0.0330427
147371,0,0.033052314
147372,0,0.033050798
147373,0,0.033050068
147374,0,0.033155423
147375,0,0.033109337
147376,0,0.033109337
147377,0,0.03310933
147378,0,0.033109345
147379,0,0.033053704
147380,0,0.033053707
147381,0,0.033053704
147382,0,0.0330537
147383,0,0.03305369
147384,0,0.033051357
147385,0,0.033178907
147386,0,0.03317937
147387,0,0.033180095
147388,0,0.033180267
147389,0,0.033179644
147390,0,0.033180222
147391,0,0.03304186
147392,0,0.03304186
147393,0,0.03304186
147394,0,0.033042252
147395,0,0.033042252
147396,0,0.033042252
147397,0,0.033041745
147398,0,0.033041745
147399,0,0.03304175
147400,0,0.03304175
147401,0,0.03304175
147402,0,0.03304246
147403,0,0.033042464
147404,0,0.033042602
147405,0,0.033042606
147406,0,0.033040512
147407,0,0.033040512
147408,0,0.033040367
147409,0,0.033040367
147410,0,0.033040367
147411,0,0.033040363
147412,0,0.033040393
147413,0,0.03304041
147414,0,0.033040427
147415,0,0.033040248
147416,0,0.033040248
147417,0,0.033040248
147418,0,0.033040248
147419,0,0.033040248
147420,0,0.033040248
147421,0,0.033040248
147422,0,0.033040248
147423,0,0.033040248
147424,0,0.033040255
147425,0,0.03304046
147426,0,0.03304046
147427,0,0.033040877
147428,0,0.033040896
147429,0,0.033040896
147430,0,0.033040896
147431,0,0.033040464
147432,0,0.033040464
147433,0,0.033040464
147434,0,0.033040464
147435,0,0.033040512
147436,0,0.033040542
147437,0,0.033040594
147438,0,0.033040587
147439,0,0.033040527
147440,0,0.03304052
147441,0,0.03304047
147442,0,0.03304047
147443,0,0.03304047
147444,0,0.03304047
147445,0,0.033040415
147446,0,0.033040415
147447,0,0.033040415
147448,0,0.033040415
147449,0,0.033040415
147450,0,0.033052996
147451,0,0.033051286
147452,0,0.033051293
147453,0,0.033051297
147454,0,0.03305111
147455,0,0.033051103
147456,0,0.033051103
147457,0,0.033052083
147458,0,0.033051718
147459,0,0.033041153
147460,0,0.033041153
147461,0,0.033041153
147462,0,0.033041153
147463,0,0.03304048
147464,0,0.03304048
147465,0,0.03304048
147466,0,0.03304048
147467,0,0.03304048
147468,0,0.03304048
147469,0,0.033040915
147470,0,0.03304186
147471,0,0.033041626
147472,0,0.033041626
147473,0,0.03304353
147474,0,0.03304747
147475,0,0.033047467
147476,0,0.033047467
147477,0,0.03304747
147478,0,0.03304747
147479,0,0.03304748
147480,0,0.03309658
147481,0,0.033096563
147482,0,0.033096515
147483,0,0.033040743
147484,0,0.0330406
147485,0,0.0330406
147486,0,0.0330406
147487,0,0.033040468
147488,0,0.033040468
147489,0,0.033040438
147490,0,0.03304045
147491,0,0.03304045
147492,0,0.03304045
147493,0,0.03304045
147494,0,0.03304045
147495,0,0.03304045
147496,0,0.03304045
147497,0,0.033043113
147498,0,0.033043113
147499,0,0.033043113
147500,0,0.03304305
147501,0,0.033043046
147502,0,0.033043046
147503,0,0.033042893
147504,0,0.03304505
147505,0,0.033042684
147506,0,0.033042684
147507,0,0.033042252
147508,0,0.033042252
147509,0,0.03304114
147510,0,0.033040766
147511,0,0.033040676
147512,0,0.033040676
147513,0,0.033040676
147514,0,0.033040676
147515,0,0.033040676
147516,0,0.03304053
147517,0,0.033040438
147518,0,0.033040438
147519,0,0.033040438
147520,0,0.033040438
147521,0,0.03304071
147522,0,0.033040967
147523,0,0.033040967
147524,0,0.033040483
147525,0,0.033040483
147526,0,0.033040483
147527,0,0.033040483
147528,0,0.033040483
147529,0,0.033040483
147530,0,0.033045184
147531,0,0.03315746
147532,0,0.033157762
147533,0,0.033157345
147534,0,0.03313464
147535,0,0.033125766
147536,0,0.033125818
147537,0,0.033125464
147538,0,0.03312538
147539,0,0.033043575
147540,0,0.03304357
147541,0,0.033043575
147542,0,0.03304357
147543,0,0.03304357
147544,0,0.03304357
147545,0,0.03305644
147546,0,0.033082835
147547,0,0.033044346
147548,0,0.033044342
147549,0,0.03304803
147550,0,0.03306197
147551,0,0.033061948
147552,0,0.033061974
147553,0,0.033061963
147554,0,0.033041757
147555,0,0.03304093
147556,0,0.03304093
147557,0,0.033042487
147558,0,0.033042483
147559,0,0.03304168
147560,0,0.03304168
147561,0,0.03304168
147562,0,0.03304168
147563,0,0.03304168
147564,0,0.03304168
147565,0,0.033150326
147566,0,0.033150367
147567,0,0.03315031
147568,0,0.033115968
147569,0,0.033146396
147570,0,0.03309249
147571,0,0.033041947
147572,0,0.033041947
147573,0,0.033041947
147574,0,0.033041947
147575,0,0.033041824
147576,0,0.033041824
147577,0,0.033041824
147578,0,0.033041824
147579,0,0.03304113
147580,0,0.033040762
147581,0,0.033040762
147582,0,0.033040762
147583,0,0.033040762
147584,0,0.03304139
147585,0,0.03304144
147586,0,0.03304144
147587,0,0.03304144
147588,0,0.03304144
147589,0,0.03304144
147590,0,0.03307392
147591,0,0.033073917
147592,0,0.03307393
147593,0,0.033064727
147594,0,0.033064738
147595,0,0.03306474
147596,0,0.033041555
147597,0,0.033041555
147598,0,0.03304156
147599,0,0.033041555
147600,0,0.033041555
147601,0,0.03304156
147602,0,0.033041842
147603,0,0.033043947
147604,0,0.03304256
147605,0,0.03304256
147606,0,0.033042565
147607,0,0.033042565
147608,0,0.033042565
147609,0,0.033042565
147610,0,0.03304256
147611,0,0.03304256
147612,0,0.033042427
147613,0,0.03305048
147614,0,0.033056237
147615,0,0.03305623
147616,0,0.033049032
147617,0,0.03304221
147618,0,0.03304221
147619,0,0.03304221
147620,0,0.033042207
147621,0,0.0330422
147622,0,0.0330422
147623,0,0.0330422
147624,0,0.033042274
147625,0,0.03305646
147626,0,0.03305644
147627,0,0.033063713
147628,0,0.033063706
147629,0,0.033063713
147630,0,0.03312092
147631,0,0.03313166
147632,0,0.033109415
147633,0,0.03306096
147634,0,0.033138257
147635,0,0.03313822
147636,0,0.036106694
147637,0,0.033558298
147638,0,0.033557057
147639,0,0.03355569
147640,0,0.03355611
147641,0,0.03355568
147642,0,0.0335548
147643,0,0.03361846
147644,0,0.03361787
147645,0,0.0336174
147646,0,0.033631474
147647,0,0.034347814
147648,0,0.033508047
147649,0,0.033508163
147650,0,0.03350791
147651,0,0.033476956
147652,0,0.033477526
147653,0,0.033329915
147654,0,0.033331193
147655,0,0.033332027
147656,0,0.03304701
147657,0,0.03304701
147658,0,0.033047013
147659,0,0.03304445
147660,0,0.03304445
147661,0,0.03304445
147662,0,0.033044454
147663,0,0.03304445
147664,0,0.03304375
147665,0,0.033041652
147666,0,0.033040438
147667,0,0.033040438
147668,0,0.033040438
147669,0,0.033040583
147670,0,0.033040583
147671,0,0.033040583
147672,0,0.033041064
147673,0,0.033041064
147674,0,0.033041064
147675,0,0.033041064
147676,0,0.033042517
147677,0,0.033042517
147678,0,0.033042517
147679,0,0.033042517
147680,0,0.033042517
147681,0,0.03304252
147682,0,0.033042517
147683,0,0.03304252
147684,0,0.033045247
147685,0,0.033045247
147686,0,0.03304811
147687,0,0.033048104
147688,0,0.03304228
147689,0,0.033044487
147690,0,0.033044487
147691,0,0.03304472
147692,0,0.03304472
147693,0,0.033044714
147694,0,0.033044662
147695,0,0.03304165
147696,0,0.03304037
147697,0,0.03304038
147698,0,0.03304038
147699,0,0.03304038
147700,0,0.03304038
147701,0,0.03304038
147702,0,0.03304038
147703,0,0.033040453
147704,0,0.033040453
147705,0,0.033040304
147706,0,0.033040304
147707,0,0.033041567
147708,0,0.033041567
147709,0,0.03304083
147710,0,0.03304083
147711,0,0.033040825
147712,0,0.033040825
147713,0,0.033040825
147714,0,0.033040535
147715,0,0.033040535
147716,0,0.033040535
147717,0,0.03304487
147718,0,0.033044152
147719,0,0.033041865
147720,0,0.03304104
147721,0,0.033040274
147722,0,0.033040274
147723,0,0.033040274
147724,0,0.033040456
147725,0,0.033040456
147726,0,0.03304059
147727,0,0.033040483
147728,0,0.033040483
147729,0,0.033040464
147730,0,0.033040464
147731,0,0.033040464
147732,0,0.033040356
147733,0,0.033040356
147734,0,0.03304042
147735,0,0.033040375
147736,0,0.033040375
147737,0,0.03304037
147738,0,0.033040304
147739,0,0.033040315
147740,0,0.033040315
147741,0,0.033040315
147742,0,0.033040315
147743,0,0.033040315
147744,0,0.03304078
147745,0,0.03304078
147746,0,0.03304078
147747,0,0.033040766
147748,0,0.033040762
147749,0,0.033040293
147750,0,0.033040293
147751,0,0.033040293
147752,0,0.033040293
147753,0,0.033040293
147754,0,0.033040293
147755,0,0.033040293
147756,0,0.033040293
147757,0,0.033040352
147758,0,0.033040352
147759,0,0.033040855
147760,0,0.033040613
147761,0,0.033040784
147762,0,0.033040784
147763,0,0.033040784
147764,0,0.033040784
147765,0,0.033040784
147766,0,0.033040784
147767,0,0.033040795
147768,0,0.033040795
147769,0,0.033040795
147770,0,0.033041056
147771,0,0.033041056
147772,0,0.033041056
147773,0,0.033041056
147774,0,0.033040486
147775,0,0.033040486
147776,0,0.03304036
147777,0,0.03304029
147778,0,0.03304029
147779,0,0.03304029
147780,0,0.03304029
147781,0,0.03304029
147782,0,0.03304029
147783,0,0.03304029
147784,0,0.033040915
147785,0,0.033041023
147786,0,0.033041023
147787,0,0.033042375
147788,0,0.03304237
147789,0,0.03304139
147790,0,0.03304139
147791,0,0.03304139
147792,0,0.033041485
147793,0,0.033041123
147794,0,0.033041123
147795,0,0.033041123
147796,0,0.033041123
147797,0,0.033041123
147798,0,0.033041123
147799,0,0.033041142
147800,0,0.033041123
147801,0,0.033041123
147802,0,0.033040766
147803,0,0.033040766
147804,0,0.033041418
147805,0,0.033041455
147806,0,0.033042938
147807,0,0.03304294
147808,0,0.033040594
147809,0,0.033040594
147810,0,0.033040527
147811,0,0.033040527
147812,0,0.03304103
147813,0,0.03304103
147814,0,0.03304103
147815,0,0.033040844
147816,0,0.033040844
147817,0,0.03304074
147818,0,0.033040743
147819,0,0.033040974
147820,0,0.03304085
147821,0,0.03304085
147822,0,0.03304085
147823,0,0.03304085
147824,0,0.033040565
147825,0,0.033040565
147826,0,0.033040565
147827,0,0.033040572
147828,0,0.033040572
147829,0,0.033041414
147830,0,0.033041418
147831,0,0.033041634
147832,0,0.033041634
147833,0,0.03304026
147834,0,0.0330403
147835,0,0.0330403
147836,0,0.0330403
147837,0,0.0330403
147838,0,0.033040315
147839,0,0.033040315
147840,0,0.03304032
147841,0,0.03304032
147842,0,0.033040367
147843,0,0.033040483
147844,0,0.03304046
147845,0,0.033040352
147846,0,0.033040352
147847,0,0.033040535
147848,0,0.033040427
147849,0,0.033040278
147850,0,0.033040807
147851,0,0.033040404
147852,0,0.033040278
147853,0,0.03304028
147854,0,0.03304045
147855,0,0.0330405
147856,0,0.033040483
147857,0,0.033040468
147858,0,0.033040434
147859,0,0.03304055
147860,0,0.033040557
147861,0,0.033040483
147862,0,0.033040527
147863,0,0.033040404
147864,0,0.03304049
147865,0,0.033040423
147866,0,0.033040497
147867,0,0.033040497
147868,0,0.033040527
147869,0,0.033040497
147870,0,0.033041686
147871,0,0.033040326
147872,0,0.033040363
147873,0,0.03304046
147874,0,0.033040445
147875,0,0.03304036
147876,0,0.033040497
147877,0,0.03304049
147878,0,0.033040363
147879,0,0.033040218
147880,0,0.033040278
147881,0,0.033043258
147882,0,0.033041283
147883,0,0.033041283
147884,0,0.033041283
147885,0,0.033041283
147886,0,0.03304037
147887,0,0.033040453
147888,0,0.033040453
147889,0,0.033040486
147890,0,0.033040486
147891,0,0.03304051
147892,0,0.03304051
147893,0,0.03304051
147894,0,0.03304051
147895,0,0.03304041
147896,0,0.03304123
147897,0,0.03304125
147898,0,0.03304125
147899,0,0.03304125
147900,0,0.03304125
147901,0,0.033040613
147902,0,0.03304061
147903,0,0.033040386
147904,0,0.033040226
147905,0,0.033040278
147906,0,0.033040263
147907,0,0.03304026
147908,0,0.033040255
147909,0,0.0330402
147910,0,0.033040177
147911,0,0.03304017
147912,0,0.033040218
147913,0,0.033040237
147914,0,0.033040233
147915,0,0.03304027
147916,0,0.03304028
147917,0,0.033040974
147918,0,0.03304058
147919,0,0.033040263
147920,0,0.03304037
147921,0,0.03304043
147922,0,0.033040293
147923,0,0.033040363
147924,0,0.03304051
147925,0,0.03304039
147926,0,0.03304042
147927,0,0.033040285
147928,0,0.033040415
147929,0,0.03304043
147930,0,0.033040423
147931,0,0.033040404
147932,0,0.03304037
147933,0,0.033040423
147934,0,0.033040397
147935,0,0.033040497
147936,0,0.033040497
147937,0,0.033040576
147938,0,0.03304057
147939,0,0.03304057
147940,0,0.03304057
147941,0,0.03304057
147942,0,0.033040598
147943,0,0.03304035
147944,0,0.0330404
147945,0,0.033040367
147946,0,0.033040456
147947,0,0.033040445
147948,0,0.033040475
147949,0,0.033040505
147950,0,0.03304097
147951,0,0.03304097
147952,0,0.03304097
147953,0,0.03304097
147954,0,0.03304097
147955,0,0.033041295
147956,0,0.033041295
147957,0,0.03304129
147958,0,0.033042695
147959,0,0.033042695
147960,0,0.033042695
147961,0,0.03304029
147962,0,0.033040315
147963,0,0.033040307
147964,0,0.03304033
147965,0,0.0330403
147966,0,0.033040293
147967,0,0.03304027
147968,0,0.03304028
147969,0,0.033040214
147970,0,0.033040296
147971,0,0.033040266
147972,0,0.03304025
147973,0,0.03304027
147974,0,0.03304025
147975,0,0.033040352
147976,0,0.033040352
147977,0,0.033040278
147978,0,0.033040363
147979,0,0.0330404
147980,0,0.033040356
147981,0,0.033040658
147982,0,0.033040483
147983,0,0.033040635
147984,0,0.033040386
147985,0,0.03304047
147986,0,0.03304062
147987,0,0.033040475
147988,0,0.033040505
147989,0,0.033040334
147990,0,0.033040397
147991,0,0.03304041
147992,0,0.033040337
147993,0,0.03304039
147994,0,0.03304032
147995,0,0.03304027
147996,0,0.03304035
147997,0,0.033040375
147998,0,0.033040304
147999,0,0.033040185
148000,0,0.033040248
148001,0,0.03304038
148002,0,0.03304026
148003,0,0.033040237
148004,0,0.033040274
148005,0,0.03304021
148006,0,0.0330403
148007,0,0.033040274
148008,0,0.033040334
148009,0,0.033040404
148010,0,0.03304035
148011,0,0.03304033
148012,0,0.03304032
148013,0,0.033040386
148014,0,0.033040356
148015,0,0.033040434
148016,0,0.033040404
148017,0,0.033040382
148018,0,0.03304043
148019,0,0.033040356
148020,0,0.033040293
148021,0,0.03304028
148022,0,0.033040334
148023,0,0.033040278
148024,0,0.033040214
148025,0,0.033040226
148026,0,0.033040244
148027,0,0.033040255
148028,0,0.03304038
148029,0,0.033040453
148030,0,0.033040483
148031,0,0.033040524
148032,0,0.033040505
148033,0,0.03304037
148034,0,0.033040404
148035,0,0.033040505
148036,0,0.03304041
148037,0,0.03304045
148038,0,0.033040375
148039,0,0.033040404
148040,0,0.03304049
148041,0,0.03304038
148042,0,0.03304045
148043,0,0.03304048
148044,0,0.033040404
148045,0,0.03304043
148046,0,0.03304038
148047,0,0.033040334
148048,0,0.03304054
148049,0,0.0330404
148050,0,0.033040386
148051,0,0.033040524
148052,0,0.033040557
148053,0,0.03304049
148054,0,0.03304041
148055,0,0.033040408
148056,0,0.03304047
148057,0,0.03304037
148058,0,0.033040386
148059,0,0.033040628
148060,0,0.03304038
148061,0,0.033040345
148062,0,0.033040322
148063,0,0.03304036
148064,0,0.033040315
148065,0,0.033040453
148066,0,0.033040415
148067,0,0.033040456
148068,0,0.033040512
148069,0,0.033040542
148070,0,0.03304039
148071,0,0.033040404
148072,0,0.033040404
148073,0,0.033040404
148074,0,0.033040404
148075,0,0.03304039
148076,0,0.0330404
148077,0,0.033040397
148078,0,0.033040605
148079,0,0.033040445
148080,0,0.033040486
148081,0,0.033040386
148082,0,0.03304038
148083,0,0.033040375
148084,0,0.033040415
148085,0,0.033040516
148086,0,0.033040367
148087,0,0.033040453
148088,0,0.03304046
148089,0,0.03304041
148090,0,0.033040546
148091,0,0.033040516
148092,0,0.033040456
148093,0,0.033040326
148094,0,0.033040363
148095,0,0.03304038
148096,0,0.033040356
148097,0,0.033040415
148098,0,0.033040434
148099,0,0.033040423
148100,0,0.03304039
148101,0,0.033040404
148102,0,0.033040337
148103,0,0.033040468
148104,0,0.03304039
148105,0,0.033040427
148106,0,0.033040468
148107,0,0.033040494
148108,0,0.03304041
148109,0,0.033040475
148110,0,0.033040527
148111,0,0.03304042
148112,0,0.03304048
148113,0,0.033040445
148114,0,0.03304047
148115,0,0.033040468
148116,0,0.033040453
148117,0,0.03304048
148118,0,0.033040687
148119,0,0.033040486
148120,0,0.033040524
148121,0,0.033040594
148122,0,0.033040404
148123,0,0.03304045
148124,0,0.03304042
148125,0,0.033040438
148126,0,0.03304045
148127,0,0.03304048
148128,0,0.033040557
148129,0,0.03304051
148130,0,0.0330405
148131,0,0.033040464
148132,0,0.033040468
148133,0,0.033040468
148134,0,0.03304058
148135,0,0.03304043
148136,0,0.033040475
148137,0,0.033040494
148138,0,0.033040494
148139,0,0.03304049
148140,0,0.033040497
148141,0,0.033040524
148142,0,0.033040483
148143,0,0.033040363
148144,0,0.033040397
148145,0,0.033040404
148146,0,0.033040438
148147,0,0.03304047
148148,0,0.033040397
148149,0,0.033040483
148150,0,0.03304041
148151,0,0.033040483
148152,0,0.033040423
148153,0,0.033040546
148154,0,0.033040553
148155,0,0.03304051
148156,0,0.03304038
148157,0,0.033040505
148158,0,0.033040598
148159,0,0.033040415
148160,0,0.033040524
148161,0,0.03304045
148162,0,0.033040397
148163,0,0.0330404
148164,0,0.033040494
148165,0,0.033040453
148166,0,0.033040486
148167,0,0.033040345
148168,0,0.03304052
148169,0,0.033040404
148170,0,0.033040415
148171,0,0.033040535
148172,0,0.033040438
148173,0,0.03304052
148174,0,0.033040565
148175,0,0.033040445
148176,0,0.033040434
148177,0,0.033040546
148178,0,0.03304044
148179,0,0.033040415
148180,0,0.03304062
148181,0,0.033040382
148182,0,0.03304049
148183,0,0.033040524
148184,0,0.033040415
148185,0,0.033040456
148186,0,0.03304043
148187,0,0.033040397
148188,0,0.03304059
148189,0,0.033040617
148190,0,0.033040524
148191,0,0.033040524
148192,0,0.03304053
148193,0,0.03304053
148194,0,0.03304046
148195,0,0.033040423
148196,0,0.033040747
148197,0,0.03304073
148198,0,0.033040542
148199,0,0.03304042
148200,0,0.033040434
148201,0,0.033040415
148202,0,0.033040535
148203,0,0.033040456
148204,0,0.033040382
148205,0,0.033040322
148206,0,0.033040363
148207,0,0.033040404
148208,0,0.03304049
148209,0,0.033040367
148210,0,0.033040393
148211,0,0.03304068
148212,0,0.033040468
148213,0,0.033040415
148214,0,0.033040456
148215,0,0.033040516
148216,0,0.033040375
148217,0,0.033040337
148218,0,0.033040304
148219,0,0.03304036
148220,0,0.033040356
148221,0,0.033040266
148222,0,0.033040375
148223,0,0.033040315
148224,0,0.033040423
148225,0,0.033040386
148226,0,0.03304036
148227,0,0.033040404
148228,0,0.033040356
148229,0,0.033040356
148230,0,0.03304037
148231,0,0.03304033
148232,0,0.03304046
148233,0,0.03304035
148234,0,0.03304041
148235,0,0.033040304
148236,0,0.033040363
148237,0,0.033040334
148238,0,0.033040363
148239,0,0.033040337
148240,0,0.03304042
148241,0,0.033040464
148242,0,0.03304043
148243,0,0.033040397
148244,0,0.03304049
148245,0,0.03304041
148246,0,0.033040386
148247,0,0.033040483
148248,0,0.033040393
148249,0,0.033040434
148250,0,0.03304046
148251,0,0.03304036
148252,0,0.033040386
148253,0,0.033040464
148254,0,0.033040322
148255,0,0.03304049
148256,0,0.033040483
148257,0,0.03304047
148258,0,0.03304048
148259,0,0.03304048
148260,0,0.033040397
148261,0,0.03304039
148262,0,0.03304049
148263,0,0.033040404
148264,0,0.033040483
148265,0,0.033040464
148266,0,0.033040635
148267,0,0.033040397
148268,0,0.03304048
148269,0,0.03304057
148270,0,0.033040505
148271,0,0.033040673
148272,0,0.03304053
148273,0,0.0330404
148274,0,0.0485912
148275,0,0.03307214
148276,0,0.033071972
148277,0,0.033042796
148278,0,0.033042993
148279,0,0.03314875
148280,0,0.0330406
148281,0,0.03304051
148282,0,0.033040434
148283,0,0.0330404
148284,0,0.033040494
148285,0,0.0330404
148286,0,0.033040576
148287,0,0.033040587
148288,0,0.03304043
148289,0,0.03304074
148290,0,0.07295368
148291,0,0.05219416
148292,0,0.052281007
148293,0,0.053142104
148294,0,0.053199045
148295,0,0.053161092
148296,0,0.062342953
148297,0,0.06243505
148298,0,0.062558964
148299,0,0.06252095
148300,0,0.062595986
148301,1,0.20448837
148302,1,0.20514627
148303,1,0.20501994
148304,1,0.20507093
148305,1,0.19105048
148306,1,0.1910716
148307,1,0.19106771
148308,1,0.19924688
148309,1,0.19924511
148310,1,0.19919485
148311,1,0.19916378
148312,1,0.22241437
148313,1,0.22242929
148314,1,0.22228575
148315,1,0.22229159
148316,1,0.2221483
148317,1,0.22217536
148318,1,0.22208321
148319,1,0.22207668
148320,1,0.2220475
148321,1,0.1900108
148322,1,0.27561653
148323,1,0.27561972
148324,1,0.27561545
148325,1,0.27561817
148326,1,0.27562636
148327,1,0.27562416
148328,1,0.2748186
148329,1,0.27477425
148330,1,0.2747424
148331,1,0.27474296
148332,1,0.28364092
148333,0,0.04157731
148334,0,0.04155642
148335,0,0.04157316
148336,0,0.041609548
148337,0,0.041595772
148338,0,0.041634534
148339,0,0.03304182
148340,0,0.03308026
148341,0,0.03308024
148342,0,0.033080347
148343,0,0.033079315
148344,0,0.03307967
148345,0,0.033083625
148346,0,0.033083595
148347,0,0.033083428
148348,0,0.033082988
148349,1,0.19041787
148350,1,0.19132581
148351,1,0.19130069
148352,1,0.19781221
148353,1,0.19752012
148354,0,0.09005489
148355,0,0.089671545
148356,0,0.033062868
148357,0,0.033040892
148358,0,0.03304089
148359,0,0.03304089
148360,0,0.03304088
148361,0,0.03304088
148362,0,0.033040367
148363,0,0.033040363
148364,0,0.033040456
148365,0,0.03304036
148366,0,0.03304034
148367,0,0.033040363
148368,0,0.033040386
148369,0,0.03304033
148370,0,0.033072226
148371,0,0.03307257
148372,0,0.033072386
148373,0,0.03304084
148374,0,0.03304084
148375,0,0.03304084
148376,0,0.03304084
148377,0,0.03304084
148378,0,0.03304084
148379,0,0.033040844
148380,0,0.033040598
148381,0,0.033040576
148382,0,0.03304057
148383,0,0.03304039
148384,0,0.033040565
148385,0,0.033040434
148386,0,0.033040516
148387,0,0.033040438
148388,0,0.033040453
148389,0,0.03304054
148390,0,0.033040445
148391,0,0.033040475
148392,0,0.033040483
148393,0,0.033040464
148394,0,0.033040516
148395,0,0.033040557
148396,0,0.03304054
148397,0,0.033040505
148398,0,0.033040404
148399,0,0.03304039
148400,0,0.03304046
148401,0,0.033040326
148402,0,0.03304035
148403,0,0.03304041
148404,0,0.033040524
148405,0,0.033040505
148406,0,0.0330403
148407,0,0.033040296
148408,0,0.0330403
148409,0,0.033040356
148410,0,0.033040438
148411,0,0.03304032
148412,0,0.03304041
148413,0,0.03304043
148414,0,0.033040363
148415,0,0.033040322
148416,0,0.03304034
148417,0,0.033040445
148418,0,0.033040415
148419,0,0.033040404
148420,0,0.033040367
148421,0,0.033040326
148422,0,0.033040315
148423,0,0.033040304
148424,0,0.0330403
148425,0,0.03304035
148426,0,0.03304031
148427,0,0.0330403
148428,0,0.03304032
148429,0,0.03304044
148430,0,0.03304049
148431,0,0.03304042
148432,0,0.03304035
148433,0,0.033040375
148434,0,0.033040334
148435,0,0.033040315
148436,0,0.033040345
148437,0,0.033040326
148438,0,0.033040322
148439,0,0.03304034
148440,0,0.03304031
148441,0,0.03304036
148442,0,0.03304029
148443,0,0.03304032
148444,0,0.033040382
148445,0,0.033040486
148446,0,0.033040438
148447,0,0.03304056
148448,0,0.033040747
148449,0,0.03304042
148450,0,0.03304079
148451,0,0.033040613
148452,0,0.033040572
148453,0,0.0330404
148454,0,0.033040486
148455,0,0.033040445
148456,0,0.033040445
148457,0,0.033040546
148458,0,0.033040565
148459,0,0.033040512
148460,0,0.033040494
148461,0,0.033040732
148462,0,0.033040516
148463,0,0.03304054
148464,0,0.03304036
148465,0,0.033040494
148466,0,0.033040468
148467,0,0.033040363
148468,0,0.033040427
148469,0,0.03304048
148470,0,0.03304042
148471,0,0.033040486
148472,0,0.03304041
148473,0,0.03304051
148474,0,0.033040572
148475,0,0.033040542
148476,0,0.03304054
148477,0,0.03304068
148478,0,0.033040553
148479,0,0.033040505
148480,0,0.033040535
148481,0,0.033040404
148482,0,0.033040464
148483,0,0.033040408
148484,0,0.03304039
148485,0,0.033040438
148486,0,0.03304029
148487,0,0.033040285
148488,0,0.03304045
148489,0,0.033040393
148490,0,0.033040266
148491,0,0.03304027
148492,0,0.03304037
148493,0,0.03304032
148494,0,0.033040453
148495,0,0.03304043
148496,0,0.03304042
148497,0,0.03304056
148498,0,0.033040423
148499,0,0.03304041
148500,0,0.033040326
148501,0,0.03304037
148502,0,0.033040322
148503,0,0.03304048
148504,0,0.033040307
148505,0,0.033040304
148506,0,0.03304038
148507,0,0.033040415
148508,0,0.033040397
148509,0,0.033040322
148510,0,0.033040367
148511,0,0.033040345
148512,0,0.03304034
148513,0,0.0330404
148514,0,0.033040453
148515,0,0.03304042
148516,0,0.033040535
148517,0,0.033040427
148518,0,0.03304041
148519,0,0.03304037
148520,0,0.033040453
148521,0,0.03304035
148522,0,0.03304029
148523,0,0.0330404
148524,0,0.03304032
148525,0,0.033040565
148526,0,0.033040594
148527,0,0.033040397
148528,0,0.03304036
148529,0,0.033040445
148530,0,0.033040427
148531,0,0.033040382
148532,0,0.0330404
148533,0,0.033040423
148534,0,0.033040382
148535,0,0.033040382
148536,0,0.033040397
148537,0,0.03304043
148538,0,0.03304043
148539,0,0.033040393
148540,0,0.03304039
148541,0,0.033040445
148542,0,0.033040535
148543,0,0.033040334
148544,0,0.033040415
148545,0,0.033040415
148546,0,0.03304034
148547,0,0.033040438
148548,0,0.033040576
148549,0,0.033040516
148550,0,0.03304043
148551,0,0.033040516
148552,0,0.03304073
148553,0,0.033040527
148554,0,0.033040665
148555,0,0.03304032
148556,0,0.033040322
148557,0,0.03304044
148558,0,0.033040434
148559,0,0.033040397
148560,0,0.03304462
148561,0,0.03304461
148562,0,0.03305157
148563,0,0.033040468
148564,0,0.03304041
148565,0,0.033040438
148566,0,0.033040427
148567,0,0.033040382
148568,0,0.033040423
148569,0,0.033040386
148570,0,0.033040334
148571,0,0.03304035
148572,0,0.033040337
148573,0,0.033040386
148574,0,0.033040386
148575,0,0.033040456
148576,0,0.03304044
148577,0,0.03304059
148578,0,0.0330404
148579,0,0.033040404
148580,0,0.033040415
148581,0,0.033040386
148582,0,0.033040408
148583,0,0.033040397
148584,0,0.033040427
148585,0,0.03304031
148586,0,0.033040468
148587,0,0.033040397
148588,0,0.03304029
148589,0,0.033040397
148590,0,0.033040483
148591,0,0.033040404
148592,0,0.03304041
148593,0,0.033040397
148594,0,0.033040375
148595,0,0.033040427
148596,0,0.033040393
148597,0,0.033040427
148598,0,0.03304041
148599,0,0.03304033
148600,0,0.03304032
148601,0,0.033040408
148602,0,0.033040475
148603,0,0.033040352
148604,0,0.03304031
148605,0,0.0330404
148606,0,0.033040352
148607,0,0.033040334
148608,0,0.03304037
148609,0,0.03304027
148610,0,0.033040427
148611,0,0.033040375
148612,0,0.033040497
148613,0,0.033040483
148614,0,0.033040497
148615,0,0.03304036
148616,0,0.03304038
148617,0,0.03304036
148618,0,0.033040546
148619,0,0.033040352
148620,0,0.03304039
148621,0,0.033040445
148622,0,0.033040445
148623,0,0.033040583
148624,0,0.03304057
148625,0,0.033040576
148626,0,0.03304051
148627,0,0.03304055
148628,0,0.033040594
148629,0,0.03304052
148630,0,0.03304045
148631,0,0.033040397
148632,0,0.03304034
148633,0,0.0330404
148634,0,0.03304037
148635,0,0.033040326
148636,0,0.033040304
148637,0,0.033040307
148638,0,0.033040363
148639,0,0.03304038
148640,0,0.03304025
148641,0,0.033040248
148642,0,0.033040248
148643,0,0.033040218
148644,0,0.03304021
148645,0,0.033040192
148646,0,0.03304021
148647,0,0.033040218
148648,0,0.0330402
148649,0,0.033040203
148650,0,0.03304022
148651,0,0.033040196
148652,0,0.03304021
148653,0,0.033040214
148654,0,0.03304021
148655,0,0.03304024
148656,0,0.03304022
148657,0,0.03304022
148658,0,0.033040207
148659,0,0.03304024
148660,0,0.03304025
148661,0,0.03304024
148662,0,0.03304024
148663,0,0.03304024
148664,0,0.033040266
148665,0,0.033040266
148666,0,0.033040266
148667,0,0.033040266
148668,0,0.033040263
148669,0,0.03304018
148670,0,0.033040147
148671,0,0.033040155
148672,0,0.03304016
148673,0,0.03304019
148674,0,0.033040155
148675,0,0.03304016
148676,0,0.03304018
148677,0,0.03304018
148678,0,0.03304028
148679,0,0.03304028
148680,0,0.03304028
148681,0,0.03304028
148682,0,0.03304028
148683,0,0.033040296
148684,0,0.033040296
148685,0,0.03304033
148686,0,0.03304041
148687,0,0.03304041
148688,0,0.03304041
148689,0,0.03304041
148690,0,0.03304041
148691,0,0.03304041
148692,0,0.03304041
148693,0,0.03304036
148694,0,0.03304036
148695,0,0.03304036
148696,0,0.03304022
148697,0,0.033040244
148698,0,0.033040214
148699,0,0.033040255
148700,0,0.033040237
148701,0,0.0330402
148702,0,0.033040192
148703,0,0.03304021
148704,0,0.03304019
148705,0,0.03304018
148706,0,0.033040244
148707,0,0.033040214
148708,0,0.03304017
148709,0,0.033040192
148710,0,0.033040226
148711,0,0.033040155
148712,0,0.033040185
148713,0,0.033040155
148714,0,0.03304015
148715,0,0.033040155
148716,0,0.03304014
148717,0,0.033040144
148718,0,0.033040144
148719,0,0.033040147
148720,0,0.03304015
148721,0,0.033040155
148722,0,0.03304015
148723,0,0.033040147
148724,0,0.033040155
148725,0,0.03304015
148726,0,0.03304015
148727,0,0.03304015
148728,0,0.033040192
148729,0,0.03304019
148730,0,0.03304019
148731,0,0.03304021
148732,0,0.03304021
148733,0,0.03304021
148734,0,0.033040214
148735,0,0.033040214
148736,0,0.033040214
148737,0,0.033040274
148738,0,0.033040274
148739,0,0.033040274
148740,0,0.03304027
148741,0,0.033040345
148742,0,0.03304022
148743,0,0.033040226
148744,0,0.033040207
148745,0,0.033040207
148746,0,0.033040214
148747,0,0.033040203
148748,0,0.03304021
148749,0,0.03304034
148750,0,0.03304034
148751,0,0.03304034
148752,0,0.03304034
148753,0,0.03304034
148754,0,0.03304034
148755,0,0.03304034
148756,0,0.033040386
148757,0,0.033040386
148758,0,0.033040915
148759,0,0.033040445
148760,0,0.03304045
148761,0,0.03304048
148762,0,0.033040475
148763,0,0.033040475
148764,0,0.033040475
148765,0,0.033040475
148766,0,0.033040173
148767,0,0.033040248
148768,0,0.033040345
148769,0,0.033040345
148770,0,0.033040345
148771,0,0.033040356
148772,0,0.033040356
148773,0,0.03310483
148774,0,0.033104956
148775,0,0.03307053
148776,0,0.0330707
148777,0,0.0330403
148778,0,0.0330403
148779,0,0.0330403
148780,0,0.0330403
148781,0,0.0330403
148782,0,0.033040296
148783,0,0.033040296
148784,0,0.033040296
148785,0,0.033040285
148786,0,0.03304018
148787,0,0.0330402
148788,0,0.033040192
148789,0,0.033040185
148790,0,0.033040196
148791,0,0.033040207
148792,0,0.033040233
148793,0,0.03304021
148794,0,0.033040196
148795,0,0.033040192
148796,0,0.033040445
148797,0,0.033040445
148798,0,0.033040445
148799,0,0.033040382
148800,0,0.033040382
148801,0,0.033040382
148802,0,0.033040382
148803,0,0.033040386
148804,0,0.033040386
148805,0,0.033040386
148806,0,0.03304028
148807,0,0.03304028
148808,0,0.03304028
148809,0,0.033040702
148810,0,0.033040278
148811,0,0.033040278
148812,0,0.033040278
148813,0,0.033040196
148814,0,0.03304026
148815,0,0.033040255
148816,0,0.033040226
148817,0,0.033040226
148818,0,0.033040304
148819,0,0.033040266
148820,0,0.03308806
148821,0,0.033087555
148822,0,0.039388675
148823,0,0.040673885
148824,0,0.040636227
148825,0,0.033040397
148826,0,0.033040397
148827,0,0.03304036
148828,0,0.03304036
148829,0,0.03304036
148830,0,0.033040486
148831,0,0.033040486
148832,0,0.033040494
148833,0,0.03304049
148834,0,0.03304049
148835,0,0.03304049
148836,0,0.03304047
148837,0,0.03304047
148838,0,0.03304047
148839,0,0.03304047
148840,0,0.033040468
148841,0,0.033040468
148842,0,0.033040177
148843,0,0.03304018
148844,0,0.03304018
148845,0,0.03304018
148846,0,0.033040185
148847,0,0.033040192
148848,0,0.03304018
148849,0,0.0330402
148850,0,0.033040196
148851,0,0.033040196
148852,0,0.03304018
148853,0,0.03304018
148854,0,0.03304019
148855,0,0.033040214
148856,0,0.0330402
148857,0,0.0330402
148858,0,0.03304028
148859,0,0.033040352
148860,0,0.03304043
148861,0,0.033040155
148862,0,0.03304014
148863,0,0.033040144
148864,0,0.033040147
148865,0,0.03304022
148866,0,0.03304022
148867,0,0.033040192
148868,0,0.033040192
148869,0,0.033040192
148870,0,0.033040192
148871,0,0.033040192
148872,0,0.033040192
148873,0,0.033040192
148874,0,0.033040192
148875,0,0.033040173
148876,0,0.033040173
148877,0,0.033040192
148878,0,0.033040192
148879,0,0.03304014
148880,0,0.03304014
148881,0,0.03304014
148882,0,0.03304014
148883,0,0.033040147
148884,0,0.033040147
148885,0,0.033040147
148886,0,0.03304014
148887,0,0.03304014
148888,0,0.03304014
148889,0,0.03304014
148890,0,0.03304014
148891,0,0.03304014
148892,0,0.03304014
148893,0,0.03304014
148894,0,0.03304014
148895,0,0.03304014
148896,0,0.03304014
148897,0,0.0330402
148898,0,0.0330402
148899,0,0.0330402
148900,0,0.0330402
148901,0,0.0330402
148902,0,0.0330402
148903,0,0.033040322
148904,0,0.033040322
148905,0,0.033040322
148906,0,0.03304025
148907,0,0.033040248
148908,0,0.033040226
148909,0,0.033040226
148910,0,0.033040226
148911,0,0.033040226
148912,0,0.033040226
148913,0,0.03304021
148914,0,0.03304021
148915,0,0.03304021
148916,0,0.03304021
148917,0,0.033040233
148918,0,0.033040322
148919,0,0.033040322
148920,0,0.033040322
148921,0,0.033040464
148922,0,0.033040464
148923,0,0.033040404
148924,0,0.033040404
148925,0,0.033040404
148926,0,0.033040404
148927,0,0.0330404
148928,0,0.0330404
148929,0,0.0330404
148930,0,0.0330404
148931,0,0.033040162
148932,0,0.033040203
148933,0,0.033040218
148934,0,0.03304022
148935,0,0.033040207
148936,0,0.033040226
148937,0,0.033040226
148938,0,0.03304023
148939,0,0.033040244
148940,0,0.033040244
148941,0,0.03304026
148942,0,0.03304025
148943,0,0.033040233
148944,0,0.033040203
148945,0,0.033040203
148946,0,0.03304022
148947,0,0.03304023
148948,0,0.033040237
148949,0,0.033040255
148950,0,0.03304023
148951,0,0.033040244
148952,0,0.03304022
148953,0,0.033040237
148954,0,0.033040214
148955,0,0.03304019
148956,0,0.03304019
148957,0,0.033040196
148958,0,0.03304018
148959,0,0.033040185
148960,0,0.03304019
148961,0,0.033040248
148962,0,0.033040248
148963,0,0.033040248
148964,0,0.033040248
148965,0,0.033040248
148966,0,0.033040248
148967,0,0.033040248
148968,0,0.03304239
148969,0,0.03304238
148970,0,0.033040296
148971,0,0.03304026
148972,0,0.03304026
148973,0,0.03304026
148974,0,0.03304026
148975,0,0.03304026
148976,0,0.033040255
148977,0,0.03304014
148978,0,0.03304017
148979,0,0.033040155
148980,0,0.033040196
148981,0,0.03304018
148982,0,0.033040185
148983,0,0.033040185
148984,0,0.033040203
148985,0,0.03304021
148986,0,0.033040177
148987,0,0.033040203
148988,0,0.03304016
148989,0,0.033040233
148990,0,0.033040218
148991,0,0.033040218
148992,0,0.033040218
148993,0,0.033040218
148994,0,0.033040218
148995,0,0.033040218
148996,0,0.033040218
148997,0,0.033040207
148998,0,0.033040207
148999,0,0.033040155
149000,0,0.03304015
149001,0,0.033040155
149002,0,0.033040147
149003,0,0.03304017
149004,0,0.03304016
149005,0,0.033040147
149006,0,0.033040155
149007,0,0.03304017
149008,0,0.033040147
149009,0,0.03304016
149010,0,0.033040166
149011,0,0.03304016
149012,0,0.033040196
149013,0,0.17624566
149014,0,0.17624566
149015,0,0.17624566
149016,0,0.17624566
149017,0,0.17624566
149018,0,0.17624566
149019,0,0.17624566
149020,0,0.17624566
149021,0,0.17624566
149022,0,0.17624566
149023,0,0.17624566
149024,0,0.17624566
149025,0,0.17624566
149026,0,0.17624566
149027,0,0.17624566
149028,0,0.17624566
149029,0,0.17624566
149030,0,0.17624566
149031,0,0.17624566
149032,0,0.17624566
149033,0,0.17624566
149034,0,0.17624566
149035,0,0.17624566
149036,0,0.17624566
149037,0,0.17624566
149038,0,0.17624566
149039,0,0.17624566
149040,0,0.17624566
149041,0,0.17624566
149042,0,0.17624566
149043,0,0.17624566
149044,0,0.17624566
149045,0,0.17624566
149046,0,0.17624566
149047,0,0.17624566
149048,0,0.17624566
149049,0,0.17624566
149050,0,0.17624566
149051,0,0.17624566
149052,0,0.17624566
149053,0,0.17624566
149054,0,0.17624566
149055,0,0.17624566
149056,0,0.17624566
149057,0,0.17624566
149058,0,0.17624566
149059,0,0.17624566
149060,0,0.17624566
149061,0,0.17624566
149062,0,0.17624566
149063,0,0.17624566
149064,0,0.17624566
149065,0,0.17624566
149066,0,0.17624566
149067,0,0.17624566
149068,0,0.17624566
149069,0,0.17624566
149070,0,0.17624566
149071,0,0.17624566
149072,0,0.17624566
149073,0,0.17624566
149074,0,0.17624566
149075,0,0.17624566
149076,0,0.17624566
149077,0,0.17624566
149078,0,0.17624566
149079,0,0.17624566
149080,0,0.17624566
149081,0,0.17624566
149082,0,0.17624566
149083,0,0.17624566
149084,0,0.17624566
149085,0,0.17624566
149086,0,0.17624566
149087,0,0.17624566
149088,0,0.17624566
149089,0,0.17624566
149090,0,0.17624566
149091,0,0.17624566
149092,0,0.17624566
149093,0,0.17624566
149094,0,0.17624566
149095,0,0.17624566
149096,0,0.17624566
149097,0,0.17624566
149098,0,0.17624566
149099,0,0.17624566
149100,0,0.17624566
149101,0,0.17624566
149102,0,0.17624566
149103,0,0.17624566
149104,0,0.17624566
149105,0,0.17624566
149106,0,0.17624566
149107,0,0.17624566
149108,0,0.17624566
149109,0,0.17624566
149110,0,0.17624566
149111,0,0.17624566
149112,0,0.17624566
149113,0,0.17624566
149114,0,0.17624566
149115,0,0.17624566
149116,0,0.17624566
149117,0,0.17624566
149118,0,0.17624566
149119,0,0.17624566
149120,0,0.17624566
149121,0,0.17624566
149122,0,0.17624566
149123,0,0.17624566
149124,0,0.17624566
149125,0,0.17624566
149126,0,0.17624566
149127,0,0.17624566
149128,0,0.17624566
149129,0,0.17624566
149130,0,0.17624566
149131,0,0.17624566
149132,0,0.17624566
149133,0,0.17624566
149134,0,0.17624566
149135,0,0.17624566
149136,0,0.17624566
149137,0,0.17624566
149138,0,0.17624566
149139,0,0.17624566
149140,0,0.17624566
149141,0,0.17624566
149142,0,0.17624566
149143,0,0.17624566
149144,0,0.17624566
149145,0,0.17624566
149146,0,0.17624566
149147,0,0.17624566
149148,0,0.17624566
149149,0,0.17624566
149150,0,0.17624566
149151,0,0.17624566
149152,0,0.17624566
149153,0,0.17624566
149154,0,0.17624566
149155,0,0.17624566
149156,0,0.17624566
149157,0,0.17624566
149158,0,0.17624566
149159,0,0.17624566
149160,0,0.17624566
149161,0,0.17624566
149162,0,0.17624566
149163,0,0.17624566
149164,0,0.17624566
149165,0,0.17624566
149166,0,0.17624566
149167,0,0.17624566
149168,0,0.17624566
149169,0,0.17624566
149170,0,0.17624566
149171,0,0.17624566
149172,0,0.17624566
149173,0,0.17624566
149174,0,0.17624566
149175,0,0.17624566
149176,0,0.17624566
149177,0,0.17624566
149178,0,0.17624566
149179,0,0.17624566
149180,0,0.17624566
149181,0,0.17624566
149182,0,0.17624566
149183,0,0.17624566
149184,0,0.17624566
149185,0,0.17624566
149186,0,0.17624566
149187,0,0.17624566
149188,0,0.17624566
149189,0,0.17624566
149190,0,0.17624566
149191,0,0.17624566
149192,0,0.17624566
149193,0,0.17624566
149194,0,0.17624566
149195,0,0.17624566
149196,0,0.17624566
149197,0,0.17624566
149198,0,0.17624566
149199,0,0.17624566
149200,0,0.17624566
149201,0,0.17624566
149202,0,0.17624566
149203,0,0.17624566
149204,0,0.17624566
149205,0,0.17624566
149206,0,0.17624566
149207,0,0.17624566
149208,0,0.17624566
149209,0,0.17624566
149210,0,0.17624566
149211,0,0.17624566
149212,0,0.17624566
149213,0,0.17624566
149214,0,0.17624566
149215,0,0.17624566
149216,0,0.17624566
149217,0,0.17624566
149218,0,0.17624566
149219,0,0.17624566
149220,0,0.17624566
149221,0,0.17624566
149222,0,0.17624566
149223,0,0.17624566
149224,0,0.17624566
149225,0,0.17624566
149226,0,0.17624566
149227,0,0.17624566
149228,0,0.17624566
149229,0,0.17624566
149230,0,0.17624566
149231,0,0.17624566
149232,0,0.17624566
149233,0,0.17624566
149234,0,0.17624566
149235,0,0.17624566
149236,0,0.17624566
149237,0,0.17624566
149238,0,0.17624566
149239,0,0.17624566
149240,0,0.17624566
149241,0,0.17624566
149242,0,0.17624566
149243,0,0.17624566
149244,0,0.17624566
149245,0,0.17624566
149246,0,0.17624566
149247,0,0.17624566
149248,0,0.17624566
149249,0,0.17624566
149250,0,0.17624566
149251,0,0.17624566
149252,0,0.17624566
149253,0,0.17624566
149254,0,0.17624566
149255,0,0.17624566
149256,0,0.17624566
149257,0,0.17624566
149258,0,0.17624566
149259,0,0.17624566
149260,0,0.17624566
149261,0,0.17624566
149262,0,0.17624566
149263,0,0.17624566
149264,0,0.17624566
149265,0,0.17624566
149266,0,0.17624566
149267,0,0.17624566
149268,0,0.17624566
149269,0,0.17624566
149270,0,0.17624566
149271,0,0.17624566
149272,0,0.17624566
149273,0,0.17624566
149274,0,0.17624566
149275,0,0.17624566
149276,0,0.17624566
149277,0,0.17624566
149278,0,0.17624566
149279,0,0.17624566
149280,0,0.17624566
149281,0,0.17624566
149282,0,0.17624566
149283,0,0.17624566
149284,0,0.17624566
149285,0,0.17624566
149286,0,0.17624566
149287,0,0.17624566
149288,0,0.17624566
149289,0,0.17624566
149290,0,0.17624566
149291,0,0.17624566
149292,0,0.17624566
149293,0,0.17624566
149294,0,0.17624566
149295,0,0.17624566
149296,0,0.17624566
149297,0,0.17624566
149298,0,0.17624566
149299,0,0.17624566
149300,0,0.17624566
149301,0,0.17624566
149302,0,0.17624566
149303,0,0.17624566
149304,0,0.17624566
149305,0,0.17624566
149306,0,0.17624566
149307,0,0.17624566
149308,0,0.17624566
149309,0,0.17624566
149310,0,0.17624566
149311,0,0.17624566
149312,0,0.17624566
149313,0,0.17624566
149314,0,0.17624566
149315,0,0.17624566
149316,0,0.17624566
149317,0,0.17624566
149318,0,0.17624566
149319,0,0.17624566
149320,0,0.17624566
149321,0,0.17624566
149322,0,0.17624566
149323,0,0.17624566
149324,0,0.17624566
149325,0,0.17624566
149326,0,0.17624566
149327,0,0.17624566
149328,0,0.17624566
149329,0,0.17624566
149330,0,0.17624566
149331,0,0.17624566
149332,0,0.17624566
149333,0,0.17624566
149334,0,0.17624566
149335,0,0.17624566
149336,0,0.17624566
149337,0,0.17624566
149338,0,0.17624566
149339,0,0.17624566
149340,0,0.17624566
149341,0,0.17624566
149342,0,0.17624566
149343,0,0.17624566
149344,0,0.17624566
149345,0,0.17624566
149346,0,0.17624566
149347,0,0.17624566
149348,0,0.17624566
149349,0,0.17624566
149350,0,0.17624566
149351,0,0.17624566
149352,0,0.17624566
149353,0,0.17624566
149354,0,0.17624566
149355,0,0.17624566
149356,0,0.17624566
149357,0,0.17624566
149358,0,0.17624566
149359,0,0.17624566
149360,0,0.17624566
149361,0,0.17624566
149362,0,0.17624566
149363,0,0.17624566
149364,0,0.17624566
149365,0,0.17624566
149366,0,0.17624566
149367,0,0.17624566
149368,0,0.17624566
149369,0,0.17624566
149370,0,0.17624566
149371,0,0.17624566
149372,0,0.17624566
149373,0,0.17624566
149374,0,0.17624566
149375,0,0.17624566
149376,0,0.17624566
149377,0,0.17624566
149378,0,0.17624566
149379,0,0.17624566
149380,0,0.17624566
149381,0,0.17624566
149382,0,0.17624566
149383,0,0.17624566
149384,0,0.17624566
149385,0,0.17624566
149386,0,0.17624566
149387,0,0.17624566
149388,0,0.17624566
149389,0,0.17624566
149390,0,0.17624566
149391,0,0.17624566
149392,0,0.17624566
149393,0,0.17624566
149394,0,0.17624566
149395,0,0.17624566
149396,0,0.17624566
149397,0,0.17624566
149398,0,0.17624566
149399,0,0.17624566
149400,0,0.17624566
149401,0,0.17624566
149402,0,0.17624566
149403,0,0.17624566
149404,0,0.17624566
149405,0,0.17624566
149406,0,0.17624566
149407,0,0.17624566
149408,0,0.17624566
149409,0,0.17624566
149410,0,0.17624566
149411,0,0.17624566
149412,0,0.17624566
149413,0,0.17624566
149414,0,0.17624566
149415,0,0.17624566
149416,0,0.17624566
149417,0,0.17624566
149418,0,0.17624566
149419,0,0.17624566
149420,0,0.17624566
149421,0,0.17624566
149422,0,0.17624566
149423,0,0.17624566
149424,0,0.17624566
149425,0,0.17624566
149426,0,0.17624566
149427,0,0.17624566
149428,0,0.17624566
149429,0,0.17624566
149430,0,0.17624566
149431,0,0.17624566
149432,0,0.17624566
149433,0,0.17624566
149434,0,0.17624566
149435,0,0.17624566
149436,0,0.17624566
149437,0,0.17624566
149438,0,0.17624566
149439,0,0.17624566
149440,0,0.17624566
149441,0,0.17624566
149442,0,0.17624566
149443,0,0.17624566
149444,0,0.17624566
149445,0,0.17624566
149446,0,0.17624566
149447,0,0.17624566
149448,0,0.17624566
149449,0,0.17624566
149450,0,0.17624566
149451,0,0.17624566
149452,0,0.17624566
149453,0,0.17624566
149454,0,0.17624566
149455,0,0.17624566
149456,0,0.17624566
149457,0,0.17624566
149458,0,0.17624566
149459,0,0.17624566
149460,0,0.17624566
149461,0,0.17624566
149462,0,0.17624566
149463,0,0.17624566
149464,0,0.17624566
149465,0,0.17624566
149466,0,0.17624566
149467,0,0.17624566
149468,0,0.17624566
149469,0,0.17624566
149470,0,0.17624566
149471,0,0.17624566
149472,0,0.17624566
149473,0,0.17624566
149474,0,0.17624566
149475,0,0.17624566
149476,0,0.17624566
149477,0,0.17624566
149478,0,0.17624566
149479,0,0.17624566
149480,0,0.17624566
149481,0,0.17624566
149482,0,0.17624566
149483,0,0.17624566
149484,0,0.17624566
149485,0,0.17624566
149486,0,0.17624566
149487,0,0.17624566
149488,0,0.17624566
149489,0,0.17624566
149490,0,0.17624566
149491,0,0.17624566
149492,0,0.17624566
149493,0,0.17624566
149494,0,0.17624566
149495,0,0.17624566
149496,0,0.17624566
149497,0,0.17624566
149498,0,0.17624566
149499,0,0.17624566
149500,0,0.17624566
149501,0,0.17624566
149502,0,0.17624566
149503,0,0.17624566
149504,0,0.17624566
149505,0,0.17624566
149506,0,0.17624566
149507,0,0.17624566
149508,0,0.17624566
149509,0,0.17624566
149510,0,0.17624566
149511,0,0.17624566
149512,0,0.17624566
149513,0,0.17624566
149514,0,0.17624566
149515,0,0.17624566
149516,0,0.17624566
149517,0,0.17624566
149518,0,0.17624566
149519,0,0.17624566
149520,0,0.17624566
149521,0,0.17624566
149522,0,0.17624566
149523,0,0.17624566
149524,0,0.17624566
149525,0,0.17624566
149526,0,0.17624566
149527,0,0.17624566
149528,0,0.17624566
149529,0,0.17624566
149530,0,0.17624566
149531,0,0.17624566
149532,0,0.17624566
149533,0,0.17624566
149534,0,0.17624566
149535,0,0.17624566
149536,0,0.17624566
149537,0,0.17624566
149538,0,0.17624566
149539,0,0.17624566
149540,0,0.17624566
149541,0,0.17624566
149542,0,0.17624566
149543,0,0.17624566
149544,0,0.17624566
149545,0,0.17624566
149546,0,0.17624566
149547,0,0.17624566
149548,0,0.17624566
149549,0,0.17624566
149550,0,0.17624566
149551,0,0.17624566
149552,0,0.17624566
149553,0,0.17624566
149554,0,0.17624566
149555,0,0.17624566
149556,0,0.17624566
149557,0,0.17624566
149558,0,0.17624566
149559,0,0.17624566
149560,0,0.17624566
149561,0,0.17624566
149562,0,0.17624566
149563,0,0.17624566
149564,0,0.17624566
149565,0,0.17624566
149566,0,0.17624566
149567,0,0.17624566
149568,0,0.17624566
149569,0,0.17624566
149570,0,0.17624566
149571,0,0.17624566
149572,0,0.17624566
149573,0,0.17624566
149574,0,0.17624566
149575,0,0.17624566
149576,0,0.17624566
149577,0,0.17624566
149578,0,0.17624566
149579,0,0.17624566
149580,0,0.17624566
149581,0,0.17624566
149582,0,0.17624566
149583,0,0.17624566
149584,0,0.17624566
149585,0,0.17624566
149586,0,0.17624566
149587,0,0.17624566
149588,0,0.17624566
149589,0,0.17624566
149590,0,0.17624566
149591,0,0.17624566
149592,0,0.17624566
149593,0,0.17624566
149594,0,0.17624566
149595,0,0.17624566
149596,0,0.17624566
149597,0,0.17624566
149598,0,0.17624566
149599,0,0.17624566
149600,0,0.17624566
149601,0,0.17624566
149602,0,0.17624566
149603,0,0.17624566
149604,0,0.17624566
149605,0,0.17624566
149606,0,0.17624566
149607,0,0.17624566
149608,0,0.17624566
149609,0,0.17624566
149610,0,0.17624566
149611,0,0.17624566
149612,0,0.17624566
149613,0,0.17624566
149614,0,0.17624566
149615,0,0.17624566
149616,0,0.17624566
149617,0,0.17624566
149618,0,0.17624566
149619,0,0.17624566
149620,0,0.17624566
149621,0,0.17624566
149622,0,0.17624566
149623,0,0.17624566
149624,0,0.17624566
149625,0,0.17624566
149626,0,0.17624566
149627,0,0.17624566
149628,0,0.17624566
149629,0,0.17624566
149630,0,0.17624566
149631,0,0.17624566
149632,0,0.17624566
149633,0,0.17624566
149634,0,0.17624566
149635,0,0.17624566
149636,0,0.17624566
149637,0,0.17624566
149638,0,0.17624566
149639,0,0.17624566
149640,0,0.17624566
149641,0,0.17624566
149642,0,0.17624566
149643,0,0.17624566
149644,0,0.17624566
149645,0,0.17624566
149646,0,0.17624566
149647,0,0.17624566
149648,0,0.17624566
149649,0,0.17624566
149650,0,0.17624566
149651,0,0.17624566
149652,0,0.17624566
149653,0,0.17624566
149654,0,0.17624566
149655,0,0.17624566
149656,0,0.17624566
149657,0,0.17624566
149658,0,0.17624566
149659,0,0.17624566
149660,0,0.17624566
149661,0,0.17624566
149662,0,0.17624566
149663,0,0.17624566
149664,0,0.17624566
149665,0,0.17624566
149666,0,0.17624566
149667,0,0.17624566
149668,0,0.17624566
149669,0,0.17624566
149670,0,0.17624566
149671,0,0.17624566
149672,0,0.17624566
149673,0,0.17624566
149674,0,0.17624566
149675,0,0.17624566
149676,0,0.17624566
149677,0,0.17624566
149678,0,0.17624566
149679,0,0.17624566
149680,0,0.17624566
149681,0,0.17624566
149682,0,0.17624566
149683,0,0.17624566
149684,0,0.17624566
149685,0,0.17624566
149686,0,0.17624566
149687,0,0.17624566
149688,0,0.17624566
149689,0,0.17624566
149690,0,0.17624566
149691,0,0.17624566
149692,0,0.17624566
149693,0,0.17624566
149694,0,0.17624566
149695,0,0.17624566
149696,0,0.17624566
149697,0,0.17624566
149698,0,0.17624566
149699,0,0.17624566
149700,0,0.17624566
149701,0,0.17624566
149702,0,0.17624566
149703,0,0.17624566
149704,0,0.17624566
149705,0,0.17624566
149706,0,0.17624566
149707,0,0.17624566
149708,0,0.17624566
149709,0,0.17624566
149710,0,0.17624566
149711,0,0.17624566
149712,0,0.17624566
149713,0,0.17624566
149714,0,0.17624566
149715,0,0.17624566
149716,0,0.17624566
149717,0,0.17624566
149718,0,0.17624566
149719,0,0.17624566
149720,0,0.17624566
149721,0,0.17624566
149722,0,0.17624566
149723,0,0.17624566
149724,0,0.17624566
149725,0,0.17624566
149726,0,0.17624566
149727,0,0.17624566
149728,0,0.17624566
149729,0,0.17624566
149730,0,0.17624566
149731,0,0.17624566
149732,0,0.17624566
149733,0,0.17624566
149734,0,0.17624566
149735,0,0.17624566
149736,0,0.17624566
149737,0,0.17624566
149738,0,0.17624566
149739,0,0.17624566
149740,0,0.17624566
149741,0,0.17624566
149742,0,0.17624566
149743,0,0.17624566
149744,0,0.17624566
149745,0,0.17624566
149746,0,0.17624566
149747,0,0.17624566
149748,0,0.17624566
149749,0,0.17624566
149750,0,0.17624566
149751,0,0.17624566
149752,0,0.17624566
149753,0,0.17624566
149754,0,0.17624566
149755,0,0.17624566
149756,0,0.17624566
149757,0,0.17624566
149758,0,0.17624566
149759,0,0.17624566
149760,0,0.17624566
149761,0,0.17624566
149762,0,0.17624566
149763,0,0.17624566
149764,0,0.17624566
149765,0,0.17624566
149766,0,0.17624566
149767,0,0.17624566
149768,0,0.17624566
149769,0,0.17624566
149770,0,0.17624566
149771,0,0.17624566
149772,0,0.17624566
149773,0,0.17624566
149774,0,0.17624566
149775,0,0.17624566
149776,0,0.17624566
149777,0,0.17624566
149778,0,0.17624566
149779,0,0.17624566
149780,0,0.17624566
149781,0,0.17624566
149782,0,0.17624566
149783,0,0.17624566
149784,0,0.17624566
149785,0,0.17624566
149786,0,0.17624566
149787,0,0.17624566
149788,0,0.17624566
149789,0,0.17624566
149790,0,0.17624566
149791,0,0.17624566
149792,0,0.17624566
149793,0,0.17624566
149794,0,0.17624566
149795,0,0.17624566
149796,0,0.17624566
149797,0,0.17624566
149798,0,0.17624566
149799,0,0.17624566
149800,0,0.17624566
149801,0,0.17624566
149802,0,0.17624566
149803,0,0.17624566
149804,0,0.17624566
149805,0,0.17624566
149806,0,0.17624566
149807,0,0.17624566
149808,0,0.17624566
149809,0,0.17624566
149810,0,0.17624566
149811,0,0.17624566
149812,0,0.17624566
149813,0,0.17624566
149814,0,0.17624566
149815,0,0.17624566
149816,0,0.17624566
149817,0,0.17624566
149818,0,0.17624566
149819,0,0.17624566
149820,0,0.17624566
149821,0,0.17624566
149822,0,0.17624566
149823,0,0.17624566
149824,0,0.17624566
149825,0,0.17624566
149826,0,0.17624566
149827,0,0.17624566
149828,0,0.17624566
149829,0,0.17624566
149830,0,0.17624566
149831,0,0.17624566
149832,0,0.17624566
149833,0,0.17624566
149834,0,0.17624566
149835,0,0.17624566
149836,0,0.17624566
149837,0,0.17624566
149838,0,0.17624566
149839,0,0.17624566
149840,0,0.17624566
149841,0,0.17624566
149842,0,0.17624566
149843,0,0.17624566
149844,0,0.17624566
149845,0,0.17624566
149846,0,0.17624566
149847,0,0.17624566
149848,0,0.17624566
149849,0,0.17624566
149850,0,0.17624566
149851,0,0.17624566
149852,0,0.17624566
149853,0,0.17624566
149854,0,0.17624566
149855,0,0.17624566
149856,0,0.17624566
149857,0,0.17624566
149858,0,0.17624566
149859,0,0.17624566
149860,0,0.17624566
149861,0,0.17624566
149862,0,0.17624566
149863,0,0.17624566
149864,0,0.17624566
149865,0,0.17624566
149866,0,0.17624566
149867,0,0.17624566
149868,0,0.17624566
149869,0,0.17624566
149870,0,0.17624566
149871,0,0.17624566
149872,0,0.17624566
149873,0,0.17624566
149874,0,0.17624566
149875,0,0.17624566
149876,0,0.17624566
149877,0,0.17624566
149878,0,0.17624566
149879,0,0.17624566
149880,0,0.17624566
149881,0,0.17624566
149882,0,0.17624566
149883,0,0.17624566
149884,0,0.17624566
149885,0,0.17624566
149886,0,0.17624566
149887,0,0.17624566
149888,0,0.17624566
149889,0,0.17624566
149890,0,0.17624566
149891,0,0.17624566
149892,0,0.17624566
149893,0,0.17624566
149894,0,0.17624566
149895,0,0.17624566
149896,0,0.17624566
149897,0,0.17624566
149898,0,0.17624566
149899,0,0.17624566
149900,0,0.17624566
149901,0,0.17624566
149902,0,0.17624566
149903,0,0.17624566
149904,0,0.17624566
149905,0,0.17624566
149906,0,0.17624566
149907,0,0.17624566
149908,0,0.17624566
149909,0,0.17624566
149910,0,0.17624566
149911,0,0.17624566
149912,0,0.17624566
149913,0,0.17624566
149914,0,0.17624566
149915,0,0.17624566
149916,0,0.17624566
149917,0,0.17624566
149918,0,0.17624566
149919,0,0.17624566
149920,0,0.17624566
149921,0,0.17624566
149922,0,0.17624566
149923,0,0.17624566
149924,0,0.17624566
149925,0,0.17624566
149926,0,0.17624566
149927,0,0.17624566
149928,0,0.17624566
149929,0,0.17624566
149930,0,0.17624566
149931,0,0.17624566
149932,0,0.17624566
149933,0,0.17624566
149934,0,0.17624566
149935,0,0.17624566
149936,0,0.17624566
149937,0,0.17624566
149938,0,0.17624566
149939,0,0.17624566
149940,0,0.17624566
149941,0,0.17624566
149942,0,0.17624566
149943,0,0.17624566
149944,0,0.17624566
149945,0,0.17624566
149946,0,0.17624566
149947,0,0.17624566
149948,0,0.17624566
149949,0,0.17624566
149950,0,0.17624566
149951,0,0.17624566
149952,0,0.17624566
149953,0,0.17624566
149954,0,0.17624566
149955,0,0.17624566
149956,0,0.17624566
149957,0,0.17624566
149958,0,0.17624566
149959,0,0.17624566
149960,0,0.17624566
149961,0,0.17624566
149962,0,0.17624566
149963,0,0.17624566
149964,0,0.17624566
149965,0,0.17624566
149966,0,0.17624566
149967,0,0.17624566
149968,0,0.17624566
149969,0,0.17624566
149970,0,0.17624566
149971,0,0.17624566
149972,0,0.17624566
149973,0,0.17624566
149974,0,0.17624566
149975,0,0.17624566
149976,0,0.17624566
149977,0,0.17624566
149978,0,0.17624566
149979,0,0.17624566
149980,0,0.17624566
149981,0,0.17624566
149982,0,0.17624566
149983,0,0.17624566
149984,0,0.17624566
149985,0,0.17624566
149986,0,0.17624566
149987,0,0.17624566
149988,0,0.17624566
149989,0,0.17624566
149990,0,0.17624566
149991,0,0.17624566
149992,0,0.17624566
149993,0,0.17624566
149994,0,0.17624566
149995,0,0.17624566
149996,0,0.17624566
149997,0,0.17624566
149998,0,0.17624566
149999,0,0.17624566
150000,0,0.17624566
150001,0,0.17624566
150002,0,0.17624566
150003,0,0.17624566
150004,0,0.17624566
150005,0,0.17624566
150006,0,0.17624566
150007,0,0.17624566
150008,0,0.17624566
150009,0,0.17624566
150010,0,0.17624566
150011,0,0.17624566
150012,0,0.17624566
150013,0,0.17624566
150014,0,0.17624566
150015,0,0.17624566
150016,0,0.17624566
150017,0,0.17624566
150018,0,0.17624566
150019,0,0.17624566
150020,0,0.17624566
150021,0,0.17624566
150022,0,0.17624566
150023,0,0.17624566
150024,0,0.17624566
150025,0,0.17624566
150026,0,0.17624566
150027,0,0.17624566
150028,0,0.17624566
150029,0,0.17624566
150030,0,0.17624566
150031,0,0.17624566
150032,0,0.17624566
150033,0,0.17624566
150034,0,0.17624566
150035,0,0.17624566
150036,0,0.17624566
150037,0,0.17624566
150038,0,0.17624566
150039,0,0.17624566
150040,0,0.17624566
150041,0,0.17624566
150042,0,0.17624566
150043,0,0.17624566
150044,0,0.17624566
150045,0,0.17624566
150046,0,0.17624566
150047,0,0.17624566
150048,0,0.17624566
150049,0,0.17624566
150050,0,0.17624566
150051,0,0.17624566
150052,0,0.17624566
150053,0,0.17624566
150054,0,0.17624566
150055,0,0.17624566
150056,0,0.17624566
150057,0,0.17624566
150058,0,0.17624566
150059,0,0.17624566
150060,0,0.17624566
150061,0,0.17624566
150062,0,0.17624566
150063,0,0.17624566
150064,0,0.17624566
150065,0,0.17624566
150066,0,0.17624566
150067,0,0.17624566
150068,0,0.17624566
150069,0,0.17624566
150070,0,0.17624566
150071,0,0.17624566
150072,0,0.17624566
150073,0,0.17624566
150074,0,0.17624566
150075,0,0.17624566
150076,0,0.17624566
150077,0,0.17624566
150078,0,0.17624566
150079,0,0.17624566
150080,0,0.17624566
150081,0,0.17624566
150082,0,0.17624566
150083,0,0.17624566
150084,0,0.17624566
150085,0,0.17624566
150086,0,0.17624566
150087,0,0.17624566
150088,0,0.17624566
150089,0,0.17624566
150090,0,0.17624566
150091,0,0.17624566
150092,0,0.17624566
150093,0,0.17624566
150094,0,0.17624566
150095,0,0.17624566
150096,0,0.17624566
150097,0,0.17624566
150098,0,0.17624566
150099,0,0.17624566
150100,0,0.17624566
150101,0,0.17624566
150102,0,0.17624566
150103,0,0.17624566
150104,0,0.17624566
150105,0,0.17624566
150106,0,0.17624566
150107,0,0.17624566
150108,0,0.17624566
150109,0,0.17624566
150110,0,0.17624566
150111,0,0.17624566
150112,0,0.17624566
150113,0,0.17624566
150114,0,0.17624566
150115,0,0.17624566
150116,0,0.17624566
150117,0,0.17624566
150118,0,0.17624566
150119,0,0.17624566
150120,0,0.17624566
150121,0,0.17624566
150122,0,0.17624566
150123,0,0.17624566
150124,0,0.17624566
150125,0,0.17624566
150126,0,0.17624566
150127,0,0.17624566
150128,0,0.17624566
150129,0,0.17624566
150130,0,0.17624566
150131,0,0.17624566
150132,0,0.17624566
150133,0,0.17624566
150134,0,0.17624566
150135,0,0.17624566
150136,0,0.17624566
150137,0,0.17624566
150138,0,0.17624566
150139,0,0.17624566
150140,0,0.17624566
150141,0,0.17624566
150142,0,0.17624566
150143,0,0.17624566
150144,0,0.17624566
150145,0,0.17624566
150146,0,0.17624566
150147,0,0.17624566
150148,0,0.17624566
150149,0,0.17624566
150150,0,0.17624566
150151,0,0.17624566
150152,0,0.17624566
150153,0,0.17624566
150154,0,0.17624566
150155,0,0.17624566
150156,0,0.17624566
150157,0,0.17624566
150158,0,0.17624566
150159,0,0.17624566
150160,0,0.17624566
150161,0,0.17624566
150162,0,0.17624566
150163,0,0.17624566
150164,0,0.17624566
150165,0,0.17624566
150166,0,0.17624566
150167,0,0.17624566
150168,0,0.17624566
150169,0,0.17624566
150170,0,0.17624566
150171,0,0.17624566
150172,0,0.17624566
150173,0,0.17624566
150174,0,0.17624566
150175,0,0.17624566
150176,0,0.17624566
150177,0,0.17624566
150178,0,0.17624566
150179,0,0.17624566
150180,0,0.17624566
150181,0,0.17624566
150182,0,0.17624566
150183,0,0.17624566
150184,0,0.17624566
150185,0,0.17624566
150186,0,0.17624566
150187,0,0.17624566
150188,0,0.17624566
150189,0,0.17624566
150190,0,0.17624566
150191,0,0.17624566
150192,0,0.17624566
150193,0,0.17624566
150194,0,0.17624566
150195,0,0.17624566
150196,0,0.17624566
150197,0,0.17624566
150198,0,0.17624566
150199,0,0.17624566
150200,0,0.17624566
150201,0,0.17624566
150202,0,0.17624566
150203,0,0.17624566
150204,0,0.17624566
150205,0,0.17624566
150206,0,0.17624566
150207,0,0.17624566
150208,0,0.17624566
150209,0,0.17624566
150210,0,0.17624566
150211,0,0.17624566
150212,0,0.17624566
150213,0,0.17624566
150214,0,0.17624566
150215,0,0.17624566
150216,0,0.17624566
150217,0,0.17624566
150218,0,0.17624566
150219,0,0.17624566
150220,0,0.17624566
150221,0,0.17624566
150222,0,0.17624566
150223,0,0.17624566
150224,0,0.17624566
150225,0,0.17624566
150226,0,0.17624566
150227,0,0.17624566
150228,0,0.17624566
150229,0,0.17624566
150230,0,0.17624566
150231,0,0.17624566
150232,0,0.17624566
150233,0,0.17624566
150234,0,0.17624566
150235,0,0.17624566
150236,0,0.17624566
150237,0,0.17624566
150238,0,0.17624566
150239,0,0.17624566
150240,0,0.17624566
150241,0,0.17624566
150242,0,0.17624566
150243,0,0.17624566
150244,0,0.17624566
150245,0,0.17624566
150246,0,0.17624566
150247,0,0.17624566
150248,0,0.17624566
150249,0,0.17624566
150250,0,0.17624566
150251,0,0.17624566
150252,0,0.17624566
150253,0,0.17624566
150254,0,0.17624566
150255,0,0.17624566
150256,0,0.17624566
150257,0,0.17624566
150258,0,0.17624566
150259,0,0.17624566
150260,0,0.17624566
150261,0,0.17624566
150262,0,0.17624566
150263,0,0.17624566
150264,0,0.17624566
150265,0,0.17624566
150266,0,0.17624566
150267,0,0.17624566
150268,0,0.17624566
150269,0,0.17624566
150270,0,0.17624566
150271,0,0.17624566
150272,0,0.17624566
150273,0,0.17624566
150274,0,0.17624566
150275,0,0.17624566
150276,0,0.17624566
150277,0,0.17624566
150278,0,0.17624566
150279,0,0.17624566
150280,0,0.17624566
150281,0,0.17624566
150282,0,0.17624566
150283,0,0.17624566
150284,0,0.17624566
150285,0,0.17624566
150286,0,0.17624566
150287,0,0.17624566
150288,0,0.17624566
150289,0,0.17624566
150290,0,0.17624566
150291,0,0.17624566
150292,0,0.17624566
150293,0,0.17624566
150294,0,0.17624566
150295,0,0.17624566
150296,0,0.17624566
150297,0,0.17624566
150298,0,0.17624566
150299,0,0.17624566
150300,0,0.17624566
150301,0,0.17624566
150302,0,0.17624566
150303,0,0.17624566
150304,0,0.17624566
150305,0,0.17624566
150306,0,0.17624566
150307,0,0.17624566
150308,0,0.17624566
150309,0,0.17624566
150310,0,0.17624566
150311,0,0.17624566
150312,0,0.17624566
150313,0,0.17624566
150314,0,0.17624566
150315,0,0.17624566
150316,0,0.17624566
150317,0,0.17624566
150318,0,0.17624566
150319,0,0.17624566
150320,0,0.17624566
150321,0,0.17624566
150322,0,0.17624566
150323,0,0.17624566
150324,0,0.17624566
150325,0,0.17624566
150326,0,0.17624566
150327,0,0.17624566
150328,0,0.17624566
150329,0,0.17624566
150330,0,0.17624566
150331,0,0.17624566
150332,0,0.17624566
150333,0,0.17624566
150334,0,0.17624566
150335,0,0.17624566
150336,0,0.17624566
150337,0,0.17624566
150338,0,0.17624566
150339,0,0.17624566
150340,0,0.17624566
150341,0,0.17624566
150342,0,0.17624566
150343,0,0.17624566
150344,0,0.17624566
150345,0,0.17624566
150346,0,0.17624566
150347,0,0.17624566
150348,0,0.17624566
150349,0,0.17624566
150350,0,0.17624566
150351,0,0.17624566
150352,0,0.17624566
150353,0,0.17624566
150354,0,0.17624566
150355,0,0.17624566
150356,0,0.17624566
150357,0,0.17624566
150358,0,0.17624566
150359,0,0.17624566
150360,0,0.17624566
150361,0,0.17624566
150362,0,0.17624566
150363,0,0.17624566
150364,0,0.17624566
150365,0,0.17624566
150366,0,0.17624566
150367,0,0.17624566
150368,0,0.17624566
150369,0,0.17624566
150370,0,0.17624566
150371,0,0.17624566
150372,0,0.17624566
150373,0,0.17624566
150374,0,0.17624566
150375,0,0.17624566
150376,0,0.17624566
150377,0,0.17624566
150378,0,0.17624566
150379,0,0.17624566
150380,0,0.17624566
150381,0,0.17624566
150382,0,0.17624566
150383,0,0.17624566
150384,0,0.17624566
150385,0,0.17624566
150386,0,0.17624566
150387,0,0.17624566
150388,0,0.17624566
150389,0,0.17624566
150390,0,0.17624566
150391,0,0.17624566
150392,0,0.17624566
150393,0,0.17624566
150394,0,0.17624566
150395,0,0.17624566
150396,0,0.17624566
150397,0,0.17624566
150398,0,0.17624566
150399,0,0.17624566
150400,0,0.17624566
150401,0,0.17624566
150402,0,0.17624566
150403,0,0.17624566
150404,0,0.17624566
150405,0,0.17624566
150406,0,0.17624566
150407,0,0.17624566
150408,0,0.17624566
150409,0,0.17624566
150410,0,0.17624566
150411,0,0.17624566
150412,0,0.17624566
150413,0,0.17624566
150414,0,0.17624566
150415,0,0.17624566
150416,0,0.17624566
150417,0,0.17624566
150418,0,0.17624566
150419,0,0.17624566
150420,0,0.17624566
150421,0,0.17624566
150422,0,0.17624566
150423,0,0.17624566
150424,0,0.17624566
150425,0,0.17624566
150426,0,0.17624566
150427,0,0.17624566
150428,0,0.17624566
150429,0,0.17624566
150430,0,0.17624566
150431,0,0.17624566
150432,0,0.17624566
150433,0,0.17624566
150434,0,0.17624566
150435,0,0.17624566
150436,0,0.17624566
150437,0,0.17624566
150438,0,0.17624566
150439,0,0.17624566
150440,0,0.17624566
150441,0,0.17624566
150442,0,0.17624566
150443,0,0.17624566
150444,0,0.17624566
150445,0,0.17624566
150446,0,0.17624566
150447,0,0.17624566
150448,0,0.17624566
150449,0,0.17624566
150450,0,0.17624566
150451,0,0.17624566
150452,0,0.17624566
150453,0,0.17624566
150454,0,0.17624566
150455,0,0.17624566
150456,0,0.17624566
150457,0,0.17624566
150458,0,0.17624566
150459,0,0.17624566
150460,0,0.17624566
150461,0,0.17624566
150462,0,0.17624566
150463,0,0.17624566
150464,0,0.17624566
150465,0,0.17624566
150466,0,0.17624566
150467,0,0.17624566
150468,0,0.17624566
150469,0,0.17624566
150470,0,0.17624566
150471,0,0.17624566
150472,0,0.17624566
150473,0,0.17624566
150474,0,0.17624566
150475,0,0.17624566
150476,0,0.17624566
150477,0,0.17624566
150478,0,0.17624566
150479,0,0.17624566
150480,0,0.17624566
150481,0,0.17624566
150482,0,0.17624566
150483,0,0.17624566
150484,0,0.17624566
150485,0,0.17624566
150486,0,0.17624566
150487,0,0.17624566
150488,0,0.17624566
150489,0,0.17624566
150490,0,0.17624566
150491,0,0.17624566
150492,0,0.17624566
150493,0,0.17624566
150494,0,0.17624566
150495,0,0.17624566
150496,0,0.17624566
150497,0,0.17624566
150498,0,0.17624566
150499,0,0.17624566
150500,0,0.17624566
150501,0,0.17624566
150502,0,0.17624566
150503,0,0.17624566
150504,0,0.17624566
150505,0,0.17624566
150506,0,0.17624566
150507,0,0.17624566
150508,0,0.17624566
150509,0,0.17624566
150510,0,0.17624566
150511,0,0.17624566
150512,0,0.17624566
150513,0,0.17624566
150514,0,0.17624566
150515,0,0.17624566
150516,0,0.17624566
150517,0,0.17624566
150518,0,0.17624566
150519,0,0.17624566
150520,0,0.17624566
150521,0,0.17624566
150522,0,0.17624566
150523,0,0.17624566
150524,0,0.17624566
150525,0,0.17624566
150526,0,0.17624566
150527,0,0.17624566
150528,0,0.17624566
150529,0,0.17624566
150530,0,0.17624566
150531,0,0.17624566
150532,0,0.17624566
150533,0,0.17624566
150534,0,0.17624566
150535,0,0.17624566
150536,0,0.17624566
150537,0,0.17624566
150538,0,0.17624566
150539,0,0.17624566
150540,0,0.17624566
150541,0,0.17624566
150542,0,0.17624566
150543,0,0.17624566
150544,0,0.17624566
150545,0,0.17624566
150546,0,0.17624566
150547,0,0.17624566
150548,0,0.17624566
150549,0,0.17624566
150550,0,0.17624566
150551,0,0.17624566
150552,0,0.17624566
150553,0,0.17624566
150554,0,0.17624566
150555,0,0.17624566
150556,0,0.17624566
150557,0,0.17624566
150558,0,0.17624566
150559,0,0.17624566
150560,0,0.17624566
150561,0,0.17624566
150562,0,0.17624566
150563,0,0.17624566
150564,0,0.17624566
150565,0,0.17624566
150566,0,0.17624566
150567,0,0.17624566
150568,0,0.17624566
150569,0,0.17624566
150570,0,0.17624566
150571,0,0.17624566
150572,0,0.17624566
150573,0,0.17624566
150574,0,0.17624566
150575,0,0.17624566
150576,0,0.17624566
150577,0,0.17624566
150578,0,0.17624566
150579,0,0.17624566
150580,0,0.17624566
150581,0,0.17624566
150582,0,0.17624566
150583,0,0.17624566
150584,0,0.17624566
150585,0,0.17624566
150586,0,0.17624566
150587,0,0.17624566
150588,0,0.17624566
150589,0,0.17624566
150590,0,0.17624566
150591,0,0.17624566
150592,0,0.17624566
150593,0,0.17624566
150594,0,0.17624566
150595,0,0.17624566
150596,0,0.17624566
150597,0,0.17624566
150598,0,0.17624566
150599,0,0.17624566
150600,0,0.17624566
150601,0,0.17624566
150602,0,0.17624566
150603,0,0.17624566
150604,0,0.17624566
150605,0,0.17624566
150606,0,0.17624566
150607,0,0.17624566
150608,0,0.17624566
150609,0,0.17624566
150610,0,0.17624566
150611,0,0.17624566
150612,0,0.17624566
150613,0,0.17624566
150614,0,0.17624566
150615,0,0.17624566
150616,0,0.17624566
150617,0,0.17624566
150618,0,0.17624566
150619,0,0.17624566
150620,0,0.17624566
150621,0,0.17624566
150622,0,0.17624566
150623,0,0.17624566
150624,0,0.17624566
150625,0,0.17624566
150626,0,0.17624566
150627,0,0.17624566
150628,0,0.17624566
150629,0,0.17624566
150630,0,0.17624566
150631,0,0.17624566
150632,0,0.17624566
150633,0,0.17624566
150634,0,0.17624566
150635,0,0.17624566
150636,0,0.17624566
150637,0,0.17624566
150638,0,0.17624566
150639,0,0.17624566
150640,0,0.17624566
150641,0,0.17624566
150642,0,0.17624566
150643,0,0.17624566
150644,0,0.17624566
150645,0,0.17624566
150646,0,0.17624566
150647,0,0.17624566
150648,0,0.17624566
150649,0,0.17624566
150650,0,0.17624566
150651,0,0.17624566
150652,0,0.17624566
150653,0,0.17624566
150654,0,0.17624566
150655,0,0.17624566
150656,0,0.17624566
150657,0,0.17624566
150658,0,0.17624566
150659,0,0.17624566
150660,0,0.17624566
150661,0,0.17624566
150662,0,0.17624566
150663,0,0.17624566
150664,0,0.17624566
150665,0,0.17624566
150666,0,0.17624566
150667,0,0.17624566
150668,0,0.17624566
150669,0,0.17624566
150670,0,0.17624566
150671,0,0.17624566
150672,0,0.17624566
150673,0,0.17624566
150674,0,0.17624566
150675,0,0.17624566
150676,0,0.17624566
150677,0,0.17624566
150678,0,0.17624566
150679,0,0.17624566
150680,0,0.17624566
150681,0,0.17624566
150682,0,0.17624566
150683,0,0.17624566
150684,0,0.17624566
150685,0,0.17624566
150686,0,0.17624566
150687,0,0.17624566
150688,0,0.17624566
150689,0,0.17624566
150690,0,0.17624566
150691,0,0.17624566
150692,0,0.17624566
150693,0,0.17624566
150694,0,0.17624566
150695,0,0.17624566
150696,0,0.17624566
150697,0,0.17624566
150698,0,0.17624566
150699,0,0.17624566
150700,0,0.17624566
150701,0,0.17624566
150702,0,0.17624566
150703,0,0.17624566
150704,0,0.17624566
150705,0,0.17624566
150706,0,0.17624566
150707,0,0.17624566
150708,0,0.17624566
150709,0,0.17624566
150710,0,0.17624566
150711,0,0.17624566
150712,0,0.17624566
150713,0,0.17624566
150714,0,0.17624566
150715,0,0.17624566
150716,0,0.17624566
150717,0,0.17624566
150718,0,0.17624566
150719,0,0.17624566
150720,0,0.17624566
150721,0,0.17624566
150722,0,0.17624566
150723,0,0.17624566
150724,0,0.17624566
150725,0,0.17624566
150726,0,0.17624566
150727,0,0.17624566
150728,0,0.17624566
150729,0,0.17624566
150730,0,0.17624566
150731,0,0.17624566
150732,0,0.17624566
150733,0,0.17624566
150734,0,0.17624566
150735,0,0.17624566
150736,0,0.17624566
150737,0,0.17624566
150738,0,0.17624566
150739,0,0.17624566
150740,0,0.17624566
150741,0,0.17624566
150742,0,0.17624566
150743,0,0.17624566
150744,0,0.17624566
150745,0,0.17624566
150746,0,0.17624566
150747,0,0.17624566
150748,0,0.17624566
150749,0,0.17624566
150750,0,0.17624566
150751,0,0.17624566
150752,0,0.17624566
150753,0,0.17624566
150754,0,0.17624566
150755,0,0.17624566
150756,0,0.17624566
150757,0,0.17624566
150758,0,0.17624566
150759,0,0.17624566
150760,0,0.17624566
150761,0,0.17624566
150762,0,0.17624566
150763,0,0.17624566
150764,0,0.17624566
150765,0,0.17624566
150766,0,0.17624566
150767,0,0.17624566
150768,0,0.17624566
150769,0,0.17624566
150770,0,0.17624566
150771,0,0.17624566
150772,0,0.17624566
150773,0,0.17624566
150774,0,0.17624566
150775,0,0.17624566
150776,0,0.17624566
150777,0,0.17624566
150778,0,0.17624566
150779,0,0.17624566
150780,0,0.17624566
150781,0,0.17624566
150782,0,0.17624566
150783,0,0.17624566
150784,0,0.17624566
150785,0,0.17624566
150786,0,0.17624566
150787,0,0.17624566
150788,0,0.17624566
150789,0,0.17624566
150790,0,0.17624566
150791,0,0.17624566
150792,0,0.17624566
150793,0,0.17624566
150794,0,0.17624566
150795,0,0.17624566
150796,0,0.17624566
150797,0,0.17624566
150798,0,0.17624566
150799,0,0.17624566
150800,0,0.17624566
150801,0,0.17624566
150802,0,0.17624566
150803,0,0.17624566
150804,0,0.17624566
150805,0,0.17624566
150806,0,0.17624566
150807,0,0.17624566
150808,0,0.17624566
150809,0,0.17624566
150810,0,0.17624566
150811,0,0.17624566
150812,0,0.17624566
150813,0,0.17624566
150814,0,0.17624566
150815,0,0.17624566
150816,0,0.17624566
150817,0,0.17624566
150818,0,0.17624566
150819,0,0.17624566
150820,0,0.17624566
150821,0,0.17624566
150822,0,0.17624566
150823,0,0.17624566
150824,0,0.17624566
150825,0,0.17624566
150826,0,0.17624566
150827,0,0.17624566
150828,0,0.17624566
150829,0,0.17624566
150830,0,0.17624566
150831,0,0.17624566
150832,0,0.17624566
150833,0,0.17624566
150834,0,0.17624566
150835,0,0.17624566
150836,0,0.17624566
150837,0,0.17624566
150838,0,0.17624566
150839,0,0.17624566
150840,0,0.17624566
150841,0,0.17624566
150842,0,0.17624566
150843,0,0.17624566
150844,0,0.17624566
150845,0,0.17624566
150846,0,0.17624566
150847,0,0.17624566
150848,0,0.17624566
150849,0,0.17624566
150850,0,0.17624566
150851,0,0.17624566
150852,0,0.17624566
150853,0,0.17624566
150854,0,0.17624566
150855,0,0.17624566
150856,0,0.17624566
150857,0,0.17624566
150858,0,0.17624566
150859,0,0.17624566
150860,0,0.17624566
150861,0,0.17624566
150862,0,0.17624566
150863,0,0.17624566
150864,0,0.17624566
150865,0,0.17624566
150866,0,0.17624566
150867,0,0.17624566
150868,0,0.17624566
150869,0,0.17624566
150870,0,0.17624566
150871,0,0.17624566
150872,0,0.17624566
150873,0,0.17624566
150874,0,0.17624566
150875,0,0.17624566
150876,0,0.17624566
150877,0,0.17624566
150878,0,0.17624566
150879,0,0.17624566
150880,0,0.17624566
150881,0,0.17624566
150882,0,0.17624566
150883,0,0.17624566
150884,0,0.17624566
150885,0,0.17624566
150886,0,0.17624566
150887,0,0.17624566
150888,0,0.17624566
150889,0,0.17624566
150890,0,0.17624566
150891,0,0.17624566
150892,0,0.17624566
150893,0,0.17624566
150894,0,0.17624566
150895,0,0.17624566
150896,0,0.17624566
150897,0,0.17624566
150898,0,0.17624566
150899,0,0.17624566
150900,0,0.17624566
150901,0,0.17624566
150902,0,0.17624566
150903,0,0.17624566
150904,0,0.17624566
150905,0,0.17624566
150906,0,0.17624566
150907,0,0.17624566
150908,0,0.17624566
150909,0,0.17624566
150910,0,0.17624566
150911,0,0.17624566
150912,0,0.17624566
150913,0,0.17624566
150914,0,0.17624566
150915,0,0.17624566
150916,0,0.17624566
150917,0,0.17624566
150918,0,0.17624566
150919,0,0.17624566
150920,0,0.17624566
150921,0,0.17624566
150922,0,0.17624566
150923,0,0.17624566
150924,0,0.17624566
150925,0,0.17624566
150926,0,0.17624566
150927,0,0.17624566
150928,0,0.17624566
150929,0,0.17624566
150930,0,0.17624566
150931,0,0.17624566
150932,0,0.17624566
150933,0,0.17624566
150934,0,0.17624566
150935,0,0.17624566
150936,0,0.17624566
150937,0,0.17624566
150938,0,0.17624566
150939,0,0.17624566
150940,0,0.17624566
150941,0,0.17624566
150942,0,0.17624566
150943,0,0.17624566
150944,0,0.17624566
150945,0,0.17624566
150946,0,0.17624566
150947,0,0.17624566
150948,0,0.17624566
150949,0,0.17624566
150950,0,0.17624566
150951,0,0.17624566
150952,0,0.17624566
150953,0,0.17624566
150954,0,0.17624566
150955,0,0.17624566
150956,0,0.17624566
150957,0,0.17624566
150958,0,0.17624566
150959,0,0.17624566
150960,0,0.17624566
150961,0,0.17624566
150962,0,0.17624566
150963,0,0.17624566
150964,0,0.17624566
150965,0,0.17624566
150966,0,0.17624566
150967,0,0.17624566
150968,0,0.17624566
150969,0,0.17624566
150970,0,0.17624566
150971,0,0.17624566
150972,0,0.17624566
150973,0,0.17624566
150974,0,0.17624566
150975,0,0.17624566
150976,0,0.17624566
150977,0,0.17624566
150978,0,0.17624566
150979,0,0.17624566
150980,0,0.17624566
150981,0,0.17624566
150982,0,0.17624566
150983,0,0.17624566
150984,0,0.17624566
150985,0,0.17624566
150986,0,0.17624566
150987,0,0.17624566
150988,0,0.17624566
150989,0,0.17624566
150990,0,0.17624566
150991,0,0.17624566
150992,0,0.17624566
150993,0,0.17624566
150994,0,0.17624566
150995,0,0.17624566
150996,0,0.17624566
150997,0,0.17624566
150998,0,0.17624566
150999,0,0.17624566
151000,0,0.17624566
151001,0,0.17624566
151002,0,0.17624566
151003,0,0.17624566
151004,0,0.17624566
151005,0,0.17624566
151006,0,0.17624566
151007,0,0.17624566
151008,0,0.17624566
151009,0,0.17624566
151010,0,0.17624566
151011,0,0.17624566
151012,0,0.17624566
151013,0,0.17624566
151014,0,0.17624566
151015,0,0.17624566
151016,0,0.17624566
151017,0,0.17624566
151018,0,0.17624566
151019,0,0.17624566
151020,0,0.17624566
151021,0,0.17624566
151022,0,0.17624566
151023,0,0.17624566
151024,0,0.17624566
151025,0,0.17624566
151026,0,0.17624566
151027,0,0.17624566
151028,0,0.17624566
151029,0,0.17624566
151030,0,0.17624566
151031,0,0.17624566
151032,0,0.17624566
151033,0,0.17624566
151034,0,0.17624566
151035,0,0.17624566
151036,0,0.17624566
151037,0,0.17624566
151038,0,0.17624566
151039,0,0.17624566
151040,0,0.17624566
151041,0,0.17624566
151042,0,0.17624566
151043,0,0.17624566
151044,0,0.17624566
151045,0,0.17624566
151046,0,0.17624566
151047,0,0.17624566
151048,0,0.17624566
151049,0,0.17624566
151050,0,0.17624566
151051,0,0.17624566
151052,0,0.17624566
151053,0,0.17624566
151054,0,0.17624566
151055,0,0.17624566
151056,0,0.17624566
151057,0,0.17624566
151058,0,0.17624566
151059,0,0.17624566
151060,0,0.17624566
151061,0,0.17624566
151062,0,0.17624566
151063,0,0.17624566
151064,0,0.17624566
151065,0,0.17624566
151066,0,0.17624566
151067,0,0.17624566
151068,0,0.17624566
151069,0,0.17624566
151070,0,0.17624566
151071,0,0.17624566
151072,0,0.17624566
151073,0,0.17624566
151074,0,0.17624566
151075,0,0.17624566
151076,0,0.17624566
151077,0,0.17624566
151078,0,0.17624566
151079,0,0.17624566
151080,0,0.17624566
151081,0,0.17624566
151082,0,0.17624566
151083,0,0.17624566
151084,0,0.17624566
151085,0,0.17624566
151086,0,0.17624566
151087,0,0.17624566
151088,0,0.17624566
151089,0,0.17624566
151090,0,0.17624566
151091,0,0.17624566
151092,0,0.17624566
151093,0,0.17624566
151094,0,0.17624566
151095,0,0.17624566
151096,0,0.17624566
151097,0,0.17624566
151098,0,0.17624566
151099,0,0.17624566
151100,0,0.17624566
151101,0,0.17624566
151102,0,0.17624566
151103,0,0.17624566
151104,0,0.17624566
151105,0,0.17624566
151106,0,0.17624566
151107,0,0.17624566
151108,0,0.17624566
151109,0,0.17624566
151110,0,0.17624566
151111,0,0.17624566
151112,0,0.17624566
151113,0,0.17624566
151114,0,0.17624566
151115,0,0.17624566
151116,0,0.17624566
151117,0,0.17624566
151118,0,0.17624566
151119,0,0.17624566
151120,0,0.17624566
151121,0,0.17624566
151122,0,0.17624566
151123,0,0.17624566
151124,0,0.17624566
151125,0,0.17624566
151126,0,0.17624566
151127,0,0.17624566
151128,0,0.17624566
151129,0,0.17624566
151130,0,0.17624566
151131,0,0.17624566
151132,0,0.17624566
151133,0,0.17624566
151134,0,0.17624566
151135,0,0.17624566
151136,0,0.17624566
151137,0,0.17624566
151138,0,0.17624566
151139,0,0.17624566
151140,0,0.17624566
151141,0,0.17624566
151142,0,0.17624566
151143,0,0.17624566
151144,0,0.17624566
151145,0,0.17624566
151146,0,0.17624566
151147,0,0.17624566
151148,0,0.17624566
151149,0,0.17624566
151150,0,0.17624566
151151,0,0.17624566
151152,0,0.17624566
151153,0,0.17624566
151154,0,0.17624566
151155,0,0.17624566
151156,0,0.17624566
151157,0,0.17624566
151158,0,0.17624566
151159,0,0.17624566
151160,0,0.17624566
151161,0,0.17624566
151162,0,0.17624566
151163,0,0.17624566
151164,0,0.17624566
151165,0,0.17624566
151166,0,0.17624566
151167,0,0.17624566
151168,0,0.17624566
151169,0,0.17624566
151170,0,0.17624566
151171,0,0.17624566
151172,0,0.17624566
151173,0,0.17624566
151174,0,0.17624566
151175,0,0.17624566
151176,0,0.17624566
151177,0,0.17624566
151178,0,0.17624566
151179,0,0.17624566
151180,0,0.17624566
151181,0,0.17624566
151182,0,0.17624566
151183,0,0.17624566
151184,0,0.17624566
151185,0,0.17624566
151186,0,0.17624566
151187,0,0.17624566
151188,0,0.17624566
151189,0,0.17624566
151190,0,0.17624566
151191,0,0.17624566
151192,0,0.17624566
151193,0,0.17624566
151194,0,0.17624566
151195,0,0.17624566
151196,0,0.17624566
151197,0,0.17624566
151198,0,0.17624566
151199,0,0.17624566
151200,0,0.17624566
151201,0,0.17624566
151202,0,0.17624566
151203,0,0.17624566
151204,0,0.17624566
151205,0,0.17624566
151206,0,0.17624566
151207,0,0.17624566
151208,0,0.17624566
151209,0,0.17624566
151210,0,0.17624566
151211,0,0.17624566
151212,0,0.17624566
151213,0,0.17624566
151214,0,0.17624566
151215,0,0.17624566
151216,0,0.17624566
151217,0,0.17624566
151218,0,0.17624566
151219,0,0.17624566
151220,0,0.17624566
151221,0,0.17624566
151222,0,0.17624566
151223,0,0.17624566
151224,0,0.17624566
151225,0,0.17624566
151226,0,0.17624566
151227,0,0.17624566
151228,0,0.17624566
151229,0,0.17624566
151230,0,0.17624566
151231,0,0.17624566
151232,0,0.17624566
151233,0,0.17624566
151234,0,0.17624566
151235,0,0.17624566
151236,0,0.17624566
151237,0,0.17624566
151238,0,0.17624566
151239,0,0.17624566
151240,0,0.17624566
151241,0,0.17624566
151242,0,0.17624566
151243,0,0.17624566
151244,0,0.17624566
151245,0,0.17624566
151246,0,0.17624566
151247,0,0.17624566
151248,0,0.17624566
151249,0,0.17624566
151250,0,0.17624566
151251,0,0.17624566
151252,0,0.17624566
151253,0,0.17624566
151254,0,0.17624566
151255,0,0.17624566
151256,0,0.17624566
151257,0,0.17624566
151258,0,0.17624566
151259,0,0.17624566
151260,0,0.17624566
151261,0,0.17624566
151262,0,0.17624566
151263,0,0.17624566
151264,0,0.17624566
151265,0,0.17624566
151266,0,0.17624566
151267,0,0.17624566
151268,0,0.17624566
151269,0,0.17624566
151270,0,0.17624566
151271,0,0.17624566
151272,0,0.17624566
151273,0,0.17624566
151274,0,0.17624566
151275,0,0.17624566
151276,0,0.17624566
151277,0,0.17624566
151278,0,0.17624566
151279,0,0.17624566
151280,0,0.17624566
151281,0,0.17624566
151282,0,0.17624566
151283,0,0.17624566
151284,0,0.17624566
151285,0,0.17624566
151286,0,0.17624566
151287,0,0.17624566
151288,0,0.17624566
151289,0,0.17624566
151290,0,0.17624566
151291,0,0.17624566
151292,0,0.17624566
151293,0,0.17624566
151294,0,0.17624566
151295,0,0.17624566
151296,0,0.17624566
151297,0,0.17624566
151298,0,0.17624566
151299,0,0.17624566
151300,0,0.17624566
151301,0,0.17624566
151302,0,0.17624566
151303,0,0.17624566
151304,0,0.17624566
151305,0,0.17624566
151306,0,0.17624566
151307,0,0.17624566
151308,0,0.17624566
151309,0,0.17624566
151310,0,0.17624566
151311,0,0.17624566
151312,0,0.17624566
151313,0,0.17624566
151314,0,0.17624566
151315,0,0.17624566
151316,0,0.17624566
151317,0,0.17624566
151318,0,0.17624566
151319,0,0.17624566
151320,0,0.17624566
151321,0,0.17624566
151322,0,0.17624566
151323,0,0.17624566
151324,0,0.17624566
151325,0,0.17624566
151326,0,0.17624566
151327,0,0.17624566
151328,0,0.17624566
151329,0,0.17624566
151330,0,0.17624566
151331,0,0.17624566
151332,0,0.17624566
151333,0,0.17624566
151334,0,0.17624566
151335,0,0.17624566
151336,0,0.17624566
151337,0,0.17624566
151338,0,0.17624566
151339,0,0.17624566
151340,0,0.17624566
151341,0,0.17624566
151342,0,0.17624566
151343,0,0.17624566
151344,0,0.17624566
151345,0,0.17624566
151346,0,0.17624566
151347,0,0.17624566
151348,0,0.17624566
151349,0,0.17624566
151350,0,0.17624566
151351,0,0.17624566
151352,0,0.17624566
151353,0,0.17624566
151354,0,0.17624566
151355,0,0.17624566
151356,0,0.17624566
151357,0,0.17624566
151358,0,0.17624566
151359,0,0.17624566
151360,0,0.17624566
151361,0,0.17624566
151362,0,0.17624566
151363,0,0.17624566
151364,0,0.17624566
151365,0,0.17624566
151366,0,0.17624566
151367,0,0.17624566
151368,0,0.17624566
151369,0,0.17624566
151370,0,0.17624566
151371,0,0.17624566
151372,0,0.17624566
151373,0,0.17624566
151374,0,0.17624566
151375,0,0.17624566
151376,0,0.17624566
151377,0,0.17624566
151378,0,0.17624566
151379,0,0.17624566
151380,0,0.17624566
151381,0,0.17624566
151382,0,0.17624566
151383,0,0.17624566
151384,0,0.17624566
151385,0,0.17624566
151386,0,0.17624566
151387,0,0.17624566
151388,0,0.17624566
151389,0,0.17624566
151390,0,0.17624566
151391,0,0.17624566
151392,0,0.17624566
151393,0,0.17624566
151394,0,0.17624566
151395,0,0.17624566
151396,0,0.17624566
151397,0,0.17624566
151398,0,0.17624566
151399,0,0.17624566
151400,0,0.17624566
151401,0,0.17624566
151402,0,0.17624566
151403,0,0.17624566
151404,0,0.17624566
151405,0,0.17624566
151406,0,0.17624566
151407,0,0.17624566
151408,0,0.17624566
151409,0,0.17624566
151410,0,0.17624566
151411,0,0.17624566
151412,0,0.17624566
151413,0,0.17624566
151414,0,0.17624566
151415,0,0.17624566
151416,0,0.17624566
151417,0,0.17624566
151418,0,0.17624566
151419,0,0.17624566
151420,0,0.17624566
151421,0,0.17624566
151422,0,0.17624566
151423,0,0.17624566
151424,0,0.17624566
151425,0,0.17624566
151426,0,0.17624566
151427,0,0.17624566
151428,0,0.17624566
151429,0,0.17624566
151430,0,0.17624566
151431,0,0.17624566
151432,0,0.17624566
151433,0,0.17624566
151434,0,0.17624566
151435,0,0.17624566
151436,0,0.17624566
151437,0,0.17624566
151438,0,0.17624566
151439,0,0.17624566
151440,0,0.17624566
151441,0,0.17624566
151442,0,0.17624566
151443,0,0.17624566
151444,0,0.17624566
151445,0,0.17624566
151446,0,0.17624566
151447,0,0.17624566
151448,0,0.17624566
151449,0,0.17624566
151450,0,0.17624566
151451,0,0.17624566
151452,0,0.17624566
151453,0,0.17624566
151454,0,0.17624566
151455,0,0.17624566
151456,0,0.17624566
151457,0,0.17624566
151458,0,0.17624566
151459,0,0.17624566
151460,0,0.17624566
151461,0,0.17624566
151462,0,0.17624566
151463,0,0.17624566
151464,0,0.17624566
151465,0,0.17624566
151466,0,0.17624566
151467,0,0.17624566
151468,0,0.17624566
151469,0,0.17624566
151470,0,0.17624566
151471,0,0.17624566
151472,0,0.17624566
151473,0,0.17624566
151474,0,0.17624566
151475,0,0.17624566
151476,0,0.17624566
151477,0,0.17624566
151478,0,0.17624566
151479,0,0.17624566
151480,0,0.17624566
151481,0,0.17624566
151482,0,0.17624566
151483,0,0.17624566
151484,0,0.17624566
151485,0,0.17624566
151486,0,0.17624566
151487,0,0.17624566
151488,0,0.17624566
151489,0,0.17624566
151490,0,0.17624566
151491,0,0.17624566
151492,0,0.17624566
151493,0,0.17624566
151494,0,0.17624566
151495,0,0.17624566
151496,0,0.17624566
151497,0,0.17624566
151498,0,0.17624566
151499,0,0.17624566
151500,0,0.17624566
151501,0,0.17624566
151502,0,0.17624566
151503,0,0.17624566
151504,0,0.17624566
151505,0,0.17624566
151506,0,0.17624566
151507,0,0.17624566
151508,0,0.17624566
151509,0,0.17624566
151510,0,0.17624566
151511,0,0.17624566
151512,0,0.17624566
151513,0,0.17624566
151514,0,0.17624566
151515,0,0.17624566
151516,0,0.17624566
151517,0,0.17624566
151518,0,0.17624566
151519,0,0.17624566
151520,0,0.17624566
151521,0,0.17624566
151522,0,0.17624566
151523,0,0.17624566
151524,0,0.17624566
151525,0,0.17624566
151526,0,0.17624566
151527,0,0.17624566
151528,0,0.17624566
151529,0,0.17624566
151530,0,0.17624566
151531,0,0.17624566
151532,0,0.17624566
151533,0,0.17624566
151534,0,0.17624566
151535,0,0.17624566
151536,0,0.17624566
151537,0,0.17624566
151538,0,0.17624566
151539,0,0.17624566
151540,0,0.17624566
151541,0,0.17624566
151542,0,0.17624566
151543,0,0.17624566
151544,0,0.17624566
151545,0,0.17624566
151546,0,0.17624566
151547,0,0.17624566
151548,0,0.17624566
151549,0,0.17624566
151550,0,0.17624566
151551,0,0.17624566
151552,0,0.17624566
151553,0,0.17624566
151554,0,0.17624566
151555,0,0.17624566
151556,0,0.17624566
151557,0,0.17624566
151558,0,0.17624566
151559,0,0.17624566
151560,0,0.17624566
151561,0,0.17624566
151562,0,0.17624566
151563,0,0.17624566
151564,0,0.17624566
151565,0,0.17624566
151566,0,0.17624566
151567,0,0.17624566
151568,0,0.17624566
151569,0,0.17624566
151570,0,0.17624566
151571,0,0.17624566
151572,0,0.17624566
151573,0,0.17624566
151574,0,0.17624566
151575,0,0.17624566
151576,0,0.17624566
151577,0,0.17624566
151578,0,0.17624566
151579,0,0.17624566
151580,0,0.17624566
151581,0,0.17624566
151582,0,0.17624566
151583,0,0.17624566
151584,0,0.17624566
151585,0,0.17624566
151586,0,0.17624566
151587,0,0.17624566
151588,0,0.17624566
151589,0,0.17624566
151590,0,0.17624566
151591,0,0.17624566
151592,0,0.17624566
151593,0,0.17624566
151594,0,0.17624566
151595,0,0.17624566
151596,0,0.17624566
151597,0,0.17624566
151598,0,0.17624566
151599,0,0.17624566
151600,0,0.17624566
151601,0,0.17624566
151602,0,0.17624566
151603,0,0.17624566
151604,0,0.17624566
151605,0,0.17624566
151606,0,0.17624566
151607,0,0.17624566
151608,0,0.17624566
151609,0,0.17624566
151610,0,0.17624566
151611,0,0.17624566
151612,0,0.17624566
151613,0,0.17624566
151614,0,0.17624566
151615,0,0.17624566
151616,0,0.17624566
151617,0,0.17624566
151618,0,0.17624566
151619,0,0.17624566
151620,0,0.17624566
151621,0,0.17624566
151622,0,0.17624566
151623,0,0.17624566
151624,0,0.17624566
151625,0,0.17624566
151626,0,0.17624566
151627,0,0.17624566
151628,0,0.17624566
151629,0,0.17624566
151630,0,0.17624566
151631,0,0.17624566
151632,0,0.17624566
151633,0,0.17624566
151634,0,0.17624566
151635,0,0.17624566
151636,0,0.17624566
151637,0,0.17624566
151638,0,0.17624566
151639,0,0.17624566
151640,0,0.17624566
151641,0,0.17624566
151642,0,0.17624566
151643,0,0.17624566
151644,0,0.17624566
151645,0,0.17624566
151646,0,0.17624566
151647,0,0.17624566
151648,0,0.17624566
151649,0,0.17624566
151650,0,0.17624566
151651,0,0.17624566
151652,0,0.17624566
151653,0,0.17624566
151654,0,0.17624566
151655,0,0.17624566
151656,0,0.17624566
151657,0,0.17624566
151658,0,0.17624566
151659,0,0.17624566
151660,0,0.17624566
151661,0,0.17624566
151662,0,0.17624566
151663,0,0.17624566
151664,0,0.17624566
151665,0,0.17624566
151666,0,0.17624566
151667,0,0.17624566
151668,0,0.17624566
151669,0,0.17624566
151670,0,0.17624566
151671,0,0.17624566
151672,0,0.17624566
151673,0,0.17624566
151674,0,0.17624566
151675,0,0.17624566
151676,0,0.17624566
151677,0,0.17624566
151678,0,0.17624566
151679,0,0.17624566
151680,0,0.17624566
151681,0,0.17624566
151682,0,0.17624566
151683,0,0.17624566
151684,0,0.17624566
151685,0,0.17624566
151686,0,0.17624566
151687,0,0.17624566
151688,0,0.17624566
151689,0,0.17624566
151690,0,0.17624566
151691,0,0.17624566
151692,0,0.17624566
151693,0,0.17624566
151694,0,0.17624566
151695,0,0.17624566
151696,0,0.17624566
151697,0,0.17624566
151698,0,0.17624566
151699,0,0.17624566
151700,0,0.17624566
151701,0,0.17624566
151702,0,0.17624566
151703,0,0.17624566
151704,0,0.17624566
151705,0,0.17624566
151706,0,0.17624566
151707,0,0.17624566
151708,0,0.17624566
151709,0,0.17624566
151710,0,0.17624566
151711,0,0.17624566
151712,0,0.17624566
151713,0,0.17624566
151714,0,0.17624566
151715,0,0.17624566
151716,0,0.17624566
151717,0,0.17624566
151718,0,0.17624566
151719,0,0.17624566
151720,0,0.17624566
151721,0,0.17624566
151722,0,0.17624566
151723,0,0.17624566
151724,0,0.17624566
151725,0,0.17624566
151726,0,0.17624566
151727,0,0.17624566
151728,0,0.17624566
151729,0,0.17624566
151730,0,0.17624566
151731,0,0.17624566
151732,0,0.17624566
151733,0,0.17624566
151734,0,0.17624566
151735,0,0.17624566
151736,0,0.17624566
151737,0,0.17624566
151738,0,0.17624566
151739,0,0.17624566
151740,0,0.17624566
151741,0,0.17624566
151742,0,0.17624566
151743,0,0.17624566
151744,0,0.17624566
151745,0,0.17624566
151746,0,0.17624566
151747,0,0.17624566
151748,0,0.17624566
151749,0,0.17624566
151750,0,0.17624566
151751,0,0.17624566
151752,0,0.17624566
151753,0,0.17624566
151754,0,0.17624566
151755,0,0.17624566
151756,0,0.17624566
151757,0,0.17624566
151758,0,0.17624566
151759,0,0.17624566
151760,0,0.17624566
151761,0,0.17624566
151762,0,0.17624566
151763,0,0.17624566
151764,0,0.17624566
151765,0,0.17624566
151766,0,0.17624566
151767,0,0.17624566
151768,0,0.17624566
151769,0,0.17624566
151770,0,0.17624566
151771,0,0.17624566
151772,0,0.17624566
151773,0,0.17624566
151774,0,0.17624566
151775,0,0.17624566
151776,0,0.17624566
151777,0,0.17624566
151778,0,0.17624566
151779,0,0.17624566
151780,0,0.17624566
151781,0,0.17624566
151782,0,0.17624566
151783,0,0.17624566
151784,0,0.17624566
151785,0,0.17624566
151786,0,0.17624566
151787,0,0.17624566
151788,0,0.17624566
151789,0,0.17624566
151790,0,0.17624566
151791,0,0.17624566
151792,0,0.17624566
151793,0,0.17624566
151794,0,0.17624566
151795,0,0.17624566
151796,0,0.17624566
151797,0,0.17624566
151798,0,0.17624566
151799,0,0.17624566
151800,0,0.17624566
151801,0,0.17624566
151802,0,0.17624566
151803,0,0.17624566
151804,0,0.17624566
151805,0,0.17624566
151806,0,0.17624566
151807,0,0.17624566
151808,0,0.17624566
151809,0,0.17624566
151810,0,0.17624566
151811,0,0.17624566
151812,0,0.17624566
151813,0,0.17624566
151814,0,0.17624566
151815,0,0.17624566
151816,0,0.17624566
151817,0,0.17624566
151818,0,0.17624566
151819,0,0.17624566
151820,0,0.17624566
151821,0,0.17624566
151822,0,0.17624566
151823,0,0.17624566
151824,0,0.17624566
151825,0,0.17624566
151826,0,0.17624566
151827,0,0.17624566
151828,0,0.17624566
151829,0,0.17624566
151830,0,0.17624566
151831,0,0.17624566
151832,0,0.17624566
151833,0,0.17624566
151834,0,0.17624566
151835,0,0.17624566
151836,0,0.17624566
151837,0,0.17624566
151838,0,0.17624566
151839,0,0.17624566
151840,0,0.17624566
151841,0,0.17624566
151842,0,0.17624566
151843,0,0.17624566
151844,0,0.17624566
151845,0,0.17624566
151846,0,0.17624566
151847,0,0.17624566
151848,0,0.17624566
151849,0,0.17624566
151850,0,0.17624566
151851,0,0.17624566
151852,0,0.17624566
151853,0,0.17624566
151854,0,0.17624566
151855,0,0.17624566
151856,0,0.17624566
151857,0,0.17624566
151858,0,0.17624566
151859,0,0.17624566
151860,0,0.17624566
151861,0,0.17624566
151862,0,0.033042487
151863,0,0.03304045
151864,0,0.03304044
151865,0,0.033040445
151866,0,0.03304032
151867,0,0.03304031
151868,0,0.033040315
151869,0,0.03304031
151870,0,0.03304047
151871,0,0.033040468
151872,0,0.03304014
151873,0,0.03304014
151874,0,0.03304014
151875,0,0.03304014
151876,0,0.03304014
151877,0,0.03304014
151878,0,0.03304014
151879,0,0.03304014
151880,0,0.03304014
151881,0,0.03304014
151882,0,0.03304014
151883,0,0.03304014
151884,0,0.03304014
151885,0,0.03304014
151886,0,0.03304014
151887,0,0.03304014
151888,0,0.03304014
151889,0,0.03304014
151890,0,0.03304014
151891,0,0.03304014
151892,0,0.03304014
151893,0,0.03304014
151894,0,0.03304014
151895,0,0.03304014
151896,0,0.03304014
151897,0,0.03304014
151898,0,0.03304014
151899,0,0.03304014
151900,0,0.03304014
151901,0,0.03304014
151902,0,0.03304014
151903,0,0.03304014
151904,0,0.03304014
151905,0,0.03304014
151906,0,0.03304014
151907,0,0.03304014
151908,0,0.03304014
151909,0,0.03304014
151910,0,0.03304014
151911,0,0.03304014
151912,0,0.03304014
151913,0,0.03304014
151914,0,0.03304014
151915,0,0.03304014
151916,0,0.03304014
151917,0,0.03304014
151918,0,0.03304014
151919,0,0.03304014
151920,0,0.03304014
151921,0,0.03304014
151922,0,0.03304014
151923,0,0.03304014
151924,0,0.03304014
151925,0,0.03304014
151926,0,0.03304014
151927,0,0.03304014
151928,0,0.03304014
151929,0,0.03304014
151930,0,0.03304014
151931,0,0.03304014
151932,0,0.03304014
151933,0,0.03304014
151934,0,0.03304014
151935,0,0.03304014
151936,0,0.03304014
151937,0,0.03304014
151938,0,0.03304014
151939,0,0.03304014
151940,0,0.03304014
151941,0,0.03304014
151942,0,0.03304014
151943,0,0.03304014
151944,0,0.03304014
151945,0,0.03304014
151946,0,0.03304014
151947,0,0.03304014
151948,0,0.03304014
151949,0,0.03304014
151950,0,0.03304014
151951,0,0.03304014
151952,0,0.03304014
151953,0,0.03304014
151954,0,0.03304014
151955,0,0.03304014
151956,0,0.03304014
151957,0,0.03304014
151958,0,0.03304014
151959,0,0.03304014
151960,0,0.03304014
151961,0,0.03304014
151962,0,0.03304014
151963,0,0.03304014
151964,0,0.03304014
151965,0,0.03304014
151966,0,0.03304014
151967,0,0.03304014
151968,0,0.03304014
151969,0,0.03304014
151970,0,0.03304014
151971,0,0.03304014
151972,0,0.03304014
151973,0,0.03304014
151974,0,0.03304014
151975,0,0.03304014
151976,0,0.03304014
151977,0,0.03304014
151978,0,0.03304014
151979,0,0.03304014
151980,0,0.03304014
151981,0,0.03304014
151982,0,0.03304014
151983,0,0.03304014
151984,0,0.03304014
151985,0,0.03304014
151986,0,0.03304014
151987,0,0.03304014
151988,0,0.03304014
151989,0,0.03304014
151990,0,0.03304014
151991,0,0.03304014
151992,0,0.03304014
151993,0,0.03304014
151994,0,0.03304014
151995,0,0.03304014
151996,0,0.03304014
151997,0,0.03304014
151998,0,0.03304014
151999,0,0.03304014
152000,0,0.03304014
152001,0,0.03304014
152002,0,0.03304014
152003,0,0.03304014
152004,0,0.03304014
152005,0,0.03304014
152006,0,0.03304014
152007,0,0.03304014
152008,0,0.03304014
152009,0,0.03304014
152010,0,0.03304014
152011,0,0.03304014
152012,0,0.03304014
152013,0,0.03304014
152014,0,0.03304014
152015,0,0.03304014
152016,0,0.03304014
152017,0,0.03304014
152018,0,0.03304014
152019,0,0.03304014
152020,0,0.03304014
152021,0,0.03304014
152022,0,0.03304014
152023,0,0.03304014
152024,0,0.03304014
152025,0,0.03304014
152026,0,0.03304014
152027,0,0.03304014
152028,0,0.03304014
152029,0,0.03304014
152030,0,0.03304014
152031,0,0.03304014
152032,0,0.03304014
152033,0,0.03304014
152034,0,0.03304014
152035,0,0.03304014
152036,0,0.03304014
152037,0,0.03304014
152038,0,0.03304014
152039,0,0.03304014
152040,0,0.03304014
152041,0,0.03304014
152042,0,0.03304014
152043,0,0.03304014
152044,0,0.03304014
152045,0,0.03304014
152046,0,0.03304014
152047,0,0.03304014
152048,0,0.03304014
152049,0,0.03304014
152050,0,0.03304014
152051,0,0.03304014
152052,0,0.03304014
152053,0,0.03304014
152054,0,0.03304014
152055,0,0.03304014
152056,0,0.03304014
152057,0,0.03304014
152058,0,0.03304014
152059,0,0.03304014
152060,0,0.03304014
152061,0,0.03304014
152062,0,0.03304014
152063,0,0.03304014
152064,0,0.03304014
152065,0,0.03304014
152066,0,0.03304014
152067,0,0.03304014
152068,0,0.03304014
152069,0,0.03304014
152070,0,0.03304014
152071,0,0.03304014
152072,0,0.03304014
152073,0,0.03304014
152074,0,0.03304014
152075,0,0.03304014
152076,0,0.03304014
152077,0,0.03304014
152078,0,0.03304014
152079,0,0.03304014
152080,0,0.03304014
152081,0,0.03304014
152082,0,0.03304014
152083,0,0.03304014
152084,0,0.03304014
152085,0,0.03304014
152086,0,0.03304014
152087,0,0.03304014
152088,0,0.03304014
152089,0,0.03304014
152090,0,0.03304014
152091,0,0.03304014
152092,0,0.03304014
152093,0,0.03304014
152094,0,0.03304014
152095,0,0.03304014
152096,0,0.03304014
152097,0,0.03304014
152098,0,0.03304014
152099,0,0.03304014
152100,0,0.03304014
152101,0,0.03304014
152102,0,0.03304014
152103,0,0.03304014
152104,0,0.03304014
152105,0,0.03304014
152106,0,0.03304014
152107,0,0.03304014
152108,0,0.03304014
152109,0,0.03304014
152110,0,0.03304014
152111,0,0.03304014
152112,0,0.03304014
152113,0,0.03304014
152114,0,0.03304014
152115,0,0.03304014
152116,0,0.03304014
152117,0,0.03304014
152118,0,0.03304014
152119,0,0.03304014
152120,0,0.03304014
152121,0,0.03304014
152122,0,0.03304014
152123,0,0.03304014
152124,0,0.03304014
152125,0,0.03304014
152126,0,0.03304014
152127,0,0.03304014
152128,0,0.03304014
152129,0,0.03304014
152130,0,0.03304014
152131,0,0.03304014
152132,0,0.03304014
152133,0,0.03304014
152134,0,0.03304014
152135,0,0.03304014
152136,0,0.03304014
152137,0,0.03304014
152138,0,0.03304014
152139,0,0.03304014
152140,0,0.03304014
152141,0,0.03304014
152142,0,0.03304014
152143,0,0.03304014
152144,0,0.03304014
152145,0,0.03304014
152146,0,0.03304014
152147,0,0.03304014
152148,0,0.03304014
152149,0,0.03304014
152150,0,0.03304014
152151,0,0.03304014
152152,0,0.03304014
152153,0,0.03304014
152154,0,0.03304014
152155,0,0.03304014
152156,0,0.03304014
152157,0,0.03304014
152158,0,0.03304014
152159,0,0.03304014
152160,0,0.03304014
152161,0,0.03304014
152162,0,0.03304014
152163,0,0.03304014
152164,0,0.03304014
152165,0,0.03304014
152166,0,0.03304014
152167,0,0.03304014
152168,0,0.03304014
152169,0,0.03304014
152170,0,0.03304014
152171,0,0.033040155
152172,0,0.03304014
152173,0,0.03304014
152174,0,0.03304014
152175,0,0.03304014
152176,0,0.03304014
152177,0,0.03304014
152178,0,0.03304014
152179,0,0.03304014
152180,0,0.03304014
152181,0,0.03304014
152182,0,0.03304014
152183,0,0.03304014
152184,0,0.03304014
152185,0,0.03304014
152186,0,0.03304014
152187,0,0.03304014
152188,0,0.03304014
152189,0,0.03304014
152190,0,0.03304014
152191,0,0.03304014
152192,0,0.03304014
152193,0,0.03304014
152194,0,0.03304014
152195,0,0.03304014
152196,0,0.03304014
152197,0,0.03304014
152198,0,0.03304014
152199,0,0.03304014
152200,0,0.03304014
152201,0,0.03304014
152202,0,0.03304014
152203,0,0.03304014
152204,0,0.03304014
152205,0,0.03304014
152206,0,0.03304014
152207,0,0.03304014
152208,0,0.03304014
152209,0,0.03304014
152210,0,0.03304014
152211,0,0.03304014
152212,0,0.03304014
152213,0,0.03304014
152214,0,0.03304014
152215,0,0.03304014
152216,0,0.03304014
152217,0,0.03304014
152218,0,0.03304014
152219,0,0.03304014
152220,0,0.03304014
152221,0,0.03304014
152222,0,0.03304014
152223,0,0.03304014
152224,0,0.03304014
152225,0,0.03304014
152226,0,0.03304014
152227,0,0.03304014
152228,0,0.03304014
152229,0,0.03304014
152230,0,0.03304014
152231,0,0.03304014
152232,0,0.03304014
152233,0,0.03304014
152234,0,0.03304014
152235,0,0.03304014
152236,0,0.03304014
152237,0,0.03304014
152238,0,0.03304014
152239,0,0.03304014
152240,0,0.03304014
152241,0,0.03304014
152242,0,0.03304014
152243,0,0.03304014
152244,0,0.03304014
152245,0,0.03304014
152246,0,0.03304014
152247,0,0.03304014
152248,0,0.03304014
152249,0,0.03304014
152250,0,0.03304014
152251,0,0.03304014
152252,0,0.03304014
152253,0,0.03304014
152254,0,0.03304014
152255,0,0.03304014
152256,0,0.03304014
152257,0,0.03304014
152258,0,0.03304014
152259,0,0.03304014
152260,0,0.03304014
152261,0,0.03304014
152262,0,0.03304014
152263,0,0.03304014
152264,0,0.03304014
152265,0,0.03304014
152266,0,0.03304014
152267,0,0.03304014
152268,0,0.03304014
152269,0,0.03304014
152270,0,0.03304014
152271,0,0.03304014
152272,0,0.03304014
152273,0,0.03304014
152274,0,0.03304014
152275,0,0.03304014
152276,0,0.03304014
152277,0,0.03304014
152278,0,0.03304014
152279,0,0.03304014
152280,0,0.03304014
152281,0,0.03304014
152282,0,0.03304014
152283,0,0.03304014
152284,0,0.03304014
152285,0,0.03304014
152286,0,0.03304014
152287,0,0.03304014
152288,0,0.03304014
152289,0,0.03304014
152290,0,0.03304014
152291,0,0.03304014
152292,0,0.03304014
152293,0,0.03304014
152294,0,0.03304014
152295,0,0.03304014
152296,0,0.03304014
152297,0,0.03304014
152298,0,0.03304014
152299,0,0.03304014
152300,0,0.03304014
152301,0,0.03304014
152302,0,0.03304014
152303,0,0.03304014
152304,0,0.03304014
152305,0,0.03304014
152306,0,0.03304014
152307,0,0.03304014
152308,0,0.03304014
152309,0,0.03304014
152310,0,0.03304014
152311,0,0.03304014
152312,0,0.03304014
152313,0,0.03304014
152314,0,0.03304014
152315,0,0.03304014
152316,0,0.03304014
152317,0,0.03304014
152318,0,0.03304014
152319,0,0.03304014
152320,0,0.03304014
152321,0,0.03304014
152322,0,0.03304014
152323,0,0.03304014
152324,0,0.03304014
152325,0,0.03304014
152326,0,0.03304014
152327,0,0.03304014
152328,0,0.03304014
152329,0,0.03304014
152330,0,0.03304014
152331,0,0.03304014
152332,0,0.03304014
152333,0,0.03304014
152334,0,0.03304014
152335,0,0.03304014
152336,0,0.03304014
152337,0,0.03304014
152338,0,0.03304014
152339,0,0.03304014
152340,0,0.03304014
152341,0,0.03304014
152342,0,0.03304014
152343,0,0.03304014
152344,0,0.03304014
152345,0,0.03304014
152346,0,0.03304014
152347,0,0.03304014
152348,0,0.03304014
152349,0,0.03304014
152350,0,0.03304014
152351,0,0.03304014
152352,0,0.03304014
152353,0,0.03304014
152354,0,0.03304014
152355,0,0.03304014
152356,0,0.03304014
152357,0,0.03304014
152358,0,0.03304014
152359,0,0.03304014
152360,0,0.03304014
152361,0,0.03304014
152362,0,0.03304014
152363,0,0.03304014
152364,0,0.03304014
152365,0,0.03304014
152366,0,0.03304014
152367,0,0.03304014
152368,0,0.03304014
152369,0,0.03304014
152370,0,0.03304014
152371,0,0.03304014
152372,0,0.03304014
152373,0,0.03304014
152374,0,0.03304014
152375,0,0.03304014
152376,0,0.03304014
152377,0,0.03304014
152378,0,0.03304014
152379,0,0.03304014
152380,0,0.03304014
152381,0,0.03304014
152382,0,0.03304014
152383,0,0.03304014
152384,0,0.03304014
152385,0,0.03304014
152386,0,0.03304014
152387,0,0.03304014
152388,0,0.03304014
152389,0,0.03304014
152390,0,0.03304014
152391,0,0.03304014
152392,0,0.03304014
152393,0,0.03304014
152394,0,0.03304014
152395,0,0.03304014
152396,0,0.03304014
152397,0,0.03304014
152398,0,0.03304014
152399,0,0.03304014
152400,0,0.03304014
152401,0,0.03304014
152402,0,0.03304014
152403,0,0.03304014
152404,0,0.03304014
152405,0,0.03304014
152406,0,0.03304014
152407,0,0.03304014
152408,0,0.03304014
152409,0,0.03304014
152410,0,0.03304014
152411,0,0.03304014
152412,0,0.03304014
152413,0,0.03304014
152414,0,0.03304014
152415,0,0.03304014
152416,0,0.03304014
152417,0,0.03304014
152418,0,0.03304014
152419,0,0.03304014
152420,0,0.03304014
152421,0,0.03304014
152422,0,0.03304014
152423,0,0.03304014
152424,0,0.03304014
152425,0,0.03304014
152426,0,0.03304014
152427,0,0.03304014
152428,0,0.03304014
152429,0,0.03304014
152430,0,0.03304014
152431,0,0.03304014
152432,0,0.03304014
152433,0,0.03304014
152434,0,0.03304014
152435,0,0.03304014
152436,0,0.03304014
152437,0,0.03304014
152438,0,0.03304014
152439,0,0.03304014
152440,0,0.03304014
152441,0,0.03304014
152442,0,0.03304014
152443,0,0.03304014
152444,0,0.03304014
152445,0,0.03304014
152446,0,0.03304014
152447,0,0.03304014
152448,0,0.03304014
152449,0,0.03304014
152450,0,0.03304014
152451,0,0.03304014
152452,0,0.03304014
152453,0,0.03304014
152454,0,0.03304014
152455,0,0.03304014
152456,0,0.03304014
152457,0,0.03304014
152458,0,0.03304014
152459,0,0.03304014
152460,0,0.03304014
152461,0,0.03304014
152462,0,0.033040255
152463,0,0.033040233
152464,0,0.033040244
152465,0,0.03304024
152466,0,0.033040214
152467,0,0.03304021
152468,0,0.033040214
152469,0,0.033040237
152470,0,0.033040352
152471,0,0.033040255
152472,0,0.03304014
152473,0,0.03304014
152474,0,0.03304014
152475,0,0.03304014
152476,0,0.03304014
152477,0,0.03304014
152478,0,0.033040144
152479,0,0.03304014
152480,0,0.03304014
152481,0,0.03304014
152482,0,0.03304014
152483,0,0.03304014
152484,0,0.03304014
152485,0,0.03304014
152486,0,0.03304014
152487,0,0.03304014
152488,0,0.03304014
152489,0,0.03304014
152490,0,0.03304014
152491,0,0.03304014
152492,0,0.03304014
152493,0,0.03304014
152494,0,0.03304014
152495,0,0.03304014
152496,0,0.03304014
152497,0,0.03304014
152498,0,0.03304014
152499,0,0.03304014
152500,0,0.03304014
152501,0,0.03304014
152502,0,0.033040144
152503,0,0.03304014
152504,0,0.033040144
152505,0,0.03304014
152506,0,0.03304014
152507,0,0.03304014
152508,0,0.03304014
152509,0,0.03304014
152510,0,0.03304014
152511,0,0.03304014
152512,0,0.03304014
152513,0,0.03304014
152514,0,0.03304014
152515,0,0.03304014
152516,0,0.03304014
152517,0,0.03304014
152518,0,0.03304014
152519,0,0.03304014
152520,0,0.03304014
152521,0,0.03304014
152522,0,0.03304014
152523,0,0.03304014
152524,0,0.03304014
152525,0,0.03304014
152526,0,0.03304014
152527,0,0.03304014
152528,0,0.03304014
152529,0,0.03304014
152530,0,0.03304014
152531,0,0.03304014
152532,0,0.03304014
152533,0,0.03304014
152534,0,0.03304014
152535,0,0.03304014
152536,0,0.03304014
152537,0,0.03304014
152538,0,0.03304014
152539,0,0.03304014
152540,0,0.03304014
152541,0,0.03304014
152542,0,0.03304014
152543,0,0.03304014
152544,0,0.03304014
152545,0,0.03304014
152546,0,0.03304014
152547,0,0.03304014
152548,0,0.03304014
152549,0,0.03304014
152550,0,0.03304014
152551,0,0.03304014
152552,0,0.03304014
152553,0,0.03304014
152554,0,0.03304014
152555,0,0.03304014
152556,0,0.03304014
152557,0,0.03304014
152558,0,0.03304014
152559,0,0.03304014
152560,0,0.03304014
152561,0,0.03304014
152562,0,0.03304014
152563,0,0.03304014
152564,0,0.03304014
152565,0,0.03304014
152566,0,0.03304014
152567,0,0.03304014
152568,0,0.03304014
152569,0,0.03304014
152570,0,0.03304014
152571,0,0.03304014
152572,0,0.03304014
152573,0,0.03304014
152574,0,0.03304014
152575,0,0.03304014
152576,0,0.03304014
152577,0,0.03304014
152578,0,0.03304014
152579,0,0.03304014
152580,0,0.03304014
152581,0,0.03304014
152582,0,0.03304014
152583,0,0.03304014
152584,0,0.03304014
152585,0,0.03304014
152586,0,0.03304014
152587,0,0.03304014
152588,0,0.03304014
152589,0,0.03304014
152590,0,0.03304014
152591,0,0.033040155
152592,0,0.03304015
152593,0,0.03304015
152594,0,0.03304015
152595,0,0.033040155
152596,0,0.033040144
152597,0,0.033040144
152598,0,0.033040144
152599,0,0.033040144
152600,0,0.033040144
152601,0,0.033040144
152602,0,0.03304014
152603,0,0.03304014
152604,0,0.03304014
152605,0,0.03304014
152606,0,0.03304014
152607,0,0.033040155
152608,0,0.03304015
152609,0,0.03304014
152610,0,0.03304014
152611,0,0.03304014
152612,0,0.03304014
152613,0,0.03304014
152614,0,0.03304014
152615,0,0.03304014
152616,0,0.03304014
152617,0,0.03304014
152618,0,0.03304014
152619,0,0.03304014
152620,0,0.03304014
152621,0,0.03304014
152622,0,0.03304014
152623,0,0.03304014
152624,0,0.03304014
152625,0,0.03304014
152626,0,0.03304014
152627,0,0.03304014
152628,0,0.03304014
152629,0,0.03304014
152630,0,0.03304014
152631,0,0.03304014
152632,0,0.03304014
152633,0,0.03304014
152634,0,0.03304014
152635,0,0.03304014
152636,0,0.03304014
152637,0,0.03304014
152638,0,0.03304014
152639,0,0.03304014
152640,0,0.03304014
152641,0,0.03304014
152642,0,0.03304014
152643,0,0.03304014
152644,0,0.03304014
152645,0,0.03304014
152646,0,0.03304014
152647,0,0.03304014
152648,0,0.03304014
152649,0,0.03304014
152650,0,0.03304014
152651,0,0.03304014
152652,0,0.03304014
152653,0,0.03304014
152654,0,0.03304014
152655,0,0.03304014
152656,0,0.03304014
152657,0,0.033040144
152658,0,0.033040144
152659,0,0.033040144
152660,0,0.033040144
152661,0,0.033040144
152662,0,0.03304014
152663,0,0.03304014
152664,0,0.033040144
152665,0,0.03304014
152666,0,0.03304014
152667,0,0.03304014
152668,0,0.03304014
152669,0,0.03304014
152670,0,0.03304014
152671,0,0.03304014
152672,0,0.03304014
152673,0,0.03304014
152674,0,0.03304014
152675,0,0.03304014
152676,0,0.03304014
152677,0,0.03304014
152678,0,0.03304014
152679,0,0.03304014
152680,0,0.03304014
152681,0,0.03304014
152682,0,0.03304014
152683,0,0.03304014
152684,0,0.03304014
152685,0,0.03304015
152686,0,0.03304015
152687,0,0.03304015
152688,0,0.033040147
152689,0,0.033040147
152690,0,0.03304015
152691,0,0.03304015
152692,0,0.033040147
152693,0,0.03304015
152694,0,0.03304014
152695,0,0.03304014
152696,0,0.03304014
152697,0,0.03304014
152698,0,0.03304014
152699,0,0.03304014
152700,0,0.03304014
152701,0,0.03304014
152702,0,0.03304014
152703,0,0.03304014
152704,0,0.03304014
152705,0,0.03304014
152706,0,0.03304014
152707,0,0.033040144
152708,0,0.03304014
152709,0,0.03304014
152710,0,0.03304014
152711,0,0.03304017
152712,0,0.03304014
152713,0,0.03304014
152714,0,0.03304014
152715,0,0.03304014
152716,0,0.03304014
152717,0,0.03304014
152718,0,0.03304014
152719,0,0.03304014
152720,0,0.03304014
152721,0,0.03304014
152722,0,0.03304014
152723,0,0.03304014
152724,0,0.03304014
152725,0,0.03304014
152726,0,0.03304014
152727,0,0.03304014
152728,0,0.03304014
152729,0,0.03304014
152730,0,0.03304014
152731,0,0.03304014
152732,0,0.03304014
152733,0,0.03304014
152734,0,0.03304014
152735,0,0.03304014
152736,0,0.03304014
152737,0,0.03304014
152738,0,0.03304014
152739,0,0.033040166
152740,0,0.03304016
152741,0,0.03304016
152742,0,0.03304014
152743,0,0.03304014
152744,0,0.03304014
152745,0,0.03304014
152746,0,0.03304014
152747,0,0.03304014
152748,0,0.03304014
152749,0,0.03304016
152750,0,0.03304014
152751,0,0.03304014
152752,0,0.03304014
152753,0,0.03304016
152754,0,0.03304014
152755,0,0.03304014
152756,0,0.033040144
152757,0,0.03304014
152758,0,0.03304014
152759,0,0.03304014
152760,0,0.03304014
152761,0,0.03304014
152762,0,0.03304014
152763,0,0.03304014
152764,0,0.03304014
152765,0,0.033040144
152766,0,0.033040166
152767,0,0.033040144
152768,0,0.033040147
152769,0,0.03304014
152770,0,0.033040147
152771,0,0.033040147
152772,0,0.033040144
152773,0,0.03304014
152774,0,0.033040144
152775,0,0.033040147
152776,0,0.033040147
152777,0,0.033040147
152778,0,0.033040147
152779,0,0.033040144
152780,0,0.03304016
152781,0,0.033040155
152782,0,0.033040155
152783,0,0.033040155
152784,0,0.033040155
152785,0,0.03304016
152786,0,0.03304015
152787,0,0.033040155
152788,0,0.033040155
152789,0,0.03304014
152790,0,0.03304014
152791,0,0.03304014
152792,0,0.03304014
152793,0,0.03304014
152794,0,0.03304014
152795,0,0.03304014
152796,0,0.03304014
152797,0,0.03304014
152798,0,0.03304014
152799,0,0.03304014
152800,0,0.03304014
152801,0,0.03304014
152802,0,0.03304014
152803,0,0.03304014
152804,0,0.03304014
152805,0,0.03304014
152806,0,0.03304014
152807,0,0.03304014
152808,0,0.03304014
152809,0,0.03304014
152810,0,0.03304014
152811,0,0.03304014
152812,0,0.03304014
152813,0,0.03304014
152814,0,0.03304014
152815,0,0.03304014
152816,0,0.03304014
152817,0,0.03304014
152818,0,0.03304014
152819,0,0.03304014
152820,0,0.03304014
152821,0,0.03304014
152822,0,0.03304014
152823,0,0.03304014
152824,0,0.03304014
152825,0,0.03304014
152826,0,0.03304014
152827,0,0.03304014
152828,0,0.03304014
152829,0,0.03304014
152830,0,0.03304014
152831,0,0.03304014
152832,0,0.03304014
152833,0,0.03304014
152834,0,0.03304014
152835,0,0.03304014
152836,0,0.03304014
152837,0,0.03304014
152838,0,0.03304014
152839,0,0.03304014
152840,0,0.03304014
152841,0,0.03304014
152842,0,0.03304014
152843,0,0.03304014
152844,0,0.03304014
152845,0,0.03304014
152846,0,0.03304014
152847,0,0.03304014
152848,0,0.03304014
152849,0,0.03304014
152850,0,0.03304014
152851,0,0.03304014
152852,0,0.03304014
152853,0,0.03304014
152854,0,0.03304014
152855,0,0.03304014
152856,0,0.03304014
152857,0,0.03304014
152858,0,0.03304014
152859,0,0.03304014
152860,0,0.03304014
152861,0,0.03304014
152862,0,0.03304014
152863,0,0.03304014
152864,0,0.03304014
152865,0,0.03304014
152866,0,0.03304014
152867,0,0.03304014
152868,0,0.03304014
152869,0,0.03304014
152870,0,0.033040144
152871,0,0.033040144
152872,0,0.033040144
152873,0,0.033040144
152874,0,0.033040144
152875,0,0.033040144
152876,0,0.03304014
152877,0,0.03304014
152878,0,0.03304014
152879,0,0.03304014
152880,0,0.03304014
152881,0,0.03304014
152882,0,0.03304014
152883,0,0.03304014
152884,0,0.03304014
152885,0,0.03304014
152886,0,0.03304014
152887,0,0.03304014
152888,0,0.03304014
152889,0,0.03304014
152890,0,0.03304014
152891,0,0.03304014
152892,0,0.03304014
152893,0,0.03304014
152894,0,0.03304014
152895,0,0.03304014
152896,0,0.03304014
152897,0,0.03304014
152898,0,0.03304014
152899,0,0.03304014
152900,0,0.03304014
152901,0,0.03304014
152902,0,0.03304014
152903,0,0.03304014
152904,0,0.03304014
152905,0,0.03304014
152906,0,0.03304014
152907,0,0.03304014
152908,0,0.033040144
152909,0,0.033040144
152910,0,0.03304014
152911,0,0.03304014
152912,0,0.03304014
152913,0,0.033040144
152914,0,0.033040144
152915,0,0.033040147
152916,0,0.033040144
152917,0,0.033040144
152918,0,0.03304014
152919,0,0.03304014
152920,0,0.03304014
152921,0,0.03304014
152922,0,0.03304014
152923,0,0.03304014
152924,0,0.03304014
152925,0,0.03304014
152926,0,0.03304014
152927,0,0.03304014
152928,0,0.03304014
152929,0,0.03304014
152930,0,0.03304014
152931,0,0.03304014
152932,0,0.03304014
152933,0,0.03304014
152934,0,0.03304014
152935,0,0.03304014
152936,0,0.03304014
152937,0,0.03304014
152938,0,0.03304014
152939,0,0.03304014
152940,0,0.03304014
152941,0,0.03304014
152942,0,0.03304014
152943,0,0.03304014
152944,0,0.03304014
152945,0,0.03304014
152946,0,0.03304014
152947,0,0.03304014
152948,0,0.03304014
152949,0,0.03304014
152950,0,0.03304014
152951,0,0.03304014
152952,0,0.03304014
152953,0,0.03304014
152954,0,0.03304014
152955,0,0.03304014
152956,0,0.03304014
152957,0,0.03304014
152958,0,0.03304014
152959,0,0.03304014
152960,0,0.03304014
152961,0,0.03304014
152962,0,0.03304014
152963,0,0.03304014
152964,0,0.03304014
152965,0,0.03304014
152966,0,0.03304014
152967,0,0.03304014
152968,0,0.03304014
152969,0,0.03304014
152970,0,0.03304014
152971,0,0.03304014
152972,0,0.03304014
152973,0,0.03304014
152974,0,0.03304014
152975,0,0.03304014
152976,0,0.03304014
152977,0,0.03304014
152978,0,0.03304014
152979,0,0.03304014
152980,0,0.03304014
152981,0,0.03304014
152982,0,0.03304014
152983,0,0.03304014
152984,0,0.03304014
152985,0,0.03304014
152986,0,0.03304014
152987,0,0.03304014
152988,0,0.03304014
152989,0,0.03304014
152990,0,0.03304014
152991,0,0.03304014
152992,0,0.03304014
152993,0,0.03304014
152994,0,0.03304014
152995,0,0.03304014
152996,0,0.03304014
152997,0,0.033040263
152998,0,0.03304014
152999,0,0.03304014
153000,0,0.03304014
153001,0,0.03304014
153002,0,0.03304014
153003,0,0.03304014
153004,0,0.03304014
153005,0,0.03304014
153006,0,0.03304014
153007,0,0.03304014
153008,0,0.03304014
153009,0,0.03304014
153010,0,0.03304014
153011,0,0.03304014
153012,0,0.03304014
153013,0,0.03304014
153014,0,0.03304014
153015,0,0.03304014
153016,0,0.03304014
153017,0,0.03304014
153018,0,0.03304014
153019,0,0.03304014
153020,0,0.03304014
153021,0,0.03304014
153022,0,0.03304014
153023,0,0.03304014
153024,0,0.03304014
153025,0,0.03304014
153026,0,0.03304014
153027,0,0.03304014
153028,0,0.03304014
153029,0,0.03304014
153030,0,0.03304014
153031,0,0.03304014
153032,0,0.03304014
153033,0,0.03304014
153034,0,0.03304014
153035,0,0.03304014
153036,0,0.03304014
153037,0,0.03304014
153038,0,0.03304014
153039,0,0.03304014
153040,0,0.03304014
153041,0,0.03304014
153042,0,0.03304014
153043,0,0.03304014
153044,0,0.03304014
153045,0,0.03304014
153046,0,0.03304014
153047,0,0.03304014
153048,0,0.03304014
153049,0,0.03304014
153050,0,0.03304014
153051,0,0.03304014
153052,0,0.03304014
153053,0,0.03304014
153054,0,0.03304014
153055,0,0.03304014
153056,0,0.03304014
153057,0,0.03304014
153058,0,0.03304014
153059,0,0.03304014
153060,0,0.03304014
153061,0,0.03304014
153062,0,0.03304014
153063,0,0.03304014
153064,0,0.03304014
153065,0,0.03304014
153066,0,0.03304014
153067,0,0.03304014
153068,0,0.03304014
153069,0,0.03304014
153070,0,0.03304014
153071,0,0.03304014
153072,0,0.03304014
153073,0,0.03304014
153074,0,0.03304014
153075,0,0.03304014
153076,0,0.03304014
153077,0,0.03304014
153078,0,0.03304014
153079,0,0.03304014
153080,0,0.03304014
153081,0,0.03304014
153082,0,0.03304014
153083,0,0.03304014
153084,0,0.03304014
153085,0,0.03304014
153086,0,0.03304014
153087,0,0.03304014
153088,0,0.03304014
153089,0,0.03304014
153090,0,0.03304014
153091,0,0.03304014
153092,0,0.03304014
153093,0,0.03304014
153094,0,0.03304014
153095,0,0.03304014
153096,0,0.03304014
153097,0,0.03304014
153098,0,0.03304014
153099,0,0.03304014
153100,0,0.03304014
153101,0,0.03304014
153102,0,0.03304014
153103,0,0.03304014
153104,0,0.03304014
153105,0,0.03304014
153106,0,0.03304014
153107,0,0.03304014
153108,0,0.03304014
153109,0,0.03304014
153110,0,0.03304014
153111,0,0.03304014
153112,0,0.03304014
153113,0,0.03304014
153114,0,0.03304014
153115,0,0.03304014
153116,0,0.03304014
153117,0,0.03304014
153118,0,0.03304014
153119,0,0.03304014
153120,0,0.03304014
153121,0,0.03304014
153122,0,0.03304014
153123,0,0.03304014
153124,0,0.03304014
153125,0,0.03304014
153126,0,0.03304014
153127,0,0.03304014
153128,0,0.03304014
153129,0,0.03304014
153130,0,0.03304014
153131,0,0.03304014
153132,0,0.03304014
153133,0,0.03304014
153134,0,0.03304014
153135,0,0.03304014
153136,0,0.03304014
153137,0,0.03304014
153138,0,0.03304014
153139,0,0.03304014
153140,0,0.03304014
153141,0,0.03304014
153142,0,0.03304014
153143,0,0.03304014
153144,0,0.03304014
153145,0,0.03304014
153146,0,0.03304014
153147,0,0.03304014
153148,0,0.03304014
153149,0,0.03304014
153150,0,0.03304014
153151,0,0.03304014
153152,0,0.03304014
153153,0,0.03304014
153154,0,0.03304014
153155,0,0.03304014
153156,0,0.03304014
153157,0,0.03304014
153158,0,0.03304014
153159,0,0.03304014
153160,0,0.03304014
153161,0,0.03304014
153162,0,0.03304014
153163,0,0.03304014
153164,0,0.03304014
153165,0,0.03304014
153166,0,0.03304014
153167,0,0.03304014
153168,0,0.03304014
153169,0,0.03304014
153170,0,0.03304014
153171,0,0.03304014
153172,0,0.03304014
153173,0,0.03304014
153174,0,0.03304014
153175,0,0.03304014
153176,0,0.03304014
153177,0,0.03304014
153178,0,0.03304014
153179,0,0.03304014
153180,0,0.03304014
153181,0,0.03304014
153182,0,0.03304014
153183,0,0.03304014
153184,0,0.03304014
153185,0,0.03304014
153186,0,0.03304014
153187,0,0.03304014
153188,0,0.03304014
153189,0,0.03304014
153190,0,0.03304014
153191,0,0.03304014
153192,0,0.03304014
153193,0,0.03304014
153194,0,0.03304014
153195,0,0.03304014
153196,0,0.03304014
153197,0,0.03304014
153198,0,0.03304014
153199,0,0.03304014
153200,0,0.03304014
153201,0,0.03304014
153202,0,0.03304014
153203,0,0.03304014
153204,0,0.03304014
153205,0,0.03304014
153206,0,0.03304014
153207,0,0.03304014
153208,0,0.03304014
153209,0,0.03304014
153210,0,0.03304014
153211,0,0.03304014
153212,0,0.03304014
153213,0,0.03304014
153214,0,0.03304014
153215,0,0.03304014
153216,0,0.03304014
153217,0,0.03304014
153218,0,0.03304014
153219,0,0.03304014
153220,0,0.03304014
153221,0,0.03304014
153222,0,0.03304014
153223,0,0.03304014
153224,0,0.03304014
153225,0,0.03304014
153226,0,0.03304014
153227,0,0.03304014
153228,0,0.03304014
153229,0,0.03304014
153230,0,0.03304014
153231,0,0.03304014
153232,0,0.03304014
153233,0,0.03304014
153234,0,0.03304014
153235,0,0.03304014
153236,0,0.03304014
153237,0,0.03304014
153238,0,0.03304014
153239,0,0.03304014
153240,0,0.03304014
153241,0,0.03304014
153242,0,0.03304014
153243,0,0.03304014
153244,0,0.03304014
153245,0,0.03304014
153246,0,0.03304014
153247,0,0.03304014
153248,0,0.03304014
153249,0,0.03304014
153250,0,0.03304014
153251,0,0.03304014
153252,0,0.03304014
153253,0,0.03304014
153254,0,0.03304014
153255,0,0.03304014
153256,0,0.03304014
153257,0,0.03304014
153258,0,0.03304014
153259,0,0.03304014
153260,0,0.03304014
153261,0,0.03304014
153262,0,0.03304014
153263,0,0.03304014
153264,0,0.03304014
153265,0,0.03304014
153266,0,0.03304014
153267,0,0.03304014
153268,0,0.03304014
153269,0,0.03304014
153270,0,0.03304014
153271,0,0.03304014
153272,0,0.03304014
153273,0,0.03304014
153274,0,0.03304014
153275,0,0.03304014
153276,0,0.03304014
153277,0,0.03304014
153278,0,0.03304014
153279,0,0.03304014
153280,0,0.03304014
153281,0,0.03304014
153282,0,0.03304014
153283,0,0.03304014
153284,0,0.03304014
153285,0,0.03304014
153286,0,0.03304014
153287,0,0.03304014
153288,0,0.03304014
153289,0,0.03304014
153290,0,0.03304014
153291,0,0.03304014
153292,0,0.03304014
153293,0,0.03304014
153294,0,0.03304014
153295,0,0.03304014
153296,0,0.03304014
153297,0,0.03304014
153298,0,0.03304014
153299,0,0.03304014
153300,0,0.03304014
153301,0,0.03304014
153302,0,0.03304014
153303,0,0.03304014
153304,0,0.03304014
153305,0,0.03304014
153306,0,0.03304014
153307,0,0.03304014
153308,0,0.03304014
153309,0,0.03304014
153310,0,0.03304014
153311,0,0.03304014
153312,0,0.03304014
153313,0,0.03304014
153314,0,0.03304014
153315,0,0.03304014
153316,0,0.03304014
153317,0,0.03304014
153318,0,0.03304014
153319,0,0.03304014
153320,0,0.03304014
153321,0,0.03304014
153322,0,0.03304014
153323,0,0.03304014
153324,0,0.03304014
153325,0,0.03304014
153326,0,0.03304014
153327,0,0.03304014
153328,0,0.03304014
153329,0,0.03304014
153330,0,0.03304014
153331,0,0.03304014
153332,0,0.03304014
153333,0,0.03304014
153334,0,0.03304014
153335,0,0.03304014
153336,0,0.03304014
153337,0,0.03304014
153338,0,0.03304014
153339,0,0.03304014
153340,0,0.03304014
153341,0,0.03304014
153342,0,0.03304014
153343,0,0.03304014
153344,0,0.03304014
153345,0,0.03304014
153346,0,0.03304014
153347,0,0.03304014
153348,0,0.03304014
153349,0,0.03304014
153350,0,0.03304014
153351,0,0.03304014
153352,0,0.03304014
153353,0,0.03304014
153354,0,0.03304014
153355,0,0.03304014
153356,0,0.03304014
153357,0,0.03304014
153358,0,0.03304014
153359,0,0.03304014
153360,0,0.03304014
153361,0,0.17624566
153362,0,0.17624566
153363,0,0.17624566
153364,0,0.17624566
153365,0,0.17624566
153366,0,0.17624566
153367,0,0.17624566
153368,0,0.17624566
153369,0,0.17624566
153370,0,0.17624566
153371,0,0.17624566
153372,0,0.17624566
153373,0,0.17624566
153374,0,0.17624566
153375,0,0.17624566
153376,0,0.17624566
153377,0,0.17624566
153378,0,0.17624566
153379,0,0.17624566
153380,0,0.17624566
153381,0,0.17624566
153382,0,0.17624566
153383,0,0.17624566
153384,0,0.17624566
153385,0,0.17624566
153386,0,0.17624566
153387,0,0.17624566
153388,0,0.17624566
153389,0,0.17624566
153390,0,0.17624566
153391,0,0.17624566
153392,0,0.17624566
153393,0,0.17624566
153394,0,0.17624566
153395,0,0.17624566
153396,0,0.17624566
153397,0,0.17624566
153398,0,0.17624566
153399,0,0.17624566
153400,0,0.17624566
153401,0,0.17624566
153402,0,0.17624566
153403,0,0.17624566
153404,0,0.17624566
153405,0,0.17624566
153406,0,0.17624566
153407,0,0.17624566
153408,0,0.17624566
153409,0,0.17624566
153410,0,0.17624566
153411,0,0.17624566
153412,0,0.17624566
153413,0,0.17624566
153414,0,0.17624566
153415,0,0.17624566
153416,0,0.17624566
153417,0,0.17624566
153418,0,0.17624566
153419,0,0.17624566
153420,0,0.17624566
153421,0,0.17624566
153422,0,0.17624566
153423,0,0.17624566
153424,0,0.17624566
153425,0,0.17624566
153426,0,0.17624566
153427,0,0.17624566
153428,0,0.17624566
153429,0,0.17624566
153430,0,0.17624566
153431,0,0.17624566
153432,0,0.17624566
153433,0,0.17624566
153434,0,0.17624566
153435,0,0.17624566
153436,0,0.17624566
153437,0,0.17624566
153438,0,0.17624566
153439,0,0.17624566
153440,0,0.17624566
153441,0,0.17624566
153442,0,0.17624566
153443,0,0.17624566
153444,0,0.17624566
153445,0,0.17624566
153446,0,0.17624566
153447,0,0.17624566
153448,0,0.17624566
153449,0,0.17624566
153450,0,0.17624566
153451,0,0.17624566
153452,0,0.17624566
153453,0,0.17624566
153454,0,0.17624566
153455,0,0.17624566
153456,0,0.17624566
153457,0,0.17624566
153458,0,0.17624566
153459,0,0.17624566
153460,0,0.17624566
153461,0,0.17624566
153462,0,0.17624566
153463,0,0.17624566
153464,0,0.17624566
153465,0,0.17624566
153466,0,0.17624566
153467,0,0.17624566
153468,0,0.17624566
153469,0,0.17624566
153470,0,0.17624566
153471,0,0.17624566
153472,0,0.17624566
153473,0,0.17624566
153474,0,0.17624566
153475,0,0.17624566
153476,0,0.17624566
153477,0,0.17624566
153478,0,0.17624566
153479,0,0.17624566
153480,0,0.17624566
153481,0,0.17624566
153482,0,0.17624566
153483,0,0.17624566
153484,0,0.17624566
153485,0,0.17624566
153486,0,0.17624566
153487,0,0.17624566
153488,0,0.17624566
153489,0,0.17624566
153490,0,0.17624566
153491,0,0.17624566
153492,0,0.17624566
153493,0,0.17624566
153494,0,0.17624566
153495,0,0.17624566
153496,0,0.17624566
153497,0,0.17624566
153498,0,0.17624566
153499,0,0.17624566
153500,0,0.17624566
153501,0,0.17624566
153502,0,0.17624566
153503,0,0.17624566
153504,0,0.17624566
153505,0,0.17624566
153506,0,0.17624566
153507,0,0.17624566
153508,0,0.17624566
153509,0,0.17624566
153510,0,0.17624566
153511,0,0.17624566
153512,0,0.17624566
153513,0,0.17624566
153514,0,0.17624566
153515,0,0.17624566
153516,0,0.17624566
153517,0,0.17624566
153518,0,0.17624566
153519,0,0.17624566
153520,0,0.17624566
153521,0,0.17624566
153522,0,0.17624566
153523,0,0.17624566
153524,0,0.17624566
153525,0,0.17624566
153526,0,0.17624566
153527,0,0.17624566
153528,0,0.17624566
153529,0,0.17624566
153530,0,0.17624566
153531,0,0.17624566
153532,0,0.17624566
153533,0,0.17624566
153534,0,0.17624566
153535,0,0.17624566
153536,0,0.17624566
153537,0,0.17624566
153538,0,0.17624566
153539,0,0.17624566
153540,0,0.17624566
153541,0,0.17624566
153542,0,0.17624566
153543,0,0.17624566
153544,0,0.17624566
153545,0,0.17624566
153546,0,0.17624566
153547,0,0.17624566
153548,0,0.17624566
153549,0,0.17624566
153550,0,0.17624566
153551,0,0.17624566
153552,0,0.17624566
153553,0,0.17624566
153554,0,0.17624566
153555,0,0.17624566
153556,0,0.17624566
153557,0,0.17624566
153558,0,0.17624566
153559,0,0.17624566
153560,0,0.17624566
153561,0,0.17624566
153562,0,0.17624566
153563,0,0.17624566
153564,0,0.17624566
153565,0,0.17624566
153566,0,0.17624566
153567,0,0.17624566
153568,0,0.17624566
153569,0,0.17624566
153570,0,0.17624566
153571,0,0.17624566
153572,0,0.17624566
153573,0,0.17624566
153574,0,0.17624566
153575,0,0.17624566
153576,0,0.17624566
153577,0,0.17624566
153578,0,0.17624566
153579,0,0.17624566
153580,0,0.17624566
153581,0,0.17624566
153582,0,0.17624566
153583,0,0.17624566
153584,0,0.17624566
153585,0,0.17624566
153586,0,0.17624566
153587,0,0.17624566
153588,0,0.17624566
153589,0,0.17624566
153590,0,0.17624566
153591,0,0.17624566
153592,0,0.17624566
153593,0,0.17624566
153594,0,0.17624566
153595,0,0.17624566
153596,0,0.17624566
153597,0,0.17624566
153598,0,0.17624566
153599,0,0.17624566
153600,0,0.17624566
153601,0,0.17624566
153602,0,0.17624566
153603,0,0.17624566
153604,0,0.17624566
153605,0,0.17624566
153606,0,0.17624566
153607,0,0.17624566
153608,0,0.17624566
153609,0,0.17624566
153610,0,0.17624566
153611,0,0.17624566
153612,0,0.17624566
153613,0,0.17624566
153614,0,0.17624566
153615,0,0.17624566
153616,0,0.17624566
153617,0,0.17624566
153618,0,0.17624566
153619,0,0.17624566
153620,0,0.17624566
153621,0,0.17624566
153622,0,0.17624566
153623,0,0.17624566
153624,0,0.17624566
153625,0,0.17624566
153626,0,0.17624566
153627,0,0.17624566
153628,0,0.17624566
153629,0,0.17624566
153630,0,0.17624566
153631,0,0.17624566
153632,0,0.17624566
153633,0,0.17624566
153634,0,0.17624566
153635,0,0.17624566
153636,0,0.17624566
153637,0,0.17624566
153638,0,0.17624566
153639,0,0.17624566
153640,0,0.17624566
153641,0,0.17624566
153642,0,0.17624566
153643,0,0.17624566
153644,0,0.17624566
153645,0,0.17624566
153646,0,0.17624566
153647,0,0.17624566
153648,0,0.17624566
153649,0,0.17624566
153650,0,0.17624566
153651,0,0.17624566
153652,0,0.17624566
153653,0,0.17624566
153654,0,0.17624566
153655,0,0.17624566
153656,0,0.17624566
153657,0,0.17624566
153658,0,0.17624566
153659,0,0.17624566
153660,0,0.17624566
153661,0,0.17624566
153662,0,0.17624566
153663,0,0.17624566
153664,0,0.17624566
153665,0,0.17624566
153666,0,0.17624566
153667,0,0.17624566
153668,0,0.17624566
153669,0,0.17624566
153670,0,0.17624566
153671,0,0.17624566
153672,0,0.17624566
153673,0,0.17624566
153674,0,0.17624566
153675,0,0.17624566
153676,0,0.17624566
153677,0,0.17624566
153678,0,0.17624566
153679,0,0.17624566
153680,0,0.17624566
153681,0,0.17624566
153682,0,0.17624566
153683,0,0.17624566
153684,0,0.17624566
153685,0,0.17624566
153686,0,0.17624566
153687,0,0.17624566
153688,0,0.17624566
153689,0,0.17624566
153690,0,0.17624566
153691,0,0.17624566
153692,0,0.17624566
153693,0,0.17624566
153694,0,0.17624566
153695,0,0.17624566
153696,0,0.17624566
153697,0,0.17624566
153698,0,0.17624566
153699,0,0.17624566
153700,0,0.17624566
153701,0,0.17624566
153702,0,0.17624566
153703,0,0.17624566
153704,0,0.17624566
153705,0,0.17624566
153706,0,0.17624566
153707,0,0.17624566
153708,0,0.17624566
153709,0,0.17624566
153710,0,0.17624566
153711,0,0.17624566
153712,0,0.17624566
153713,0,0.17624566
153714,0,0.17624566
153715,0,0.17624566
153716,0,0.17624566
153717,0,0.17624566
153718,0,0.17624566
153719,0,0.17624566
153720,0,0.17624566
153721,0,0.17624566
153722,0,0.17624566
153723,0,0.17624566
153724,0,0.17624566
153725,0,0.17624566
153726,0,0.17624566
153727,0,0.17624566
153728,0,0.17624566
153729,0,0.17624566
153730,0,0.17624566
153731,0,0.17624566
153732,0,0.17624566
153733,0,0.17624566
153734,0,0.17624566
153735,0,0.17624566
153736,0,0.17624566
153737,0,0.17624566
153738,0,0.17624566
153739,0,0.17624566
153740,0,0.17624566
153741,0,0.17624566
153742,0,0.17624566
153743,0,0.17624566
153744,0,0.17624566
153745,0,0.17624566
153746,0,0.17624566
153747,0,0.17624566
153748,0,0.17624566
153749,0,0.17624566
153750,0,0.17624566
153751,0,0.17624566
153752,0,0.17624566
153753,0,0.17624566
153754,0,0.17624566
153755,0,0.17624566
153756,0,0.17624566
153757,0,0.17624566
153758,0,0.17624566
153759,0,0.17624566
153760,0,0.17624566
153761,0,0.17624566
153762,0,0.17624566
153763,0,0.17624566
153764,0,0.17624566
153765,0,0.17624566
153766,0,0.17624566
153767,0,0.17624566
153768,0,0.17624566
153769,0,0.17624566
153770,0,0.17624566
153771,0,0.17624566
153772,0,0.17624566
153773,0,0.17624566
153774,0,0.17624566
153775,0,0.17624566
153776,0,0.17624566
153777,0,0.17624566
153778,0,0.17624566
153779,0,0.17624566
153780,0,0.17624566
153781,0,0.17624566
153782,0,0.17624566
153783,0,0.17624566
153784,0,0.17624566
153785,0,0.17624566
153786,0,0.17624566
153787,0,0.17624566
153788,0,0.17624566
153789,0,0.17624566
153790,0,0.17624566
153791,0,0.17624566
153792,0,0.17624566
153793,0,0.17624566
153794,0,0.17624566
153795,0,0.17624566
153796,0,0.17624566
153797,0,0.17624566
153798,0,0.17624566
153799,0,0.17624566
153800,0,0.17624566
153801,0,0.17624566
153802,0,0.17624566
153803,0,0.17624566
153804,0,0.17624566
153805,0,0.17624566
153806,0,0.17624566
153807,0,0.17624566
153808,0,0.17624566
153809,0,0.17624566
153810,0,0.17624566
153811,0,0.17624566
153812,0,0.17624566
153813,0,0.17624566
153814,0,0.17624566
153815,0,0.17624566
153816,0,0.17624566
153817,0,0.17624566
153818,0,0.17624566
153819,0,0.17624566
153820,0,0.17624566
153821,0,0.17624566
153822,0,0.17624566
153823,0,0.17624566
153824,0,0.17624566
153825,0,0.17624566
153826,0,0.17624566
153827,0,0.17624566
153828,0,0.17624566
153829,0,0.17624566
153830,0,0.17624566
153831,0,0.17624566
153832,0,0.17624566
153833,0,0.17624566
153834,0,0.17624566
153835,0,0.17624566
153836,0,0.17624566
153837,0,0.17624566
153838,0,0.17624566
153839,0,0.17624566
153840,0,0.17624566
153841,0,0.17624566
153842,0,0.17624566
153843,0,0.17624566
153844,0,0.17624566
153845,0,0.17624566
153846,0,0.17624566
153847,0,0.17624566
153848,0,0.17624566
153849,0,0.17624566
153850,0,0.17624566
153851,0,0.17624566
153852,0,0.17624566
153853,0,0.17624566
153854,0,0.17624566
153855,0,0.17624566
153856,0,0.17624566
153857,0,0.17624566
153858,0,0.17624566
153859,0,0.17624566
153860,0,0.17624566
153861,0,0.17624566
153862,0,0.17624566
153863,0,0.17624566
153864,0,0.17624566
153865,0,0.17624566
153866,0,0.17624566
153867,0,0.17624566
153868,0,0.17624566
153869,0,0.17624566
153870,0,0.17624566
153871,0,0.17624566
153872,0,0.17624566
153873,0,0.17624566
153874,0,0.17624566
153875,0,0.17624566
153876,0,0.17624566
153877,0,0.17624566
153878,0,0.17624566
153879,0,0.17624566
153880,0,0.17624566
153881,0,0.17624566
153882,0,0.17624566
153883,0,0.17624566
153884,0,0.17624566
153885,0,0.17624566
153886,0,0.17624566
153887,0,0.17624566
153888,0,0.17624566
153889,0,0.17624566
153890,0,0.17624566
153891,0,0.17624566
153892,0,0.17624566
153893,0,0.17624566
153894,0,0.17624566
153895,0,0.17624566
153896,0,0.17624566
153897,0,0.17624566
153898,0,0.17624566
153899,0,0.17624566
153900,0,0.17624566
153901,0,0.17624566
153902,0,0.17624566
153903,0,0.17624566
153904,0,0.17624566
153905,0,0.17624566
153906,0,0.17624566
153907,0,0.17624566
153908,0,0.17624566
153909,0,0.17624566
153910,0,0.17624566
153911,0,0.17624566
153912,0,0.17624566
153913,0,0.17624566
153914,0,0.17624566
153915,0,0.17624566
153916,0,0.17624566
153917,0,0.17624566
153918,0,0.17624566
153919,0,0.17624566
153920,0,0.17624566
153921,0,0.17624566
153922,0,0.17624566
153923,0,0.17624566
153924,0,0.17624566
153925,0,0.17624566
153926,0,0.17624566
153927,0,0.17624566
153928,0,0.17624566
153929,0,0.17624566
153930,0,0.17624566
153931,0,0.17624566
153932,0,0.17624566
153933,0,0.17624566
153934,0,0.17624566
153935,0,0.17624566
153936,0,0.17624566
153937,0,0.17624566
153938,0,0.17624566
153939,0,0.17624566
153940,0,0.17624566
153941,0,0.17624566
153942,0,0.17624566
153943,0,0.17624566
153944,0,0.17624566
153945,0,0.17624566
153946,0,0.17624566
153947,0,0.17624566
153948,0,0.17624566
153949,0,0.17624566
153950,0,0.17624566
153951,0,0.17624566
153952,0,0.17624566
153953,0,0.17624566
153954,0,0.17624566
153955,0,0.17624566
153956,0,0.17624566
153957,0,0.17624566
153958,0,0.17624566
153959,0,0.17624566
153960,0,0.17624566
153961,0,0.17624566
153962,0,0.17624566
153963,0,0.17624566
153964,0,0.17624566
153965,0,0.17624566
153966,0,0.17624566
153967,0,0.17624566
153968,0,0.17624566
153969,0,0.17624566
153970,0,0.17624566
153971,0,0.17624566
153972,0,0.17624566
153973,0,0.17624566
153974,0,0.17624566
153975,0,0.17624566
153976,0,0.17624566
153977,0,0.17624566
153978,0,0.17624566
153979,0,0.17624566
153980,0,0.17624566
153981,0,0.17624566
153982,0,0.17624566
153983,0,0.17624566
153984,0,0.17624566
153985,0,0.17624566
153986,0,0.17624566
153987,0,0.17624566
153988,0,0.17624566
153989,0,0.17624566
153990,0,0.17624566
153991,0,0.17624566
153992,0,0.17624566
153993,0,0.17624566
153994,0,0.17624566
153995,0,0.17624566
153996,0,0.17624566
153997,0,0.17624566
153998,0,0.17624566
153999,0,0.17624566
154000,0,0.17624566
154001,0,0.17624566
154002,0,0.17624566
154003,0,0.17624566
154004,0,0.17624566
154005,0,0.17624566
154006,0,0.17624566
154007,0,0.17624566
154008,0,0.17624566
154009,0,0.17624566
154010,0,0.17624566
154011,0,0.17624566
154012,0,0.17624566
154013,0,0.17624566
154014,0,0.17624566
154015,0,0.17624566
154016,0,0.17624566
154017,0,0.17624566
154018,0,0.17624566
154019,0,0.17624566
154020,0,0.17624566
154021,0,0.17624566
154022,0,0.17624566
154023,0,0.17624566
154024,0,0.17624566
154025,0,0.17624566
154026,0,0.17624566
154027,0,0.17624566
154028,0,0.17624566
154029,0,0.17624566
154030,0,0.17624566
154031,0,0.17624566
154032,0,0.17624566
154033,0,0.17624566
154034,0,0.17624566
154035,0,0.17624566
154036,0,0.17624566
154037,0,0.17624566
154038,0,0.17624566
154039,0,0.17624566
154040,0,0.17624566
154041,0,0.17624566
154042,0,0.17624566
154043,0,0.17624566
154044,0,0.17624566
154045,0,0.17624566
154046,0,0.17624566
154047,0,0.17624566
154048,0,0.17624566
154049,0,0.17624566
154050,0,0.17624566
154051,0,0.17624566
154052,0,0.17624566
154053,0,0.17624566
154054,0,0.17624566
154055,0,0.17624566
154056,0,0.17624566
154057,0,0.17624566
154058,0,0.17624566
154059,0,0.17624566
154060,0,0.17624566
154061,0,0.17624566
154062,0,0.17624566
154063,0,0.17624566
154064,0,0.17624566
154065,0,0.17624566
154066,0,0.17624566
154067,0,0.17624566
154068,0,0.17624566
154069,0,0.17624566
154070,0,0.17624566
154071,0,0.17624566
154072,0,0.17624566
154073,0,0.17624566
154074,0,0.17624566
154075,0,0.17624566
154076,0,0.17624566
154077,0,0.17624566
154078,0,0.17624566
154079,0,0.17624566
154080,0,0.17624566
154081,0,0.17624566
154082,0,0.17624566
154083,0,0.17624566
154084,0,0.17624566
154085,0,0.17624566
154086,0,0.17624566
154087,0,0.17624566
154088,0,0.17624566
154089,0,0.17624566
154090,0,0.17624566
154091,0,0.17624566
154092,0,0.17624566
154093,0,0.17624566
154094,0,0.17624566
154095,0,0.17624566
154096,0,0.17624566
154097,0,0.17624566
154098,0,0.17624566
154099,0,0.17624566
154100,0,0.17624566
154101,0,0.17624566
154102,0,0.17624566
154103,0,0.17624566
154104,0,0.17624566
154105,0,0.17624566
154106,0,0.17624566
154107,0,0.17624566
154108,0,0.17624566
154109,0,0.17624566
154110,0,0.17624566
154111,0,0.17624566
154112,0,0.17624566
154113,0,0.17624566
154114,0,0.17624566
154115,0,0.17624566
154116,0,0.17624566
154117,0,0.17624566
154118,0,0.17624566
154119,0,0.17624566
154120,0,0.17624566
154121,0,0.17624566
154122,0,0.17624566
154123,0,0.17624566
154124,0,0.17624566
154125,0,0.17624566
154126,0,0.17624566
154127,0,0.17624566
154128,0,0.17624566
154129,0,0.17624566
154130,0,0.17624566
154131,0,0.17624566
154132,0,0.17624566
154133,0,0.17624566
154134,0,0.17624566
154135,0,0.17624566
154136,0,0.17624566
154137,0,0.17624566
154138,0,0.17624566
154139,0,0.17624566
154140,0,0.17624566
154141,0,0.17624566
154142,0,0.17624566
154143,0,0.17624566
154144,0,0.17624566
154145,0,0.17624566
154146,0,0.17624566
154147,0,0.17624566
154148,0,0.17624566
154149,0,0.17624566
154150,0,0.17624566
154151,0,0.17624566
154152,0,0.17624566
154153,0,0.17624566
154154,0,0.17624566
154155,0,0.17624566
154156,0,0.17624566
154157,0,0.17624566
154158,0,0.17624566
154159,0,0.17624566
154160,0,0.17624566
154161,0,0.17624566
154162,0,0.17624566
154163,0,0.17624566
154164,0,0.17624566
154165,0,0.17624566
154166,0,0.17624566
154167,0,0.17624566
154168,0,0.17624566
154169,0,0.17624566
154170,0,0.17624566
154171,0,0.17624566
154172,0,0.17624566
154173,0,0.17624566
154174,0,0.17624566
154175,0,0.17624566
154176,0,0.17624566
154177,0,0.17624566
154178,0,0.17624566
154179,0,0.17624566
154180,0,0.17624566
154181,0,0.17624566
154182,0,0.17624566
154183,0,0.17624566
154184,0,0.17624566
154185,0,0.17624566
154186,0,0.17624566
154187,0,0.17624566
154188,0,0.17624566
154189,0,0.17624566
154190,0,0.17624566
154191,0,0.17624566
154192,0,0.17624566
154193,0,0.17624566
154194,0,0.17624566
154195,0,0.17624566
154196,0,0.17624566
154197,0,0.17624566
154198,0,0.17624566
154199,0,0.17624566
154200,0,0.17624566
154201,0,0.17624566
154202,0,0.17624566
154203,0,0.17624566
154204,0,0.17624566
154205,0,0.17624566
154206,0,0.17624566
154207,0,0.17624566
154208,0,0.17624566
154209,0,0.17624566
154210,0,0.17624566
154211,0,0.17624566
154212,0,0.17624566
154213,0,0.17624566
154214,0,0.17624566
154215,0,0.17624566
154216,0,0.17624566
154217,0,0.17624566
154218,0,0.17624566
154219,0,0.17624566
154220,0,0.17624566
154221,0,0.17624566
154222,0,0.17624566
154223,0,0.17624566
154224,0,0.17624566
154225,0,0.17624566
154226,0,0.17624566
154227,0,0.17624566
154228,0,0.17624566
154229,0,0.17624566
154230,0,0.17624566
154231,0,0.17624566
154232,0,0.17624566
154233,0,0.17624566
154234,0,0.17624566
154235,0,0.17624566
154236,0,0.17624566
154237,0,0.17624566
154238,0,0.17624566
154239,0,0.17624566
154240,0,0.17624566
154241,0,0.17624566
154242,0,0.17624566
154243,0,0.17624566
154244,0,0.17624566
154245,0,0.17624566
154246,0,0.17624566
154247,0,0.17624566
154248,0,0.17624566
154249,0,0.17624566
154250,0,0.17624566
154251,0,0.17624566
154252,0,0.17624566
154253,0,0.17624566
154254,0,0.17624566
154255,0,0.17624566
154256,0,0.17624566
154257,0,0.17624566
154258,0,0.17624566
154259,0,0.17624566
154260,0,0.17624566
154261,0,0.17624566
154262,0,0.17624566
154263,0,0.17624566
154264,0,0.17624566
154265,0,0.17624566
154266,0,0.17624566
154267,0,0.17624566
154268,0,0.17624566
154269,0,0.17624566
154270,0,0.17624566
154271,0,0.17624566
154272,0,0.17624566
154273,0,0.17624566
154274,0,0.17624566
154275,0,0.17624566
154276,0,0.17624566
154277,0,0.17624566
154278,0,0.17624566
154279,0,0.17624566
154280,0,0.17624566
154281,0,0.17624566
154282,0,0.17624566
154283,0,0.17624566
154284,0,0.17624566
154285,0,0.17624566
154286,0,0.17624566
154287,0,0.17624566
154288,0,0.17624566
154289,0,0.17624566
154290,0,0.17624566
154291,0,0.17624566
154292,0,0.17624566
154293,0,0.17624566
154294,0,0.17624566
154295,0,0.17624566
154296,0,0.17624566
154297,0,0.17624566
154298,0,0.17624566
154299,0,0.17624566
154300,0,0.17624566
154301,0,0.17624566
154302,0,0.17624566
154303,0,0.17624566
154304,0,0.17624566
154305,0,0.17624566
154306,0,0.17624566
154307,0,0.17624566
154308,0,0.17624566
154309,0,0.17624566
154310,0,0.17624566
154311,0,0.17624566
154312,0,0.17624566
154313,0,0.17624566
154314,0,0.17624566
154315,0,0.17624566
154316,0,0.17624566
154317,0,0.17624566
154318,0,0.17624566
154319,0,0.17624566
154320,0,0.17624566
154321,0,0.17624566
154322,0,0.17624566
154323,0,0.17624566
154324,0,0.17624566
154325,0,0.17624566
154326,0,0.17624566
154327,0,0.17624566
154328,0,0.17624566
154329,0,0.17624566
154330,0,0.17624566
154331,0,0.17624566
154332,0,0.17624566
154333,0,0.17624566
154334,0,0.17624566
154335,0,0.17624566
154336,0,0.17624566
154337,0,0.17624566
154338,0,0.17624566
154339,0,0.17624566
154340,0,0.17624566
154341,0,0.17624566
154342,0,0.17624566
154343,0,0.17624566
154344,0,0.17624566
154345,0,0.17624566
154346,0,0.17624566
154347,0,0.17624566
154348,0,0.17624566
154349,0,0.17624566
154350,0,0.17624566
154351,0,0.17624566
154352,0,0.17624566
154353,0,0.17624566
154354,0,0.17624566
154355,0,0.17624566
154356,0,0.17624566
154357,0,0.17624566
154358,0,0.17624566
154359,0,0.17624566
154360,0,0.17624566
154361,0,0.17624566
154362,0,0.17624566
154363,0,0.17624566
154364,0,0.17624566
154365,0,0.17624566
154366,0,0.17624566
154367,0,0.17624566
154368,0,0.17624566
154369,0,0.17624566
154370,0,0.17624566
154371,0,0.17624566
154372,0,0.17624566
154373,0,0.17624566
154374,0,0.17624566
154375,0,0.17624566
154376,0,0.17624566
154377,0,0.17624566
154378,0,0.17624566
154379,0,0.17624566
154380,0,0.17624566
154381,0,0.17624566
154382,0,0.17624566
154383,0,0.17624566
154384,0,0.17624566
154385,0,0.17624566
154386,0,0.17624566
154387,0,0.17624566
154388,0,0.17624566
154389,0,0.17624566
154390,0,0.17624566
154391,0,0.17624566
154392,0,0.17624566
154393,0,0.17624566
154394,0,0.17624566
154395,0,0.17624566
154396,0,0.17624566
154397,0,0.17624566
154398,0,0.17624566
154399,0,0.17624566
154400,0,0.17624566
154401,0,0.17624566
154402,0,0.17624566
154403,0,0.17624566
154404,0,0.17624566
154405,0,0.17624566
154406,0,0.17624566
154407,0,0.17624566
154408,0,0.17624566
154409,0,0.17624566
154410,0,0.17624566
154411,0,0.17624566
154412,0,0.17624566
154413,0,0.17624566
154414,0,0.17624566
154415,0,0.17624566
154416,0,0.17624566
154417,0,0.17624566
154418,0,0.17624566
154419,0,0.17624566
154420,0,0.17624566
154421,0,0.17624566
154422,0,0.17624566
154423,0,0.17624566
154424,0,0.17624566
154425,0,0.17624566
154426,0,0.17624566
154427,0,0.17624566
154428,0,0.17624566
154429,0,0.17624566
154430,0,0.17624566
154431,0,0.17624566
154432,0,0.17624566
154433,0,0.17624566
154434,0,0.17624566
154435,0,0.17624566
154436,0,0.17624566
154437,0,0.17624566
154438,0,0.17624566
154439,0,0.17624566
154440,0,0.17624566
154441,0,0.17624566
154442,0,0.17624566
154443,0,0.17624566
154444,0,0.17624566
154445,0,0.17624566
154446,0,0.17624566
154447,0,0.17624566
154448,0,0.17624566
154449,0,0.17624566
154450,0,0.17624566
154451,0,0.17624566
154452,0,0.17624566
154453,0,0.17624566
154454,0,0.17624566
154455,0,0.17624566
154456,0,0.17624566
154457,0,0.17624566
154458,0,0.17624566
154459,0,0.17624566
154460,0,0.17624566
154461,0,0.17624566
154462,0,0.17624566
154463,0,0.17624566
154464,0,0.17624566
154465,0,0.17624566
154466,0,0.17624566
154467,0,0.17624566
154468,0,0.17624566
154469,0,0.17624566
154470,0,0.17624566
154471,0,0.17624566
154472,0,0.17624566
154473,0,0.17624566
154474,0,0.17624566
154475,0,0.17624566
154476,0,0.17624566
154477,0,0.17624566
154478,0,0.17624566
154479,0,0.17624566
154480,0,0.17624566
154481,0,0.17624566
154482,0,0.17624566
154483,0,0.17624566
154484,0,0.17624566
154485,0,0.17624566
154486,0,0.17624566
154487,0,0.17624566
154488,0,0.17624566
154489,0,0.17624566
154490,0,0.17624566
154491,0,0.17624566
154492,0,0.17624566
154493,0,0.17624566
154494,0,0.17624566
154495,0,0.17624566
154496,0,0.17624566
154497,0,0.17624566
154498,0,0.17624566
154499,0,0.17624566
154500,0,0.17624566
154501,0,0.17624566
154502,0,0.17624566
154503,0,0.17624566
154504,0,0.17624566
154505,0,0.17624566
154506,0,0.17624566
154507,0,0.17624566
154508,0,0.17624566
154509,0,0.17624566
154510,0,0.17624566
154511,0,0.17624566
154512,0,0.17624566
154513,0,0.17624566
154514,0,0.17624566
154515,0,0.17624566
154516,0,0.17624566
154517,0,0.17624566
154518,0,0.17624566
154519,0,0.17624566
154520,0,0.17624566
154521,0,0.17624566
154522,0,0.17624566
154523,0,0.17624566
154524,0,0.17624566
154525,0,0.17624566
154526,0,0.17624566
154527,0,0.17624566
154528,0,0.17624566
154529,0,0.17624566
154530,0,0.17624566
154531,0,0.17624566
154532,0,0.17624566
154533,0,0.17624566
154534,0,0.17624566
154535,0,0.17624566
154536,0,0.17624566
154537,0,0.17624566
154538,0,0.17624566
154539,0,0.17624566
154540,0,0.17624566
154541,0,0.17624566
154542,0,0.17624566
154543,0,0.17624566
154544,0,0.17624566
154545,0,0.17624566
154546,0,0.17624566
154547,0,0.17624566
154548,0,0.17624566
154549,0,0.17624566
154550,0,0.17624566
154551,0,0.17624566
154552,0,0.17624566
154553,0,0.17624566
154554,0,0.17624566
154555,0,0.17624566
154556,0,0.17624566
154557,0,0.17624566
154558,0,0.17624566
154559,0,0.17624566
154560,0,0.17624566
154561,0,0.17624566
154562,0,0.17624566
154563,0,0.17624566
154564,0,0.17624566
154565,0,0.17624566
154566,0,0.17624566
154567,0,0.17624566
154568,0,0.17624566
154569,0,0.17624566
154570,0,0.17624566
154571,0,0.17624566
154572,0,0.17624566
154573,0,0.17624566
154574,0,0.17624566
154575,0,0.17624566
154576,0,0.17624566
154577,0,0.17624566
154578,0,0.17624566
154579,0,0.17624566
154580,0,0.17624566
154581,0,0.17624566
154582,0,0.17624566
154583,0,0.17624566
154584,0,0.17624566
154585,0,0.17624566
154586,0,0.17624566
154587,0,0.17624566
154588,0,0.17624566
154589,0,0.17624566
154590,0,0.17624566
154591,0,0.17624566
154592,0,0.17624566
154593,0,0.17624566
154594,0,0.17624566
154595,0,0.17624566
154596,0,0.17624566
154597,0,0.17624566
154598,0,0.17624566
154599,0,0.17624566
154600,0,0.17624566
154601,0,0.17624566
154602,0,0.17624566
154603,0,0.17624566
154604,0,0.17624566
154605,0,0.17624566
154606,0,0.17624566
154607,0,0.17624566
154608,0,0.17624566
154609,0,0.17624566
154610,0,0.17624566
154611,0,0.17624566
154612,0,0.17624566
154613,0,0.17624566
154614,0,0.17624566
154615,0,0.17624566
154616,0,0.17624566
154617,0,0.17624566
154618,0,0.17624566
154619,0,0.17624566
154620,0,0.17624566
154621,0,0.17624566
154622,0,0.17624566
154623,0,0.17624566
154624,0,0.17624566
154625,0,0.17624566
154626,0,0.17624566
154627,0,0.17624566
154628,0,0.17624566
154629,0,0.17624566
154630,0,0.17624566
154631,0,0.17624566
154632,0,0.17624566
154633,0,0.17624566
154634,0,0.17624566
154635,0,0.17624566
154636,0,0.17624566
154637,0,0.17624566
154638,0,0.17624566
154639,0,0.17624566
154640,0,0.17624566
154641,0,0.17624566
154642,0,0.17624566
154643,0,0.17624566
154644,0,0.17624566
154645,0,0.17624566
154646,0,0.17624566
154647,0,0.17624566
154648,0,0.17624566
154649,0,0.17624566
154650,0,0.17624566
154651,0,0.17624566
154652,0,0.17624566
154653,0,0.17624566
154654,0,0.17624566
154655,0,0.17624566
154656,0,0.17624566
154657,0,0.17624566
154658,0,0.17624566
154659,0,0.17624566
154660,0,0.17624566
154661,0,0.17624566
154662,0,0.17624566
154663,0,0.17624566
154664,0,0.17624566
154665,0,0.17624566
154666,0,0.17624566
154667,0,0.17624566
154668,0,0.17624566
154669,0,0.17624566
154670,0,0.17624566
154671,0,0.17624566
154672,0,0.17624566
154673,0,0.17624566
154674,0,0.17624566
154675,0,0.17624566
154676,0,0.17624566
154677,0,0.17624566
154678,0,0.17624566
154679,0,0.17624566
154680,0,0.17624566
154681,0,0.17624566
154682,0,0.17624566
154683,0,0.17624566
154684,0,0.17624566
154685,0,0.17624566
154686,0,0.17624566
154687,0,0.17624566
154688,0,0.17624566
154689,0,0.17624566
154690,0,0.17624566
154691,0,0.17624566
154692,0,0.17624566
154693,0,0.17624566
154694,0,0.17624566
154695,0,0.17624566
154696,0,0.17624566
154697,0,0.17624566
154698,0,0.17624566
154699,0,0.17624566
154700,0,0.17624566
154701,0,0.17624566
154702,0,0.17624566
154703,0,0.17624566
154704,0,0.17624566
154705,0,0.17624566
154706,0,0.17624566
154707,0,0.17624566
154708,0,0.17624566
154709,0,0.17624566
154710,0,0.17624566
154711,0,0.17624566
154712,0,0.17624566
154713,0,0.17624566
154714,0,0.17624566
154715,0,0.17624566
154716,0,0.17624566
154717,0,0.17624566
154718,0,0.17624566
154719,0,0.17624566
154720,0,0.17624566
154721,0,0.17624566
154722,0,0.17624566
154723,0,0.17624566
154724,0,0.17624566
154725,0,0.17624566
154726,0,0.17624566
154727,0,0.17624566
154728,0,0.17624566
154729,0,0.17624566
154730,0,0.17624566
154731,0,0.17624566
154732,0,0.17624566
154733,0,0.17624566
154734,0,0.17624566
154735,0,0.17624566
154736,0,0.17624566
154737,0,0.17624566
154738,0,0.17624566
154739,0,0.17624566
154740,0,0.17624566
154741,0,0.17624566
154742,0,0.17624566
154743,0,0.17624566
154744,0,0.17624566
154745,0,0.17624566
154746,0,0.17624566
154747,0,0.17624566
154748,0,0.17624566
154749,0,0.17624566
154750,0,0.17624566
154751,0,0.17624566
154752,0,0.17624566
154753,0,0.17624566
154754,0,0.17624566
154755,0,0.17624566
154756,0,0.17624566
154757,0,0.17624566
154758,0,0.17624566
154759,0,0.17624566
154760,0,0.17624566
154761,0,0.17624566
154762,0,0.17624566
154763,0,0.17624566
154764,0,0.17624566
154765,0,0.17624566
154766,0,0.17624566
154767,0,0.17624566
154768,0,0.17624566
154769,0,0.17624566
154770,0,0.17624566
154771,0,0.17624566
154772,0,0.17624566
154773,0,0.17624566
154774,0,0.17624566
154775,0,0.17624566
154776,0,0.17624566
154777,0,0.17624566
154778,0,0.17624566
154779,0,0.17624566
154780,0,0.17624566
154781,0,0.17624566
154782,0,0.17624566
154783,0,0.17624566
154784,0,0.17624566
154785,0,0.17624566
154786,0,0.17624566
154787,0,0.17624566
154788,0,0.17624566
154789,0,0.17624566
154790,0,0.17624566
154791,0,0.17624566
154792,0,0.17624566
154793,0,0.17624566
154794,0,0.17624566
154795,0,0.17624566
154796,0,0.17624566
154797,0,0.17624566
154798,0,0.17624566
154799,0,0.17624566
154800,0,0.17624566
154801,0,0.17624566
154802,0,0.17624566
154803,0,0.17624566
154804,0,0.17624566
154805,0,0.17624566
154806,0,0.17624566
154807,0,0.17624566
154808,0,0.17624566
154809,0,0.17624566
154810,0,0.17624566
154811,0,0.17624566
154812,0,0.17624566
154813,0,0.17624566
154814,0,0.17624566
154815,0,0.17624566
154816,0,0.17624566
154817,0,0.17624566
154818,0,0.17624566
154819,0,0.17624566
154820,0,0.17624566
154821,0,0.17624566
154822,0,0.17624566
154823,0,0.17624566
154824,0,0.17624566
154825,0,0.17624566
154826,0,0.17624566
154827,0,0.17624566
154828,0,0.17624566
154829,0,0.17624566
154830,0,0.17624566
154831,0,0.17624566
154832,0,0.17624566
154833,0,0.17624566
154834,0,0.17624566
154835,0,0.17624566
154836,0,0.17624566
154837,0,0.17624566
154838,0,0.17624566
154839,0,0.17624566
154840,0,0.17624566
154841,0,0.17624566
154842,0,0.17624566
154843,0,0.17624566
154844,0,0.17624566
154845,0,0.17624566
154846,0,0.17624566
154847,0,0.17624566
154848,0,0.17624566
154849,0,0.17624566
154850,0,0.17624566
154851,0,0.17624566
154852,0,0.17624566
154853,0,0.17624566
154854,0,0.17624566
154855,0,0.17624566
154856,0,0.17624566
154857,0,0.17624566
154858,0,0.17624566
154859,0,0.17624566
154860,0,0.17624566
154861,0,0.17624566
154862,0,0.03304054
154863,0,0.033040654
154864,0,0.033040654
154865,0,0.033040658
154866,0,0.03304065
154867,0,0.03304065
154868,0,0.03304067
154869,0,0.03304067
154870,0,0.03304067
154871,0,0.03304067
154872,0,0.033040203
154873,0,0.03304026
154874,0,0.03304021
154875,0,0.03304034
154876,0,0.033040304
154877,0,0.033040304
154878,0,0.033040166
154879,0,0.033040177
154880,0,0.033040177
154881,0,0.03304015
154882,0,0.03304015
154883,0,0.033040144
154884,0,0.033040144
154885,0,0.033040144
154886,0,0.03304014
154887,0,0.03304014
154888,0,0.03304014
154889,0,0.03304014
154890,0,0.03304014
154891,0,0.03304014
154892,0,0.03304014
154893,0,0.03304014
154894,0,0.03304014
154895,0,0.03304014
154896,0,0.03304014
154897,0,0.03304014
154898,0,0.03304014
154899,0,0.03304014
154900,0,0.03304014
154901,0,0.03304014
154902,0,0.03304014
154903,0,0.03304014
154904,0,0.03304014
154905,0,0.03304014
154906,0,0.03304014
154907,0,0.03304014
154908,0,0.03304014
154909,0,0.03304014
154910,0,0.03304014
154911,0,0.03304014
154912,0,0.03304014
154913,0,0.03304014
154914,0,0.03304014
154915,0,0.03304014
154916,0,0.03304014
154917,0,0.03304014
154918,0,0.03304014
154919,0,0.03304014
154920,0,0.03304014
154921,0,0.03304014
154922,0,0.03304014
154923,0,0.03304014
154924,0,0.03304014
154925,0,0.03304014
154926,0,0.03304014
154927,0,0.03304014
154928,0,0.03304014
154929,0,0.03304014
154930,0,0.03304014
154931,0,0.03304014
154932,0,0.03304014
154933,0,0.03304014
154934,0,0.03304014
154935,0,0.03304014
154936,0,0.033040613
154937,0,0.033040613
154938,0,0.033040617
154939,0,0.03304068
154940,0,0.03304066
154941,0,0.033040654
154942,0,0.03304067
154943,0,0.03304067
154944,0,0.033040673
154945,0,0.033040673
154946,0,0.03304025
154947,0,0.03304025
154948,0,0.03304018
154949,0,0.03304018
154950,0,0.03304018
154951,0,0.03304018
154952,0,0.033040166
154953,0,0.033040177
154954,0,0.033040155
154955,0,0.033040155
154956,0,0.033040155
154957,0,0.03304014
154958,0,0.03304014
154959,0,0.03304014
154960,0,0.03304014
154961,0,0.03304014
154962,0,0.03304014
154963,0,0.0330402
154964,0,0.0330402
154965,0,0.0330402
154966,0,0.0330402
154967,0,0.033040203
154968,0,0.033040207
154969,0,0.033040207
154970,0,0.03304021
154971,0,0.03304021
154972,0,0.03304021
154973,0,0.03304014
154974,0,0.03304014
154975,0,0.03304014
154976,0,0.03304014
154977,0,0.03304014
154978,0,0.03304014
154979,0,0.03304014
154980,0,0.03304014
154981,0,0.03304014
154982,0,0.03304014
154983,0,0.03304014
154984,0,0.03304014
154985,0,0.03304014
154986,0,0.03304015
154987,0,0.03304015
154988,0,0.03304015
154989,0,0.033040147
154990,0,0.03304014
154991,0,0.03304014
154992,0,0.03304015
154993,0,0.03304015
154994,0,0.03304015
154995,0,0.03304015
154996,0,0.03304015
154997,0,0.03304015
154998,0,0.03304015
154999,0,0.033040144
155000,0,0.03304014
155001,0,0.03304014
155002,0,0.03304014
155003,0,0.03304014
155004,0,0.03304014
155005,0,0.03304014
155006,0,0.03304014
155007,0,0.03304014
155008,0,0.03304014
155009,0,0.03304014
155010,0,0.03304014
155011,0,0.03304015
155012,0,0.03304015
155013,0,0.03304015
155014,0,0.03304015
155015,0,0.033041008
155016,0,0.03304101
155017,0,0.033041015
155018,0,0.03304136
155019,0,0.03304143
155020,0,0.033041164
155021,0,0.033041164
155022,0,0.033041146
155023,0,0.03304088
155024,0,0.17583743
155025,0,0.17583743
155026,0,0.17583743
155027,0,0.17583743
155028,0,0.17583743
155029,0,0.17583743
155030,0,0.17583743
155031,0,0.17583743
155032,0,0.17583743
155033,0,0.17583743
155034,0,0.17583743
155035,0,0.033041347
155036,0,0.03304104
155037,0,0.033040714
155038,0,0.03304071
155039,0,0.033040706
155040,0,0.033040706
155041,0,0.033040702
155042,0,0.033040266
155043,0,0.033040266
155044,0,0.033040185
155045,0,0.033040173
155046,0,0.033040144
155047,0,0.033040144
155048,0,0.033040144
155049,0,0.033040155
155050,0,0.03304017
155051,0,0.03304017
155052,0,0.033040166
155053,0,0.03304017
155054,0,0.033040147
155055,0,0.033040147
155056,0,0.033040147
155057,0,0.033040147
155058,0,0.03304014
155059,0,0.03304014
155060,0,0.03304014
155061,0,0.03304014
155062,0,0.03304014
155063,0,0.03304014
155064,0,0.03304014
155065,0,0.03304014
155066,0,0.03304014
155067,0,0.03304014
155068,0,0.03304014
155069,0,0.03304014
155070,0,0.03304014
155071,0,0.03304014
155072,0,0.03304014
155073,0,0.03304014
155074,0,0.03304014
155075,0,0.03304014
155076,0,0.03304014
155077,0,0.03304014
155078,0,0.03304014
155079,0,0.03304014
155080,0,0.03304014
155081,0,0.03304014
155082,0,0.03304014
155083,0,0.03304014
155084,0,0.03304014
155085,0,0.03304014
155086,0,0.03304014
155087,0,0.03304014
155088,0,0.03304014
155089,0,0.03304014
155090,0,0.03304014
155091,0,0.03304014
155092,0,0.03304014
155093,0,0.03304014
155094,0,0.03304014
155095,0,0.03304014
155096,0,0.03304014
155097,0,0.03304014
155098,0,0.03304014
155099,0,0.03304014
155100,0,0.03304014
155101,0,0.03304014
155102,0,0.03304015
155103,0,0.033040147
155104,0,0.033040147
155105,0,0.033040147
155106,0,0.033040147
155107,0,0.033040147
155108,0,0.03304016
155109,0,0.03304016
155110,0,0.03304016
155111,0,0.033040177
155112,0,0.033040155
155113,0,0.033040155
155114,0,0.033040155
155115,0,0.033040155
155116,0,0.033040155
155117,0,0.033040155
155118,0,0.033040155
155119,0,0.033040155
155120,0,0.03304014
155121,0,0.03304014
155122,0,0.03304014
155123,0,0.03304014
155124,0,0.03304014
155125,0,0.03304014
155126,0,0.03304014
155127,0,0.03304014
155128,0,0.03304014
155129,0,0.03304014
155130,0,0.03304014
155131,0,0.03304014
155132,0,0.03304014
155133,0,0.03304014
155134,0,0.03304014
155135,0,0.03304014
155136,0,0.03304014
155137,0,0.03304014
155138,0,0.03304014
155139,0,0.03304014
155140,0,0.03304014
155141,0,0.03304014
155142,0,0.03304014
155143,0,0.03304014
155144,0,0.03304014
155145,0,0.03304014
155146,0,0.03304014
155147,0,0.03304014
155148,0,0.03304014
155149,0,0.03304014
155150,0,0.03304014
155151,0,0.03304014
155152,0,0.03304014
155153,0,0.03304014
155154,0,0.03304014
155155,0,0.03304014
155156,0,0.03304014
155157,0,0.03304014
155158,0,0.03304014
155159,0,0.03304014
155160,0,0.03304014
155161,0,0.033040155
155162,0,0.033040255
155163,0,0.033040203
155164,0,0.033040244
155165,0,0.033040144
155166,0,0.033040177
155167,0,0.033040177
155168,0,0.033040177
155169,0,0.033040177
155170,0,0.033040177
155171,0,0.033040177
155172,0,0.033040177
155173,0,0.033040177
155174,0,0.03304014
155175,0,0.03304014
155176,0,0.03304014
155177,0,0.03304014
155178,0,0.03304014
155179,0,0.03304014
155180,0,0.03304014
155181,0,0.03304014
155182,0,0.03304014
155183,0,0.03304014
155184,0,0.03304014
155185,0,0.03304014
155186,0,0.03304014
155187,0,0.03304014
155188,0,0.03304014
155189,0,0.03304014
155190,0,0.03304014
155191,0,0.03304014
155192,0,0.03304014
155193,0,0.03304014
155194,0,0.03304014
155195,0,0.03304014
155196,0,0.03304014
155197,0,0.033040144
155198,0,0.03304014
155199,0,0.03304014
155200,0,0.03304014
155201,0,0.03304014
155202,0,0.03304014
155203,0,0.03304014
155204,0,0.03304014
155205,0,0.03304014
155206,0,0.03304014
155207,0,0.03304014
155208,0,0.03304014
155209,0,0.03304014
155210,0,0.03304014
155211,0,0.03304014
155212,0,0.03304014
155213,0,0.03304014
155214,0,0.03304014
155215,0,0.03304014
155216,0,0.03304014
155217,0,0.03304014
155218,0,0.03304014
155219,0,0.03304014
155220,0,0.03304014
155221,0,0.03304014
155222,0,0.03304014
155223,0,0.03304014
155224,0,0.03304014
155225,0,0.03304014
155226,0,0.03304014
155227,0,0.033040144
155228,0,0.033040144
155229,0,0.033040144
155230,0,0.033040144
155231,0,0.033040144
155232,0,0.033040144
155233,0,0.033040144
155234,0,0.033040144
155235,0,0.033040144
155236,0,0.033040144
155237,0,0.033040144
155238,0,0.033040144
155239,0,0.033040144
155240,0,0.033040144
155241,0,0.033040147
155242,0,0.033040147
155243,0,0.033040147
155244,0,0.033040147
155245,0,0.033040147
155246,0,0.033040147
155247,0,0.033040147
155248,0,0.033040144
155249,0,0.03304014
155250,0,0.03304014
155251,0,0.03304014
155252,0,0.03304014
155253,0,0.03304014
155254,0,0.03304014
155255,0,0.03304014
155256,0,0.03304014
155257,0,0.03304014
155258,0,0.03304014
155259,0,0.03304014
155260,0,0.03304014
155261,0,0.03304014
155262,0,0.03304014
155263,0,0.03304014
155264,0,0.03304014
155265,0,0.03304014
155266,0,0.03304014
155267,0,0.03304014
155268,0,0.03304014
155269,0,0.03304014
155270,0,0.03304014
155271,0,0.03304014
155272,0,0.03304014
155273,0,0.03304014
155274,0,0.03304014
155275,0,0.03304014
155276,0,0.03304014
155277,0,0.03304014
155278,0,0.03304014
155279,0,0.03304014
155280,0,0.03304014
155281,0,0.03304014
155282,0,0.03304014
155283,0,0.03304014
155284,0,0.03304014
155285,0,0.03304014
155286,0,0.03304014
155287,0,0.03304014
155288,0,0.03304014
155289,0,0.03304014
155290,0,0.03304014
155291,0,0.03304014
155292,0,0.03304014
155293,0,0.03304014
155294,0,0.03304014
155295,0,0.03304014
155296,0,0.03304014
155297,0,0.03304014
155298,0,0.03304014
155299,0,0.03304014
155300,0,0.03304014
155301,0,0.03304014
155302,0,0.03304014
155303,0,0.03304014
155304,0,0.03304014
155305,0,0.03304014
155306,0,0.03304014
155307,0,0.03304014
155308,0,0.03304014
155309,0,0.03304014
155310,0,0.03304014
155311,0,0.03304014
155312,0,0.03304014
155313,0,0.03304014
155314,0,0.03304014
155315,0,0.03304014
155316,0,0.03304014
155317,0,0.03304014
155318,0,0.033040144
155319,0,0.033040144
155320,0,0.033040144
155321,0,0.033040144
155322,0,0.033040144
155323,0,0.033040144
155324,0,0.03304014
155325,0,0.03304014
155326,0,0.03304014
155327,0,0.03304014
155328,0,0.03304014
155329,0,0.03304014
155330,0,0.03304014
155331,0,0.03304014
155332,0,0.03304014
155333,0,0.033040144
155334,0,0.033040144
155335,0,0.033040144
155336,0,0.033040144
155337,0,0.033040144
155338,0,0.033040144
155339,0,0.03304014
155340,0,0.03304014
155341,0,0.03304014
155342,0,0.03304014
155343,0,0.03304014
155344,0,0.03304014
155345,0,0.03304014
155346,0,0.03304014
155347,0,0.03304014
155348,0,0.03304014
155349,0,0.03304014
155350,0,0.03304014
155351,0,0.03304014
155352,0,0.03304014
155353,0,0.03304014
155354,0,0.03304014
155355,0,0.03304014
155356,0,0.03304014
155357,0,0.03304014
155358,0,0.033040144
155359,0,0.033040144
155360,0,0.03304014
155361,0,0.03304014
155362,0,0.03304014
155363,0,0.03304014
155364,0,0.03304014
155365,0,0.03304014
155366,0,0.03304014
155367,0,0.03304014
155368,0,0.03304014
155369,0,0.03304014
155370,0,0.03304014
155371,0,0.03304014
155372,0,0.03304014
155373,0,0.03304014
155374,0,0.03304014
155375,0,0.03304014
155376,0,0.03304014
155377,0,0.033040147
155378,0,0.033040147
155379,0,0.03304015
155380,0,0.03304015
155381,0,0.033040173
155382,0,0.033040173
155383,0,0.033040173
155384,0,0.033040196
155385,0,0.033040192
155386,0,0.033040192
155387,0,0.033040192
155388,0,0.033040192
155389,0,0.033040192
155390,0,0.033040207
155391,0,0.033040207
155392,0,0.033040207
155393,0,0.033040237
155394,0,0.033040207
155395,0,0.033040207
155396,0,0.033040207
155397,0,0.033040207
155398,0,0.033040207
155399,0,0.033040207
155400,0,0.033040207
155401,0,0.033040207
155402,0,0.033040207
155403,0,0.0330402
155404,0,0.03304021
155405,0,0.03304021
155406,0,0.03304021
155407,0,0.033040214
155408,0,0.033040244
155409,0,0.033040244
155410,0,0.033040244
155411,0,0.033040244
155412,0,0.033040185
155413,0,0.033040185
155414,0,0.03304018
155415,0,0.03304018
155416,0,0.03304021
155417,0,0.03304021
155418,0,0.03304018
155419,0,0.03304018
155420,0,0.03304014
155421,0,0.03304014
155422,0,0.03304014
155423,0,0.03304014
155424,0,0.03304014
155425,0,0.033040155
155426,0,0.03304014
155427,0,0.033040144
155428,0,0.033040144
155429,0,0.033040144
155430,0,0.033040144
155431,0,0.033040144
155432,0,0.033040144
155433,0,0.033040144
155434,0,0.033040144
155435,0,0.03304014
155436,0,0.03304014
155437,0,0.03304014
155438,0,0.03304014
155439,0,0.03304014
155440,0,0.033040144
155441,0,0.03304014
155442,0,0.03304014
155443,0,0.03304014
155444,0,0.03304015
155445,0,0.033040144
155446,0,0.033040144
155447,0,0.03304015
155448,0,0.033040147
155449,0,0.033040144
155450,0,0.033040144
155451,0,0.033040144
155452,0,0.033040144
155453,0,0.03304014
155454,0,0.03304014
155455,0,0.03304014
155456,0,0.033040147
155457,0,0.033040144
155458,0,0.033040144
155459,0,0.033040177
155460,0,0.03304018
155461,0,0.033040177
155462,0,0.03304056
155463,0,0.033040363
155464,0,0.033040356
155465,0,0.033040352
155466,0,0.033040296
155467,0,0.033040296
155468,0,0.03304025
155469,0,0.03304019
155470,0,0.033040535
155471,0,0.033040263
155472,0,0.03304017
155473,0,0.033040166
155474,0,0.03304017
155475,0,0.03304017
155476,0,0.033040166
155477,0,0.033040166
155478,0,0.03304017
155479,0,0.03304017
155480,0,0.03304017
155481,0,0.033040162
155482,0,0.03304014
155483,0,0.03304014
155484,0,0.03304014
155485,0,0.03304014
155486,0,0.03304014
155487,0,0.0330402
155488,0,0.0330402
155489,0,0.033040598
155490,0,0.033040572
155491,0,0.03304057
155492,0,0.033040658
155493,0,0.03304063
155494,0,0.03304063
155495,0,0.03304066
155496,0,0.033040646
155497,0,0.033040646
155498,0,0.03304065
155499,0,0.033041667
155500,0,0.03304167
155501,0,0.033041675
155502,0,0.03304167
155503,0,0.033041667
155504,0,0.03304167
155505,0,0.033041608
155506,0,0.03304161
155507,0,0.03304161
155508,0,0.033041608
155509,0,0.033040613
155510,0,0.033040613
155511,0,0.033040255
155512,0,0.033040263
155513,0,0.033040263
155514,0,0.0330402
155515,0,0.0330402
155516,0,0.0330402
155517,0,0.03304014
155518,0,0.033040173
155519,0,0.033040173
155520,0,0.033040173
155521,0,0.033040173
155522,0,0.033040173
155523,0,0.033040173
155524,0,0.033040173
155525,0,0.033040173
155526,0,0.033040173
155527,0,0.03304086
155528,0,0.033041332
155529,0,0.033041332
155530,0,0.033041332
155531,0,0.03304128
155532,0,0.03304128
155533,0,0.033041283
155534,0,0.033041283
155535,0,0.033041283
155536,0,0.03304115
155537,0,0.033041146
155538,0,0.033040468
155539,0,0.033040468
155540,0,0.033040468
155541,0,0.033040468
155542,0,0.033040468
155543,0,0.033040185
155544,0,0.033040185
155545,0,0.03304018
155546,0,0.03304018
155547,0,0.03304018
155548,0,0.03304018
155549,0,0.033040162
155550,0,0.033040166
155551,0,0.03304014
155552,0,0.03304014
155553,0,0.033040147
155554,0,0.033040147
155555,0,0.03304016
155556,0,0.03304016
155557,0,0.033040162
155558,0,0.033040162
155559,0,0.033040162
155560,0,0.033040162
155561,0,0.033040162
155562,0,0.033040162
155563,0,0.03304014
155564,0,0.03304014
155565,0,0.03304014
155566,0,0.03304014
155567,0,0.03304014
155568,0,0.03304014
155569,0,0.03304014
155570,0,0.03304016
155571,0,0.033040155
155572,0,0.033040155
155573,0,0.033040155
155574,0,0.033040155
155575,0,0.033040147
155576,0,0.03304014
155577,0,0.03304014
155578,0,0.03304014
155579,0,0.03304014
155580,0,0.03304014
155581,0,0.03304014
155582,0,0.03304014
155583,0,0.03304014
155584,0,0.033040155
155585,0,0.033040155
155586,0,0.033040155
155587,0,0.033040155
155588,0,0.033040155
155589,0,0.033040155
155590,0,0.033040155
155591,0,0.033040155
155592,0,0.033040155
155593,0,0.033040166
155594,0,0.033040144
155595,0,0.033040144
155596,0,0.033040144
155597,0,0.033040144
155598,0,0.033040155
155599,0,0.033040155
155600,0,0.033040155
155601,0,0.033040155
155602,0,0.033040155
155603,0,0.033040155
155604,0,0.03304021
155605,0,0.03304021
155606,0,0.03304017
155607,0,0.03304017
155608,0,0.03304017
155609,0,0.033040177
155610,0,0.033040173
155611,0,0.033040173
155612,0,0.0330402
155613,0,0.0330402
155614,0,0.03304015
155615,0,0.03304015
155616,0,0.033040177
155617,0,0.033040177
155618,0,0.033040177
155619,0,0.033040177
155620,0,0.033040177
155621,0,0.033040177
155622,0,0.03304019
155623,0,0.03304019
155624,0,0.033040166
155625,0,0.033040166
155626,0,0.033040166
155627,0,0.033040166
155628,0,0.033040166
155629,0,0.033040166
155630,0,0.033040166
155631,0,0.033040166
155632,0,0.03304014
155633,0,0.03304014
155634,0,0.03304014
155635,0,0.03304014
155636,0,0.033040155
155637,0,0.033040155
155638,0,0.033040155
155639,0,0.033040155
155640,0,0.033040155
155641,0,0.033040155
155642,0,0.03304016
155643,0,0.033040173
155644,0,0.033040226
155645,0,0.03304019
155646,0,0.03304019
155647,0,0.03304019
155648,0,0.03304017
155649,0,0.033040173
155650,0,0.03304018
155651,0,0.03304018
155652,0,0.0330402
155653,0,0.0330402
155654,0,0.033040155
155655,0,0.033040155
155656,0,0.033040155
155657,0,0.033040166
155658,0,0.033040166
155659,0,0.033040166
155660,0,0.033040166
155661,0,0.033040166
155662,0,0.033040185
155663,0,0.033040144
155664,0,0.033040233
155665,0,0.033040233
155666,0,0.033040233
155667,0,0.033040233
155668,0,0.033040307
155669,0,0.033040162
155670,0,0.033040162
155671,0,0.033040363
155672,0,0.033040363
155673,0,0.033040363
155674,0,0.0330402
155675,0,0.03304023
155676,0,0.033040177
155677,0,0.033040162
155678,0,0.03304016
155679,0,0.03304016
155680,0,0.03304016
155681,0,0.03304016
155682,0,0.03304015
155683,0,0.03304015
155684,0,0.03304015
155685,0,0.03304014
155686,0,0.03304014
155687,0,0.03304014
155688,0,0.03304014
155689,0,0.03304014
155690,0,0.03304014
155691,0,0.03304014
155692,0,0.03304014
155693,0,0.03304014
155694,0,0.03304014
155695,0,0.03304014
155696,0,0.03304014
155697,0,0.03304014
155698,0,0.03304014
155699,0,0.03304014
155700,0,0.033040144
155701,0,0.033040144
155702,0,0.033040144
155703,0,0.033040144
155704,0,0.033040162
155705,0,0.033040162
155706,0,0.033040162
155707,0,0.033040162
155708,0,0.033040162
155709,0,0.033040162
155710,0,0.033040185
155711,0,0.033040192
155712,0,0.033040192
155713,0,0.033040192
155714,0,0.033040166
155715,0,0.03304016
155716,0,0.03304016
155717,0,0.033040155
155718,0,0.033040155
155719,0,0.03304016
155720,0,0.033040155
155721,0,0.033040155
155722,0,0.033040155
155723,0,0.03304014
155724,0,0.03304016
155725,0,0.03304014
155726,0,0.03304014
155727,0,0.03304014
155728,0,0.03304014
155729,0,0.03304014
155730,0,0.03304014
155731,0,0.03304014
155732,0,0.03304014
155733,0,0.03304014
155734,0,0.033040144
155735,0,0.033040144
155736,0,0.033040144
155737,0,0.033040166
155738,0,0.033040166
155739,0,0.033040166
155740,0,0.033040166
155741,0,0.033040155
155742,0,0.033040155
155743,0,0.033040155
155744,0,0.033040155
155745,0,0.033040155
155746,0,0.03304014
155747,0,0.03304014
155748,0,0.03304014
155749,0,0.03304014
155750,0,0.03304014
155751,0,0.03304014
155752,0,0.03304014
155753,0,0.03304014
155754,0,0.03304014
155755,0,0.03304014
155756,0,0.03304014
155757,0,0.03304014
155758,0,0.03304014
155759,0,0.033040147
155760,0,0.033040147
155761,0,0.033040147
155762,0,0.033040147
155763,0,0.033040147
155764,0,0.03304015
155765,0,0.03304015
155766,0,0.03304015
155767,0,0.03304015
155768,0,0.03304015
155769,0,0.03304014
155770,0,0.03304014
155771,0,0.03304014
155772,0,0.03304014
155773,0,0.03304014
155774,0,0.033040144
155775,0,0.033040144
155776,0,0.033040144
155777,0,0.033040144
155778,0,0.033040144
155779,0,0.033040162
155780,0,0.033040162
155781,0,0.033040162
155782,0,0.033040162
155783,0,0.033040162
155784,0,0.033040144
155785,0,0.033040144
155786,0,0.033040144
155787,0,0.033040144
155788,0,0.03304014
155789,0,0.03304014
155790,0,0.03304014
155791,0,0.03304014
155792,0,0.03304014
155793,0,0.03304014
155794,0,0.03304014
155795,0,0.03304014
155796,0,0.03304014
155797,0,0.03304014
155798,0,0.033040144
155799,0,0.033040147
155800,0,0.033040166
155801,0,0.033040166
155802,0,0.033040166
155803,0,0.033040166
155804,0,0.03304015
155805,0,0.03304015
155806,0,0.033040155
155807,0,0.033040155
155808,0,0.033040155
155809,0,0.033040155
155810,0,0.033040155
155811,0,0.033040155
155812,0,0.03304015
155813,0,0.03304015
155814,0,0.03304015
155815,0,0.03304015
155816,0,0.033040155
155817,0,0.03304068
155818,0,0.03304068
155819,0,0.03304068
155820,0,0.03304068
155821,0,0.033040702
155822,0,0.033040702
155823,0,0.03304062
155824,0,0.03304062
155825,0,0.03304015
155826,0,0.033040147
155827,0,0.033040155
155828,0,0.033040155
155829,0,0.033040155
155830,0,0.033040155
155831,0,0.033040155
155832,0,0.033040155
155833,0,0.033040166
155834,0,0.033040166
155835,0,0.033040166
155836,0,0.033040166
155837,0,0.033040147
155838,0,0.033040162
155839,0,0.033040162
155840,0,0.03304016
155841,0,0.03304016
155842,0,0.033040162
155843,0,0.033040177
155844,0,0.03304051
155845,0,0.033040535
155846,0,0.033040397
155847,0,0.033040445
155848,0,0.033040445
155849,0,0.033040445
155850,0,0.033040196
155851,0,0.03304016
155852,0,0.03304015
155853,0,0.033040147
155854,0,0.033040147
155855,0,0.033040144
155856,0,0.033040147
155857,0,0.033040147
155858,0,0.033040147
155859,0,0.033040147
155860,0,0.03304014
155861,0,0.03304014
155862,0,0.03304014
155863,0,0.03304014
155864,0,0.033040144
155865,0,0.03304014
155866,0,0.03304014
155867,0,0.033040144
155868,0,0.033040144
155869,0,0.03304015
155870,0,0.033040147
155871,0,0.03304014
155872,0,0.03304014
155873,0,0.033040155
155874,0,0.03304015
155875,0,0.033040147
155876,0,0.033040147
155877,0,0.033040166
155878,0,0.033040166
155879,0,0.033040166
155880,0,0.033040166
155881,0,0.033040166
155882,0,0.033040166
155883,0,0.033040144
155884,0,0.033040144
155885,0,0.033040144
155886,0,0.033040144
155887,0,0.033040144
155888,0,0.033040144
155889,0,0.033040144
155890,0,0.033040144
155891,0,0.033040155
155892,0,0.03304014
155893,0,0.03304014
155894,0,0.03304015
155895,0,0.033040155
155896,0,0.03304015
155897,0,0.03304015
155898,0,0.03304015
155899,0,0.03304015
155900,0,0.03304015
155901,0,0.033040144
155902,0,0.03304014
155903,0,0.03304014
155904,0,0.03304014
155905,0,0.03304014
155906,0,0.03304014
155907,0,0.03304014
155908,0,0.03304014
155909,0,0.03304014
155910,0,0.03304014
155911,0,0.03304014
155912,0,0.03304014
155913,0,0.033040147
155914,0,0.033040147
155915,0,0.03304017
155916,0,0.03304017
155917,0,0.03304017
155918,0,0.03304017
155919,0,0.03304017
155920,0,0.03304017
155921,0,0.033040155
155922,0,0.033040144
155923,0,0.033040147
155924,0,0.033040147
155925,0,0.033040147
155926,0,0.033040147
155927,0,0.033040147
155928,0,0.033040155
155929,0,0.033040155
155930,0,0.033040155
155931,0,0.033040155
155932,0,0.03304014
155933,0,0.03304014
155934,0,0.03304014
155935,0,0.03304014
155936,0,0.03304014
155937,0,0.03304014
155938,0,0.03304014
155939,0,0.03304014
155940,0,0.03304014
155941,0,0.03304014
155942,0,0.03304014
155943,0,0.03304014
155944,0,0.03304014
155945,0,0.03304014
155946,0,0.03304014
155947,0,0.033040147
155948,0,0.033040147
155949,0,0.033040147
155950,0,0.033040147
155951,0,0.03304014
155952,0,0.03304014
155953,0,0.03304014
155954,0,0.03304014
155955,0,0.03304014
155956,0,0.03304014
155957,0,0.03304014
155958,0,0.03304014
155959,0,0.03304014
155960,0,0.03304014
155961,0,0.03304014
155962,0,0.03304014
155963,0,0.03304014
155964,0,0.03304014
155965,0,0.03304014
155966,0,0.03304014
155967,0,0.03304014
155968,0,0.03304014
155969,0,0.03304014
155970,0,0.03304014
155971,0,0.03304014
155972,0,0.033040162
155973,0,0.033040162
155974,0,0.033040162
155975,0,0.033040162
155976,0,0.03304015
155977,0,0.03304015
155978,0,0.03304015
155979,0,0.033040144
155980,0,0.03304016
155981,0,0.033040166
155982,0,0.03304017
155983,0,0.03304017
155984,0,0.033040166
155985,0,0.03304016
155986,0,0.03304015
155987,0,0.03304015
155988,0,0.03304015
155989,0,0.03304015
155990,0,0.03304015
155991,0,0.03304015
155992,0,0.03304015
155993,0,0.03304015
155994,0,0.03304015
155995,0,0.03304015
155996,0,0.03304015
155997,0,0.03304015
155998,0,0.03304015
155999,0,0.03304015
156000,0,0.03304015
156001,0,0.03304015
156002,0,0.03304014
156003,0,0.03304014
156004,0,0.03304014
156005,0,0.03304014
156006,0,0.03304014
156007,0,0.03304014
156008,0,0.03304014
156009,0,0.03304014
156010,0,0.03304014
156011,0,0.03304014
156012,0,0.03304014
156013,0,0.03304014
156014,0,0.03304014
156015,0,0.03304014
156016,0,0.03304014
156017,0,0.03304014
156018,0,0.03304014
156019,0,0.03304014
156020,0,0.03304014
156021,0,0.03304014
156022,0,0.03304014
156023,0,0.03304014
156024,0,0.03304015
156025,0,0.033040144
156026,0,0.03304015
156027,0,0.033040155
156028,0,0.033040155
156029,0,0.033040155
156030,0,0.03304015
156031,0,0.033040155
156032,0,0.033040155
156033,0,0.033040155
156034,0,0.03304014
156035,0,0.03304014
156036,0,0.03304014
156037,0,0.03304014
156038,0,0.03304014
156039,0,0.03304014
156040,0,0.03304014
156041,0,0.03304014
156042,0,0.03304014
156043,0,0.03304014
156044,0,0.03304014
156045,0,0.03304014
156046,0,0.03304014
156047,0,0.03304014
156048,0,0.03304014
156049,0,0.03304014
156050,0,0.03304014
156051,0,0.03304014
156052,0,0.03304014
156053,0,0.03304014
156054,0,0.03304014
156055,0,0.03304014
156056,0,0.03304014
156057,0,0.03304014
156058,0,0.03304014
156059,0,0.03304014
156060,0,0.03304014
156061,0,0.03304014
156062,0,0.03304028
156063,0,0.033040307
156064,0,0.033040307
156065,0,0.033040307
156066,0,0.033040307
156067,0,0.033040307
156068,0,0.033040307
156069,0,0.033040307
156070,0,0.033040315
156071,0,0.033040278
156072,0,0.033040147
156073,0,0.03304014
156074,0,0.033040144
156075,0,0.03304014
156076,0,0.03304014
156077,0,0.033040144
156078,0,0.03304014
156079,0,0.03304014
156080,0,0.033040144
156081,0,0.033040144
156082,0,0.033040144
156083,0,0.033040144
156084,0,0.033040144
156085,0,0.033040144
156086,0,0.033040144
156087,0,0.033040144
156088,0,0.033040144
156089,0,0.033040147
156090,0,0.03304014
156091,0,0.03304014
156092,0,0.03304014
156093,0,0.03304014
156094,0,0.03304014
156095,0,0.03304014
156096,0,0.03304014
156097,0,0.03304014
156098,0,0.03304014
156099,0,0.03304014
156100,0,0.03304014
156101,0,0.03304014
156102,0,0.03304014
156103,0,0.03304014
156104,0,0.03304014
156105,0,0.03304014
156106,0,0.03304014
156107,0,0.03304014
156108,0,0.03304014
156109,0,0.03304014
156110,0,0.03304014
156111,0,0.03304014
156112,0,0.03304014
156113,0,0.03304014
156114,0,0.03304014
156115,0,0.03304014
156116,0,0.03304014
156117,0,0.03304014
156118,0,0.03304014
156119,0,0.03304014
156120,0,0.03304014
156121,0,0.03304014
156122,0,0.03304014
156123,0,0.03304014
156124,0,0.03304014
156125,0,0.03304014
156126,0,0.03304014
156127,0,0.03304014
156128,0,0.03304014
156129,0,0.03304014
156130,0,0.03304014
156131,0,0.03304014
156132,0,0.03304014
156133,0,0.03304014
156134,0,0.03304014
156135,0,0.03304014
156136,0,0.03304014
156137,0,0.03304014
156138,0,0.03304014
156139,0,0.03304014
156140,0,0.03304014
156141,0,0.03304014
156142,0,0.03304015
156143,0,0.03304015
156144,0,0.033040144
156145,0,0.033040144
156146,0,0.033040144
156147,0,0.033040144
156148,0,0.033040144
156149,0,0.033040144
156150,0,0.033040144
156151,0,0.033040144
156152,0,0.03304014
156153,0,0.03304014
156154,0,0.03304014
156155,0,0.03304014
156156,0,0.03304014
156157,0,0.03304014
156158,0,0.03304014
156159,0,0.03304014
156160,0,0.033040147
156161,0,0.033040147
156162,0,0.033040147
156163,0,0.03304014
156164,0,0.03304014
156165,0,0.03304014
156166,0,0.03304014
156167,0,0.03304014
156168,0,0.03304014
156169,0,0.03304014
156170,0,0.03304014
156171,0,0.03304014
156172,0,0.03304014
156173,0,0.03304014
156174,0,0.03304014
156175,0,0.03304014
156176,0,0.03304014
156177,0,0.03304014
156178,0,0.03304014
156179,0,0.03304014
156180,0,0.03304014
156181,0,0.03304014
156182,0,0.03304014
156183,0,0.03304014
156184,0,0.03304014
156185,0,0.03304014
156186,0,0.03304014
156187,0,0.03304014
156188,0,0.03304014
156189,0,0.03304014
156190,0,0.03304014
156191,0,0.03304014
156192,0,0.03304014
156193,0,0.03304014
156194,0,0.03304014
156195,0,0.03304014
156196,0,0.03304014
156197,0,0.03304014
156198,0,0.03304014
156199,0,0.03304014
156200,0,0.03304014
156201,0,0.03304014
156202,0,0.03304014
156203,0,0.03304014
156204,0,0.033040144
156205,0,0.03304014
156206,0,0.033040147
156207,0,0.033040147
156208,0,0.033040147
156209,0,0.03304015
156210,0,0.033040147
156211,0,0.03304016
156212,0,0.03304016
156213,0,0.033040155
156214,0,0.03304014
156215,0,0.03304014
156216,0,0.03304014
156217,0,0.03304014
156218,0,0.03304014
156219,0,0.03304014
156220,0,0.03304014
156221,0,0.03304014
156222,0,0.03304014
156223,0,0.03304014
156224,0,0.03304014
156225,0,0.03304014
156226,0,0.03304014
156227,0,0.033040147
156228,0,0.033040147
156229,0,0.03304015
156230,0,0.033040144
156231,0,0.03304015
156232,0,0.03304015
156233,0,0.03304015
156234,0,0.03304015
156235,0,0.03304015
156236,0,0.03304015
156237,0,0.03304015
156238,0,0.03304015
156239,0,0.033040144
156240,0,0.033040147
156241,0,0.033040147
156242,0,0.033040147
156243,0,0.03304016
156244,0,0.033040155
156245,0,0.03304015
156246,0,0.03304015
156247,0,0.03304015
156248,0,0.03304015
156249,0,0.03304015
156250,0,0.03304014
156251,0,0.03304014
156252,0,0.033040144
156253,0,0.03304014
156254,0,0.033040147
156255,0,0.033040144
156256,0,0.033040147
156257,0,0.033040144
156258,0,0.033040144
156259,0,0.033040166
156260,0,0.033040166
156261,0,0.033040166
156262,0,0.033040162
156263,0,0.033040162
156264,0,0.03304014
156265,0,0.03304014
156266,0,0.03304014
156267,0,0.03304014
156268,0,0.033040144
156269,0,0.03304014
156270,0,0.03304014
156271,0,0.033040144
156272,0,0.033040144
156273,0,0.033040155
156274,0,0.03304015
156275,0,0.03304015
156276,0,0.03304016
156277,0,0.03304016
156278,0,0.03304016
156279,0,0.03304016
156280,0,0.03304016
156281,0,0.03304014
156282,0,0.033040147
156283,0,0.033040144
156284,0,0.033040144
156285,0,0.03304014
156286,0,0.033040144
156287,0,0.03304014
156288,0,0.033040144
156289,0,0.033040147
156290,0,0.033040144
156291,0,0.033040147
156292,0,0.033040147
156293,0,0.033040147
156294,0,0.033040147
156295,0,0.033040155
156296,0,0.033040155
156297,0,0.03304015
156298,0,0.03304016
156299,0,0.033040155
156300,0,0.03304017
156301,0,0.033040147
156302,0,0.033040147
156303,0,0.03304015
156304,0,0.033040147
156305,0,0.03304014
156306,0,0.03304014
156307,0,0.03304014
156308,0,0.03304014
156309,0,0.03304014
156310,0,0.03304014
156311,0,0.033040147
156312,0,0.033040144
156313,0,0.033040144
156314,0,0.03304014
156315,0,0.033040144
156316,0,0.03304014
156317,0,0.033040166
156318,0,0.033040166
156319,0,0.033040166
156320,0,0.033040166
156321,0,0.033040166
156322,0,0.033040166
156323,0,0.033040155
156324,0,0.033040155
156325,0,0.033040192
156326,0,0.033040192
156327,0,0.03304017
156328,0,0.03304017
156329,0,0.03304017
156330,0,0.03304017
156331,0,0.03304017
156332,0,0.03304017
156333,0,0.03304017
156334,0,0.033040162
156335,0,0.033040162
156336,0,0.033040144
156337,0,0.033040144
156338,0,0.03304015
156339,0,0.03304016
156340,0,0.03304016
156341,0,0.033040144
156342,0,0.033040144
156343,0,0.03304014
156344,0,0.033040155
156345,0,0.033040155
156346,0,0.033040155
156347,0,0.033040155
156348,0,0.03304015
156349,0,0.033040144
156350,0,0.033040147
156351,0,0.033040147
156352,0,0.033040144
156353,0,0.033040147
156354,0,0.033040144
156355,0,0.033040144
156356,0,0.033040147
156357,0,0.033040144
156358,0,0.03304014
156359,0,0.03304014
156360,0,0.03304014
156361,0,0.03304014
156362,0,0.03304014
156363,0,0.03304014
156364,0,0.033040155
156365,0,0.033040155
156366,0,0.033040155
156367,0,0.033040155
156368,0,0.03304017
156369,0,0.03304017
156370,0,0.03304017
156371,0,0.03304017
156372,0,0.03304017
156373,0,0.03304017
156374,0,0.03304015
156375,0,0.03304015
156376,0,0.03304015
156377,0,0.03304015
156378,0,0.03304014
156379,0,0.033040144
156380,0,0.033040144
156381,0,0.033040144
156382,0,0.03304014
156383,0,0.033040162
156384,0,0.033040162
156385,0,0.033040162
156386,0,0.033040162
156387,0,0.033040162
156388,0,0.033040162
156389,0,0.03304014
156390,0,0.03304014
156391,0,0.03304014
156392,0,0.03304014
156393,0,0.03304014
156394,0,0.03304014
156395,0,0.03304014
156396,0,0.03304014
156397,0,0.03304014
156398,0,0.03304014
156399,0,0.03304014
156400,0,0.033040144
156401,0,0.033040144
156402,0,0.03304016
156403,0,0.033040166
156404,0,0.033040166
156405,0,0.033040166
156406,0,0.033040166
156407,0,0.033040166
156408,0,0.033040166
156409,0,0.033040166
156410,0,0.033040166
156411,0,0.033040166
156412,0,0.033040144
156413,0,0.033040144
156414,0,0.033040144
156415,0,0.033040144
156416,0,0.033040144
156417,0,0.033040144
156418,0,0.03304015
156419,0,0.03304014
156420,0,0.03304014
156421,0,0.03304014
156422,0,0.03304014
156423,0,0.03304014
156424,0,0.03304014
156425,0,0.03304014
156426,0,0.03304014
156427,0,0.03304014
156428,0,0.03304014
156429,0,0.033040144
156430,0,0.033040147
156431,0,0.033040147
156432,0,0.033040147
156433,0,0.033040147
156434,0,0.03304016
156435,0,0.03304016
156436,0,0.03304016
156437,0,0.03304016
156438,0,0.03304016
156439,0,0.033040144
156440,0,0.03304015
156441,0,0.03304015
156442,0,0.03304015
156443,0,0.03304015
156444,0,0.033040144
156445,0,0.033040144
156446,0,0.033040144
156447,0,0.033040144
156448,0,0.033040144
156449,0,0.033040144
156450,0,0.03304014
156451,0,0.03304016
156452,0,0.03304016
156453,0,0.03304014
156454,0,0.03304014
156455,0,0.03304014
156456,0,0.033040144
156457,0,0.03304014
156458,0,0.03304014
156459,0,0.033040147
156460,0,0.03304022
156461,0,0.03304022
156462,0,0.0330403
156463,0,0.0330403
156464,0,0.033040248
156465,0,0.033040248
156466,0,0.033040248
156467,0,0.033040218
156468,0,0.0330402
156469,0,0.033040162
156470,0,0.033040162
156471,0,0.033040177
156472,0,0.033040177
156473,0,0.033040177
156474,0,0.033040214
156475,0,0.033040248
156476,0,0.033040226
156477,0,0.033040307
156478,0,0.033040307
156479,0,0.033040307
156480,0,0.033040266
156481,0,0.033040266
156482,0,0.033040266
156483,0,0.033040266
156484,0,0.033040266
156485,0,0.033040296
156486,0,0.033040296
156487,0,0.033040296
156488,0,0.033040296
156489,0,0.033040296
156490,0,0.033040382
156491,0,0.033040382
156492,0,0.03304038
156493,0,0.033040434
156494,0,0.033040438
156495,0,0.033040375
156496,0,0.033040375
156497,0,0.033040375
156498,0,0.03304023
156499,0,0.03304023
156500,0,0.03304023
156501,0,0.03304023
156502,0,0.03304023
156503,0,0.03304023
156504,0,0.03304023
156505,0,0.033040196
156506,0,0.033040196
156507,0,0.033040144
156508,0,0.033040144
156509,0,0.033040144
156510,0,0.033040144
156511,0,0.033040144
156512,0,0.033040144
156513,0,0.033040147
156514,0,0.03304014
156515,0,0.03304014
156516,0,0.03304014
156517,0,0.03304014
156518,0,0.033040144
156519,0,0.033040144
156520,0,0.033040144
156521,0,0.03304016
156522,0,0.033040173
156523,0,0.033040173
156524,0,0.033040173
156525,0,0.033040147
156526,0,0.033040147
156527,0,0.033040147
156528,0,0.03304019
156529,0,0.03304019
156530,0,0.033040147
156531,0,0.033040147
156532,0,0.03304017
156533,0,0.03304017
156534,0,0.033040192
156535,0,0.033040203
156536,0,0.033040203
156537,0,0.033040203
156538,0,0.03304014
156539,0,0.03304014
156540,0,0.033040147
156541,0,0.033040147
156542,0,0.033040147
156543,0,0.033040147
156544,0,0.033040147
156545,0,0.033040147
156546,0,0.033040147
156547,0,0.033040177
156548,0,0.033040177
156549,0,0.033040177
156550,0,0.033040177
156551,0,0.033040177
156552,0,0.033040177
156553,0,0.033040177
156554,0,0.033040173
156555,0,0.03304017
156556,0,0.033040173
156557,0,0.03304014
156558,0,0.033040196
156559,0,0.03304017
156560,0,0.03304017
156561,0,0.03304017
156562,0,0.03304017
156563,0,0.03304017
156564,0,0.03304017
156565,0,0.03304017
156566,0,0.03304017
156567,0,0.03304016
156568,0,0.03304014
156569,0,0.03304014
156570,0,0.03304014
156571,0,0.03304014
156572,0,0.03304014
156573,0,0.033040144
156574,0,0.033040162
156575,0,0.033040162
156576,0,0.033040155
156577,0,0.03304016
156578,0,0.03304016
156579,0,0.033040166
156580,0,0.03304016
156581,0,0.03304016
156582,0,0.03304016
156583,0,0.03304016
156584,0,0.03304016
156585,0,0.03304016
156586,0,0.03304016
156587,0,0.03304016
156588,0,0.03304016
156589,0,0.03304018
156590,0,0.033040162
156591,0,0.03304016
156592,0,0.03304016
156593,0,0.033040162
156594,0,0.033040162
156595,0,0.033040162
156596,0,0.033040162
156597,0,0.033040162
156598,0,0.033040162
156599,0,0.033040155
156600,0,0.033040155
156601,0,0.03304016
156602,0,0.03304016
156603,0,0.03304016
156604,0,0.03304016
156605,0,0.03304016
156606,0,0.03304016
156607,0,0.033040144
156608,0,0.033040144
156609,0,0.033040144
156610,0,0.03304017
156611,0,0.03304017
156612,0,0.03304017
156613,0,0.03304017
156614,0,0.033040166
156615,0,0.033040166
156616,0,0.033040162
156617,0,0.033040162
156618,0,0.033040166
156619,0,0.033040166
156620,0,0.033040166
156621,0,0.033040162
156622,0,0.033040166
156623,0,0.03304014
156624,0,0.03304014
156625,0,0.033040144
156626,0,0.033040144
156627,0,0.03304014
156628,0,0.03304014
156629,0,0.03304014
156630,0,0.033040144
156631,0,0.033040144
156632,0,0.03304014
156633,0,0.03304014
156634,0,0.03304014
156635,0,0.03304014
156636,0,0.03304014
156637,0,0.03304014
156638,0,0.03304014
156639,0,0.03304014
156640,0,0.03304014
156641,0,0.03304014
156642,0,0.03304014
156643,0,0.03304015
156644,0,0.03304016
156645,0,0.03304016
156646,0,0.03304016
156647,0,0.03304016
156648,0,0.03304016
156649,0,0.03304016
156650,0,0.03304016
156651,0,0.03304016
156652,0,0.03304016
156653,0,0.03304014
156654,0,0.03304014
156655,0,0.03304014
156656,0,0.03304014
156657,0,0.03304014
156658,0,0.03304014
156659,0,0.03304014
156660,0,0.03304014
156661,0,0.03304014
156662,0,0.03304014
156663,0,0.033040144
156664,0,0.03304014
156665,0,0.03304014
156666,0,0.033040144
156667,0,0.033040144
156668,0,0.033040147
156669,0,0.033040147
156670,0,0.033040147
156671,0,0.033040144
156672,0,0.033040144
156673,0,0.033040147
156674,0,0.03304014
156675,0,0.03304014
156676,0,0.03304014
156677,0,0.03304014
156678,0,0.03304014
156679,0,0.03304014
156680,0,0.03304014
156681,0,0.03304017
156682,0,0.033040177
156683,0,0.033040177
156684,0,0.033040177
156685,0,0.033040177
156686,0,0.033040177
156687,0,0.033040177
156688,0,0.03304018
156689,0,0.03304018
156690,0,0.033040177
156691,0,0.03304014
156692,0,0.03304014
156693,0,0.03304014
156694,0,0.033040144
156695,0,0.033040162
156696,0,0.033040162
156697,0,0.033040162
156698,0,0.033040162
156699,0,0.033040162
156700,0,0.033040162
156701,0,0.033040162
156702,0,0.033040162
156703,0,0.03304014
156704,0,0.03304014
156705,0,0.03304014
156706,0,0.03304014
156707,0,0.03304014
156708,0,0.03304014
156709,0,0.03304014
156710,0,0.03304014
156711,0,0.03304014
156712,0,0.03304014
156713,0,0.03304014
156714,0,0.03304014
156715,0,0.03304014
156716,0,0.03304014
156717,0,0.03304014
156718,0,0.03304014
156719,0,0.03304014
156720,0,0.03304014
156721,0,0.03304014
156722,0,0.03304014
156723,0,0.03304014
156724,0,0.03304014
156725,0,0.03304014
156726,0,0.03304014
156727,0,0.03304014
156728,0,0.03304014
156729,0,0.033040155
156730,0,0.033040155
156731,0,0.03304018
156732,0,0.03304018
156733,0,0.033040192
156734,0,0.033040192
156735,0,0.033040192
156736,0,0.033040192
156737,0,0.033040192
156738,0,0.033040192
156739,0,0.033040192
156740,0,0.033040192
156741,0,0.033040192
156742,0,0.03304017
156743,0,0.03304019
156744,0,0.033040173
156745,0,0.033040173
156746,0,0.033040173
156747,0,0.033040173
156748,0,0.033040147
156749,0,0.033040147
156750,0,0.03304014
156751,0,0.033040144
156752,0,0.033040144
156753,0,0.03304014
156754,0,0.033040147
156755,0,0.033040155
156756,0,0.033040155
156757,0,0.033040155
156758,0,0.033040155
156759,0,0.033040155
156760,0,0.033040155
156761,0,0.033040155
156762,0,0.033040155
156763,0,0.033040155
156764,0,0.033040147
156765,0,0.033040147
156766,0,0.033040147
156767,0,0.033040147
156768,0,0.03304015
156769,0,0.03304014
156770,0,0.033040144
156771,0,0.03304014
156772,0,0.03304014
156773,0,0.03304014
156774,0,0.03304014
156775,0,0.03304016
156776,0,0.03304016
156777,0,0.03304016
156778,0,0.03304016
156779,0,0.033040155
156780,0,0.033040155
156781,0,0.03304016
156782,0,0.03304016
156783,0,0.033040166
156784,0,0.033040166
156785,0,0.033040144
156786,0,0.03304014
156787,0,0.03304014
156788,0,0.03304014
156789,0,0.03304014
156790,0,0.03304014
156791,0,0.03304014
156792,0,0.03304014
156793,0,0.033040144
156794,0,0.03304014
156795,0,0.033040155
156796,0,0.033040155
156797,0,0.033040155
156798,0,0.033040155
156799,0,0.033040155
156800,0,0.033040155
156801,0,0.033040155
156802,0,0.03304015
156803,0,0.03304015
156804,0,0.03304014
156805,0,0.03304014
156806,0,0.03304014
156807,0,0.03304014
156808,0,0.03304014
156809,0,0.033040144
156810,0,0.033040144
156811,0,0.033040144
156812,0,0.03304014
156813,0,0.033040144
156814,0,0.03304014
156815,0,0.033040144
156816,0,0.033040144
156817,0,0.03304014
156818,0,0.03304014
156819,0,0.03304014
156820,0,0.03304015
156821,0,0.03304015
156822,0,0.03304015
156823,0,0.03304015
156824,0,0.033040155
156825,0,0.033040155
156826,0,0.033040155
156827,0,0.033040155
156828,0,0.033040155
156829,0,0.03304016
156830,0,0.033040144
156831,0,0.03304014
156832,0,0.03304014
156833,0,0.03304014
156834,0,0.03304014
156835,0,0.03304014
156836,0,0.03304014
156837,0,0.03304014
156838,0,0.03304014
156839,0,0.03304014
156840,0,0.03304014
156841,0,0.03304014
156842,0,0.03304014
156843,0,0.03304014
156844,0,0.03304014
156845,0,0.03304014
156846,0,0.03304014
156847,0,0.03304014
156848,0,0.03304014
156849,0,0.03304014
156850,0,0.03304014
156851,0,0.03304014
156852,0,0.03304014
156853,0,0.033040147
156854,0,0.033040147
156855,0,0.033040147
156856,0,0.033040147
156857,0,0.033040147
156858,0,0.03304015
156859,0,0.033040147
156860,0,0.03304017
156861,0,0.03304017
156862,0,0.033040166
156863,0,0.033040144
156864,0,0.033040144
156865,0,0.033040144
156866,0,0.033040144
156867,0,0.033040144
156868,0,0.033040144
156869,0,0.03304015
156870,0,0.03304015
156871,0,0.03304015
156872,0,0.03304015
156873,0,0.03304014
156874,0,0.03304014
156875,0,0.03304014
156876,0,0.03304014
156877,0,0.03304014
156878,0,0.03304014
156879,0,0.03304014
156880,0,0.03304014
156881,0,0.03304014
156882,0,0.03304014
156883,0,0.03304014
156884,0,0.033040147
156885,0,0.033040144
156886,0,0.033040147
156887,0,0.033040147
156888,0,0.033040147
156889,0,0.033040147
156890,0,0.033040147
156891,0,0.033040147
156892,0,0.033040147
156893,0,0.033040147
156894,0,0.033040144
156895,0,0.03304014
156896,0,0.03304014
156897,0,0.033040144
156898,0,0.033040144
156899,0,0.033040144
156900,0,0.033040144
156901,0,0.033040144
156902,0,0.033040144
156903,0,0.033040144
156904,0,0.033040147
156905,0,0.033040144
156906,0,0.033040144
156907,0,0.033040155
156908,0,0.033040155
156909,0,0.033040155
156910,0,0.033040155
156911,0,0.033040155
156912,0,0.033040162
156913,0,0.033040185
156914,0,0.033040185
156915,0,0.033040185
156916,0,0.033040185
156917,0,0.033040147
156918,0,0.033040147
156919,0,0.033040147
156920,0,0.033040147
156921,0,0.033040147
156922,0,0.033040147
156923,0,0.03304014
156924,0,0.03304014
156925,0,0.033040144
156926,0,0.03304014
156927,0,0.03304014
156928,0,0.03304014
156929,0,0.03304014
156930,0,0.03304014
156931,0,0.03304014
156932,0,0.033040144
156933,0,0.033040144
156934,0,0.03304016
156935,0,0.03304016
156936,0,0.03304016
156937,0,0.03304016
156938,0,0.03304016
156939,0,0.03304016
156940,0,0.03304016
156941,0,0.03304016
156942,0,0.03304016
156943,0,0.03304016
156944,0,0.03304016
156945,0,0.03304016
156946,0,0.03304016
156947,0,0.03304016
156948,0,0.033040162
156949,0,0.03304016
156950,0,0.033040144
156951,0,0.033040144
156952,0,0.033040144
156953,0,0.033040144
156954,0,0.033040162
156955,0,0.033040144
156956,0,0.033040147
156957,0,0.03304017
156958,0,0.03304017
156959,0,0.033040177
156960,0,0.033040177
156961,0,0.033040177
156962,0,0.033040177
156963,0,0.033040177
156964,0,0.033040177
156965,0,0.033040177
156966,0,0.033040162
156967,0,0.03304014
156968,0,0.03304014
156969,0,0.03304014
156970,0,0.03304014
156971,0,0.03304014
156972,0,0.03304014
156973,0,0.03304014
156974,0,0.03304014
156975,0,0.03304014
156976,0,0.033040147
156977,0,0.03304015
156978,0,0.03304015
156979,0,0.03304015
156980,0,0.033040147
156981,0,0.03304014
156982,0,0.033040177
156983,0,0.03304018
156984,0,0.033040177
156985,0,0.033040177
156986,0,0.033040166
156987,0,0.033040166
156988,0,0.033040166
156989,0,0.033040173
156990,0,0.033040173
156991,0,0.033040173
156992,0,0.033040166
156993,0,0.03304015
156994,0,0.033040155
156995,0,0.033040155
156996,0,0.033040155
156997,0,0.033040155
156998,0,0.033040155
156999,0,0.03304014
157000,0,0.03304014
157001,0,0.033040155
157002,0,0.033040155
157003,0,0.033040155
157004,0,0.033040155
157005,0,0.033040155
157006,0,0.033040155
157007,0,0.03304015
157008,0,0.033040155
157009,0,0.03304015
157010,0,0.033040166
157011,0,0.033040166
157012,0,0.033040155
157013,0,0.033040166
157014,0,0.033040166
157015,0,0.03304017
157016,0,0.033040166
157017,0,0.03304017
157018,0,0.033040162
157019,0,0.03304015
157020,0,0.033040144
157021,0,0.03304016
157022,0,0.03304017
157023,0,0.03304014
157024,0,0.033040147
157025,0,0.033040147
157026,0,0.033040147
157027,0,0.03304015
157028,0,0.033040162
157029,0,0.033040166
157030,0,0.033040177
157031,0,0.033040177
157032,0,0.033040166
157033,0,0.033040166
157034,0,0.03304015
157035,0,0.03304016
157036,0,0.03304016
157037,0,0.033040177
157038,0,0.033040177
157039,0,0.033040162
157040,0,0.03304016
157041,0,0.03304016
157042,0,0.03304016
157043,0,0.03304016
157044,0,0.03304016
157045,0,0.03304016
157046,0,0.033040147
157047,0,0.033040144
157048,0,0.033040147
157049,0,0.033040144
157050,0,0.033040144
157051,0,0.03304014
157052,0,0.03304014
157053,0,0.03304014
157054,0,0.03304014
157055,0,0.033040144
157056,0,0.033040144
157057,0,0.03304014
157058,0,0.03304014
157059,0,0.03304014
157060,0,0.03304014
157061,0,0.03304014
157062,0,0.03304014
157063,0,0.03304014
157064,0,0.03304014
157065,0,0.033040166
157066,0,0.03304017
157067,0,0.033040173
157068,0,0.03304017
157069,0,0.03304017
157070,0,0.033040173
157071,0,0.033040173
157072,0,0.033040173
157073,0,0.033040173
157074,0,0.033040173
157075,0,0.03304014
157076,0,0.03304014
157077,0,0.033040144
157078,0,0.033040144
157079,0,0.033040147
157080,0,0.033040147
157081,0,0.033040147
157082,0,0.033040147
157083,0,0.033040147
157084,0,0.033040147
157085,0,0.03304017
157086,0,0.03304017
157087,0,0.03304017
157088,0,0.03304017
157089,0,0.03304017
157090,0,0.033040166
157091,0,0.033040166
157092,0,0.033040166
157093,0,0.033040166
157094,0,0.03304015
157095,0,0.03304016
157096,0,0.03304016
157097,0,0.03304016
157098,0,0.03304016
157099,0,0.03304014
157100,0,0.03304014
157101,0,0.033040147
157102,0,0.033040147
157103,0,0.03304015
157104,0,0.03304015
157105,0,0.03304015
157106,0,0.03304015
157107,0,0.03304015
157108,0,0.03304015
157109,0,0.033040147
157110,0,0.033040144
157111,0,0.033040144
157112,0,0.033040144
157113,0,0.033040155
157114,0,0.033040155
157115,0,0.033040144
157116,0,0.033040144
157117,0,0.03304014
157118,0,0.03304014
157119,0,0.03304017
157120,0,0.03304017
157121,0,0.03304017
157122,0,0.03304017
157123,0,0.03304017
157124,0,0.033040177
157125,0,0.033040177
157126,0,0.033040177
157127,0,0.033040177
157128,0,0.033040177
157129,0,0.033040177
157130,0,0.033040177
157131,0,0.033040173
157132,0,0.033040173
157133,0,0.033040177
157134,0,0.03304016
157135,0,0.03304016
157136,0,0.03304016
157137,0,0.03304016
157138,0,0.03304016
157139,0,0.03304016
157140,0,0.03304014
157141,0,0.033040166
157142,0,0.033040162
157143,0,0.033040162
157144,0,0.033040162
157145,0,0.033040162
157146,0,0.033040162
157147,0,0.0330402
157148,0,0.0330402
157149,0,0.0330402
157150,0,0.0330402
157151,0,0.033040166
157152,0,0.033040166
157153,0,0.033040166
157154,0,0.033040166
157155,0,0.033040166
157156,0,0.033040147
157157,0,0.03304014
157158,0,0.03304014
157159,0,0.033040162
157160,0,0.033040162
157161,0,0.033040162
157162,0,0.033040162
157163,0,0.033040162
157164,0,0.033040147
157165,0,0.033040147
157166,0,0.03304016
157167,0,0.03304016
157168,0,0.033040147
157169,0,0.03304018
157170,0,0.03304018
157171,0,0.03304018
157172,0,0.03304018
157173,0,0.03304018
157174,0,0.03304018
157175,0,0.033040173
157176,0,0.033040173
157177,0,0.033040173
157178,0,0.033040173
157179,0,0.03304017
157180,0,0.03304017
157181,0,0.03304017
157182,0,0.03304017
157183,0,0.03304014
157184,0,0.033040144
157185,0,0.03304014
157186,0,0.03304014
157187,0,0.03304014
157188,0,0.03304014
157189,0,0.033040185
157190,0,0.033040185
157191,0,0.033040185
157192,0,0.033040185
157193,0,0.03304025
157194,0,0.03304025
157195,0,0.03304025
157196,0,0.03304025
157197,0,0.03304025
157198,0,0.03304025
157199,0,0.033040166
157200,0,0.03304015
157201,0,0.03304014
157202,0,0.03304014
157203,0,0.03304014
157204,0,0.033040162
157205,0,0.033040162
157206,0,0.033040162
157207,0,0.033040177
157208,0,0.033040177
157209,0,0.033040177
157210,0,0.033040177
157211,0,0.033040177
157212,0,0.033040177
157213,0,0.033040177
157214,0,0.03304017
157215,0,0.03304017
157216,0,0.03304017
157217,0,0.03304017
157218,0,0.03304017
157219,0,0.03304017
157220,0,0.03304017
157221,0,0.03304017
157222,0,0.033040162
157223,0,0.033040162
157224,0,0.03304016
157225,0,0.03304016
157226,0,0.03304016
157227,0,0.03304016
157228,0,0.03304015
157229,0,0.033040166
157230,0,0.033040166
157231,0,0.03304015
157232,0,0.03304015
157233,0,0.03304015
157234,0,0.03304015
157235,0,0.03304015
157236,0,0.03304015
157237,0,0.03304015
157238,0,0.03304014
157239,0,0.03304014
157240,0,0.03304014
157241,0,0.033040173
157242,0,0.033040192
157243,0,0.033040192
157244,0,0.033040218
157245,0,0.033040218
157246,0,0.033040218
157247,0,0.033040218
157248,0,0.033040218
157249,0,0.033040218
157250,0,0.033040218
157251,0,0.033040218
157252,0,0.03304016
157253,0,0.03304016
157254,0,0.03304014
157255,0,0.03304014
157256,0,0.03304014
157257,0,0.03304016
157258,0,0.03304016
157259,0,0.033040203
157260,0,0.033040203
157261,0,0.033040203
157262,0,0.033040203
157263,0,0.033040203
157264,0,0.033040203
157265,0,0.033040203
157266,0,0.033040203
157267,0,0.033040203
157268,0,0.033040185
157269,0,0.033040155
157270,0,0.033040155
157271,0,0.033040147
157272,0,0.033040147
157273,0,0.033040147
157274,0,0.033040147
157275,0,0.033040144
157276,0,0.03304014
157277,0,0.033040144
157278,0,0.03304014
157279,0,0.03304014
157280,0,0.033040144
157281,0,0.033040144
157282,0,0.033040144
157283,0,0.033040144
157284,0,0.033040144
157285,0,0.033040144
157286,0,0.033040144
157287,0,0.033040144
157288,0,0.033040144
157289,0,0.033040166
157290,0,0.033040166
157291,0,0.033040166
157292,0,0.033040166
157293,0,0.033040162
157294,0,0.033040162
157295,0,0.033040162
157296,0,0.033040162
157297,0,0.033040162
157298,0,0.033040173
157299,0,0.033040144
157300,0,0.033040144
157301,0,0.033040147
157302,0,0.033040147
157303,0,0.033040147
157304,0,0.033040147
157305,0,0.033040147
157306,0,0.033040147
157307,0,0.033040147
157308,0,0.03304014
157309,0,0.03304014
157310,0,0.03304014
157311,0,0.03304014
157312,0,0.03304014
157313,0,0.03304014
157314,0,0.03304014
157315,0,0.03304014
157316,0,0.03304014
157317,0,0.03304014
157318,0,0.033040147
157319,0,0.033040144
157320,0,0.033040144
157321,0,0.033040144
157322,0,0.033040147
157323,0,0.033040155
157324,0,0.03304015
157325,0,0.03304015
157326,0,0.03304015
157327,0,0.033040155
157328,0,0.03304014
157329,0,0.033040144
157330,0,0.03304015
157331,0,0.03304015
157332,0,0.03304015
157333,0,0.03304015
157334,0,0.03304015
157335,0,0.03304015
157336,0,0.03304015
157337,0,0.03304015
157338,0,0.03304015
157339,0,0.033040144
157340,0,0.033040144
157341,0,0.033040144
157342,0,0.03304014
157343,0,0.03304014
157344,0,0.033040144
157345,0,0.033040147
157346,0,0.033040147
157347,0,0.033040147
157348,0,0.033040147
157349,0,0.033040147
157350,0,0.033040147
157351,0,0.033040147
157352,0,0.033040166
157353,0,0.033040166
157354,0,0.033040166
157355,0,0.033040166
157356,0,0.033040166
157357,0,0.033040166
157358,0,0.033040166
157359,0,0.033040166
157360,0,0.033040144
157361,0,0.033040144
157362,0,0.033040144
157363,0,0.033040147
157364,0,0.033040147
157365,0,0.033040147
157366,0,0.03304014
157367,0,0.03304014
157368,0,0.03304014
157369,0,0.03304014
157370,0,0.03304014
157371,0,0.03304014
157372,0,0.03304014
157373,0,0.033040144
157374,0,0.03304015
157375,0,0.03304015
157376,0,0.03304015
157377,0,0.03304015
157378,0,0.03304015
157379,0,0.03304015
157380,0,0.03304015
157381,0,0.03304015
157382,0,0.03304015
157383,0,0.03304018
157384,0,0.03304015
157385,0,0.03304015
157386,0,0.033040155
157387,0,0.033040155
157388,0,0.033040155
157389,0,0.033040155
157390,0,0.033040155
157391,0,0.033040155
157392,0,0.033040155
157393,0,0.033040155
157394,0,0.033040155
157395,0,0.033040155
157396,0,0.03304014
157397,0,0.03304014
157398,0,0.033040147
157399,0,0.033040144
157400,0,0.033040147
157401,0,0.033040147
157402,0,0.033040147
157403,0,0.033040147
157404,0,0.033040144
157405,0,0.033040144
157406,0,0.033040144
157407,0,0.033040162
157408,0,0.033040155
157409,0,0.033040155
157410,0,0.033040155
157411,0,0.033040155
157412,0,0.033040166
157413,0,0.033040166
157414,0,0.033040166
157415,0,0.033040173
157416,0,0.033040173
157417,0,0.033040173
157418,0,0.033040173
157419,0,0.033040173
157420,0,0.033040173
157421,0,0.033040173
157422,0,0.033040144
157423,0,0.033040144
157424,0,0.033040144
157425,0,0.03304014
157426,0,0.03304014
157427,0,0.03304014
157428,0,0.03304014
157429,0,0.03304014
157430,0,0.03304014
157431,0,0.03304014
157432,0,0.03304014
157433,0,0.03304014
157434,0,0.03304014
157435,0,0.03304014
157436,0,0.03304014
157437,0,0.03304014
157438,0,0.03304014
157439,0,0.03304014
157440,0,0.03304014
157441,0,0.03304014
157442,0,0.03304014
157443,0,0.03304014
157444,0,0.03304014
157445,0,0.03304014
157446,0,0.03304014
157447,0,0.03304014
157448,0,0.03304014
157449,0,0.03304014
157450,0,0.03304014
157451,0,0.033040144
157452,0,0.033040144
157453,0,0.033040144
157454,0,0.033040144
157455,0,0.033040144
157456,0,0.033040144
157457,0,0.033040144
157458,0,0.033040144
157459,0,0.033040144
157460,0,0.033040144
157461,0,0.03304014
157462,0,0.033040144
157463,0,0.033040144
157464,0,0.033040144
157465,0,0.033040144
157466,0,0.033040144
157467,0,0.033040144
157468,0,0.033040144
157469,0,0.03304016
157470,0,0.03304016
157471,0,0.03304016
157472,0,0.03304016
157473,0,0.03304016
157474,0,0.03304016
157475,0,0.033040155
157476,0,0.033040155
157477,0,0.033040155
157478,0,0.033040155
157479,0,0.033040155
157480,0,0.033040155
157481,0,0.033040147
157482,0,0.033040147
157483,0,0.03304018
157484,0,0.03304018
157485,0,0.03304018
157486,0,0.03304018
157487,0,0.03304018
157488,0,0.03304018
157489,0,0.03304018
157490,0,0.033040185
157491,0,0.033040185
157492,0,0.033040185
157493,0,0.03304018
157494,0,0.03304018
157495,0,0.03304015
157496,0,0.03304015
157497,0,0.03304015
157498,0,0.033040147
157499,0,0.033040147
157500,0,0.033040177
157501,0,0.033040177
157502,0,0.033040177
157503,0,0.033040177
157504,0,0.033040177
157505,0,0.033040177
157506,0,0.033040155
157507,0,0.033040155
157508,0,0.033040155
157509,0,0.033040155
157510,0,0.033040144
157511,0,0.033040147
157512,0,0.033040147
157513,0,0.033040147
157514,0,0.033040147
157515,0,0.033040147
157516,0,0.033040147
157517,0,0.033040144
157518,0,0.033040144
157519,0,0.033040144
157520,0,0.03304014
157521,0,0.033040144
157522,0,0.033040144
157523,0,0.033040144
157524,0,0.033040144
157525,0,0.033040155
157526,0,0.033040155
157527,0,0.033040155
157528,0,0.033040155
157529,0,0.03304016
157530,0,0.03304016
157531,0,0.03304016
157532,0,0.03304016
157533,0,0.03304016
157534,0,0.03304016
157535,0,0.033040147
157536,0,0.033040147
157537,0,0.03304017
157538,0,0.03304017
157539,0,0.033040147
157540,0,0.033040166
157541,0,0.033040166
157542,0,0.03304019
157543,0,0.03304019
157544,0,0.03304019
157545,0,0.03304019
157546,0,0.03304019
157547,0,0.03304019
157548,0,0.033040192
157549,0,0.033040192
157550,0,0.033040192
157551,0,0.033040192
157552,0,0.033040207
157553,0,0.03304019
157554,0,0.03304019
157555,0,0.03304015
157556,0,0.033040147
157557,0,0.03304015
157558,0,0.03304014
157559,0,0.03304015
157560,0,0.03304015
157561,0,0.03304015
157562,0,0.033040162
157563,0,0.033040162
157564,0,0.033040147
157565,0,0.033040147
157566,0,0.033040147
157567,0,0.033040147
157568,0,0.033040147
157569,0,0.033040147
157570,0,0.03304014
157571,0,0.03304014
157572,0,0.03304014
157573,0,0.03304014
157574,0,0.03304014
157575,0,0.03304014
157576,0,0.03304014
157577,0,0.033040155
157578,0,0.033040155
157579,0,0.033040155
157580,0,0.033040155
157581,0,0.03304015
157582,0,0.03304015
157583,0,0.03304015
157584,0,0.03304015
157585,0,0.03304016
157586,0,0.033040162
157587,0,0.033040162
157588,0,0.033040162
157589,0,0.033040166
157590,0,0.033040166
157591,0,0.03304017
157592,0,0.033040173
157593,0,0.033040173
157594,0,0.033040173
157595,0,0.033040173
157596,0,0.033040173
157597,0,0.033040173
157598,0,0.033040173
157599,0,0.033040173
157600,0,0.033040173
157601,0,0.033040144
157602,0,0.033040162
157603,0,0.033040162
157604,0,0.033040155
157605,0,0.03304016
157606,0,0.033040155
157607,0,0.033040166
157608,0,0.033040166
157609,0,0.033040166
157610,0,0.033040166
157611,0,0.033040177
157612,0,0.033040177
157613,0,0.033040177
157614,0,0.033040177
157615,0,0.033040177
157616,0,0.033040177
157617,0,0.033040166
157618,0,0.033040207
157619,0,0.033040203
157620,0,0.033040203
157621,0,0.0330402
157622,0,0.0330402
157623,0,0.0330402
157624,0,0.0330402
157625,0,0.033040173
157626,0,0.03304019
157627,0,0.03304019
157628,0,0.033040166
157629,0,0.033040166
157630,0,0.033040166
157631,0,0.033040166
157632,0,0.033040173
157633,0,0.033040173
157634,0,0.033040173
157635,0,0.033040173
157636,0,0.033040177
157637,0,0.033040177
157638,0,0.033040166
157639,0,0.033040166
157640,0,0.033040166
157641,0,0.033040166
157642,0,0.03304015
157643,0,0.03304015
157644,0,0.03304016
157645,0,0.03304016
157646,0,0.03304015
157647,0,0.03304015
157648,0,0.03304015
157649,0,0.03304015
157650,0,0.03304015
157651,0,0.03304015
157652,0,0.033040144
157653,0,0.03304015
157654,0,0.033040144
157655,0,0.03304015
157656,0,0.033040155
157657,0,0.03304018
157658,0,0.03304018
157659,0,0.03304018
157660,0,0.033040177
157661,0,0.033040173
157662,0,0.033040173
157663,0,0.033040173
157664,0,0.033040173
157665,0,0.033040196
157666,0,0.033040196
157667,0,0.03304015
157668,0,0.033040162
157669,0,0.03304016
157670,0,0.03304016
157671,0,0.03304016
157672,0,0.03304016
157673,0,0.03304016
157674,0,0.033040155
157675,0,0.033040147
157676,0,0.033040147
157677,0,0.03304014
157678,0,0.033040144
157679,0,0.033040144
157680,0,0.033040147
157681,0,0.033040147
157682,0,0.033040147
157683,0,0.033040166
157684,0,0.033040166
157685,0,0.033040166
157686,0,0.033040166
157687,0,0.033040147
157688,0,0.03304015
157689,0,0.03304015
157690,0,0.03304015
157691,0,0.03304015
157692,0,0.03304015
157693,0,0.03304015
157694,0,0.03304015
157695,0,0.03304015
157696,0,0.03304015
157697,0,0.033040144
157698,0,0.03304014
157699,0,0.033040144
157700,0,0.033040147
157701,0,0.033040162
157702,0,0.033040162
157703,0,0.033040162
157704,0,0.033040162
157705,0,0.033040162
157706,0,0.033040162
157707,0,0.033040166
157708,0,0.033040162
157709,0,0.033040155
157710,0,0.033040155
157711,0,0.033040155
157712,0,0.033040155
157713,0,0.033040155
157714,0,0.033040155
157715,0,0.033040155
157716,0,0.033040147
157717,0,0.033040147
157718,0,0.03304015
157719,0,0.03304015
157720,0,0.03304015
157721,0,0.03304015
157722,0,0.03304015
157723,0,0.03304015
157724,0,0.03304015
157725,0,0.033040155
157726,0,0.03304015
157727,0,0.03304017
157728,0,0.03304017
157729,0,0.03304017
157730,0,0.03304017
157731,0,0.03304017
157732,0,0.033040162
157733,0,0.033040162
157734,0,0.033040162
157735,0,0.033040162
157736,0,0.033040162
157737,0,0.033040147
157738,0,0.03304018
157739,0,0.03304018
157740,0,0.03304018
157741,0,0.03304018
157742,0,0.03304018
157743,0,0.03304018
157744,0,0.03304018
157745,0,0.03304018
157746,0,0.03304018
157747,0,0.033040173
157748,0,0.033040155
157749,0,0.033040155
157750,0,0.033040155
157751,0,0.03304017
157752,0,0.03304017
157753,0,0.03304018
157754,0,0.03304018
157755,0,0.03304018
157756,0,0.03304018
157757,0,0.03304018
157758,0,0.03304018
157759,0,0.03304016
157760,0,0.033040166
157761,0,0.033040166
157762,0,0.0330402
157763,0,0.03304019
157764,0,0.03304019
157765,0,0.03304019
157766,0,0.03304019
157767,0,0.03304019
157768,0,0.03304019
157769,0,0.03304019
157770,0,0.033040177
157771,0,0.033040177
157772,0,0.033040166
157773,0,0.033040293
157774,0,0.033040237
157775,0,0.033040237
157776,0,0.033040237
157777,0,0.0330402
157778,0,0.0330402
157779,0,0.0330402
157780,0,0.0330402
157781,0,0.03304018
157782,0,0.033040177
157783,0,0.03304014
157784,0,0.03304014
157785,0,0.03304014
157786,0,0.03304015
157787,0,0.03304015
157788,0,0.033040166
157789,0,0.033040177
157790,0,0.033040196
157791,0,0.033040196
157792,0,0.033040196
157793,0,0.033040196
157794,0,0.033040196
157795,0,0.033040196
157796,0,0.033040177
157797,0,0.03304025
157798,0,0.03304025
157799,0,0.03304025
157800,0,0.03304025
157801,0,0.033040248
157802,0,0.033040263
157803,0,0.033040233
157804,0,0.033040233
157805,0,0.033040233
157806,0,0.03304061
157807,0,0.033040605
157808,0,0.033040605
157809,0,0.033040605
157810,0,0.033040605
157811,0,0.033040598
157812,0,0.03304093
157813,0,0.03304068
157814,0,0.03304068
157815,0,0.03304068
157816,0,0.033040266
157817,0,0.033040266
157818,0,0.033040266
157819,0,0.033040266
157820,0,0.033040266
157821,0,0.033040263
157822,0,0.033040263
157823,0,0.033040233
157824,0,0.03304018
157825,0,0.03304018
157826,0,0.03304017
157827,0,0.033040173
157828,0,0.03304017
157829,0,0.03304017
157830,0,0.03304014
157831,0,0.033040147
157832,0,0.03304015
157833,0,0.03304017
157834,0,0.03304017
157835,0,0.03304017
157836,0,0.03304017
157837,0,0.03304017
157838,0,0.033040147
157839,0,0.033040147
157840,0,0.03304014
157841,0,0.03304014
157842,0,0.033040192
157843,0,0.03304019
157844,0,0.03304024
157845,0,0.03304024
157846,0,0.03304028
157847,0,0.03304028
157848,0,0.03304025
157849,0,0.03304025
157850,0,0.033040274
157851,0,0.03304022
157852,0,0.03304022
157853,0,0.03304022
157854,0,0.03304022
157855,0,0.03304022
157856,0,0.033040218
157857,0,0.033040218
157858,0,0.033040218
157859,0,0.033040218
157860,0,0.03304029
157861,0,0.03304029
157862,0,0.03304029
157863,0,0.03304029
157864,0,0.03304029
157865,0,0.03304029
157866,0,0.03304029
157867,0,0.03304029
157868,0,0.03304029
157869,0,0.03304029
157870,0,0.033040203
157871,0,0.03304024
157872,0,0.03304024
157873,0,0.033040207
157874,0,0.033040207
157875,0,0.03304018
157876,0,0.03304018
157877,0,0.03304017
157878,0,0.033040185
157879,0,0.033040185
157880,0,0.033040207
157881,0,0.033040207
157882,0,0.03304017
157883,0,0.03304017
157884,0,0.03304017
157885,0,0.03304017
157886,0,0.033040144
157887,0,0.033040147
157888,0,0.033040147
157889,0,0.033040155
157890,0,0.033040155
157891,0,0.033040155
157892,0,0.033040155
157893,0,0.033040173
157894,0,0.033040173
157895,0,0.033040173
157896,0,0.033040173
157897,0,0.03304014
157898,0,0.03304014
157899,0,0.03304014
157900,0,0.03304014
157901,0,0.03304014
157902,0,0.03304014
157903,0,0.03304014
157904,0,0.03304014
157905,0,0.03304014
157906,0,0.03304014
157907,0,0.03304014
157908,0,0.03304014
157909,0,0.03304014
157910,0,0.033040155
157911,0,0.033040155
157912,0,0.033040155
157913,0,0.033040155
157914,0,0.033040155
157915,0,0.033040155
157916,0,0.033040155
157917,0,0.033040155
157918,0,0.033040155
157919,0,0.033040155
157920,0,0.03304015
157921,0,0.033040155
157922,0,0.03304015
157923,0,0.03304015
157924,0,0.033040177
157925,0,0.033040177
157926,0,0.033040177
157927,0,0.033040173
157928,0,0.033040173
157929,0,0.033040173
157930,0,0.033040173
157931,0,0.033040173
157932,0,0.033040173
157933,0,0.033040173
157934,0,0.033040155
157935,0,0.033040155
157936,0,0.033040147
157937,0,0.03304015
157938,0,0.03304015
157939,0,0.03304015
157940,0,0.03304015
157941,0,0.033040162
157942,0,0.033040162
157943,0,0.033040162
157944,0,0.033040162
157945,0,0.033040162
157946,0,0.03304015
157947,0,0.033040203
157948,0,0.033040203
157949,0,0.033040203
157950,0,0.033040203
157951,0,0.033040207
157952,0,0.033040207
157953,0,0.033040196
157954,0,0.033040196
157955,0,0.033040196
157956,0,0.033040196
157957,0,0.03304019
157958,0,0.03304019
157959,0,0.03304019
157960,0,0.03304019
157961,0,0.03304019
157962,0,0.03304019
157963,0,0.03304019
157964,0,0.03304019
157965,0,0.033040173
157966,0,0.033040173
157967,0,0.033040173
157968,0,0.033040173
157969,0,0.033040173
157970,0,0.03304017
157971,0,0.033040196
157972,0,0.03304019
157973,0,0.033040244
157974,0,0.033040244
157975,0,0.033040237
157976,0,0.033040237
157977,0,0.033040237
157978,0,0.033040237
157979,0,0.033040237
157980,0,0.033040237
157981,0,0.033040237
157982,0,0.033040266
157983,0,0.033040233
157984,0,0.033040233
157985,0,0.033040233
157986,0,0.033040233
157987,0,0.033040233
157988,0,0.033040233
157989,0,0.033040233
157990,0,0.033040207
157991,0,0.033040207
157992,0,0.03304019
157993,0,0.03304019
157994,0,0.033040196
157995,0,0.033040196
157996,0,0.033040196
157997,0,0.033040196
157998,0,0.033040196
157999,0,0.033040196
158000,0,0.033040196
158001,0,0.033040196
158002,0,0.033040173
158003,0,0.033040173
158004,0,0.03304017
158005,0,0.033040162
158006,0,0.033040162
158007,0,0.033040162
158008,0,0.033040162
158009,0,0.033040162
158010,0,0.033040155
158011,0,0.033040155
158012,0,0.033040155
158013,0,0.033040155
158014,0,0.033040173
158015,0,0.03304018
158016,0,0.03304018
158017,0,0.03304018
158018,0,0.03304018
158019,0,0.03304018
158020,0,0.03304018
158021,0,0.03304018
158022,0,0.033040155
158023,0,0.033040155
158024,0,0.033040147
158025,0,0.03304015
158026,0,0.03304015
158027,0,0.033040162
158028,0,0.033040162
158029,0,0.033040162
158030,0,0.03304016
158031,0,0.03304016
158032,0,0.03304016
158033,0,0.03304017
158034,0,0.033040185
158035,0,0.03304022
158036,0,0.03304022
158037,0,0.03304022
158038,0,0.03304022
158039,0,0.03304022
158040,0,0.03304022
158041,0,0.03304022
158042,0,0.03304022
158043,0,0.033040214
158044,0,0.033040214
158045,0,0.033040155
158046,0,0.03304015
158047,0,0.03304016
158048,0,0.03304016
158049,0,0.03304016
158050,0,0.033040144
158051,0,0.033040144
158052,0,0.033040144
158053,0,0.033040155
158054,0,0.033040155
158055,0,0.033040144
158056,0,0.033040144
158057,0,0.033040144
158058,0,0.033040144
158059,0,0.033040144
158060,0,0.033040144
158061,0,0.033040144
158062,0,0.033040144
158063,0,0.033040162
158064,0,0.033040162
158065,0,0.033040162
158066,0,0.033040162
158067,0,0.033040162
158068,0,0.033040162
158069,0,0.033040144
158070,0,0.033040144
158071,0,0.03304015
158072,0,0.033040144
158073,0,0.033040144
158074,0,0.033040144
158075,0,0.033040144
158076,0,0.033040144
158077,0,0.033040144
158078,0,0.033040144
158079,0,0.033040147
158080,0,0.033040147
158081,0,0.03304015
158082,0,0.03304015
158083,0,0.03304015
158084,0,0.03304015
158085,0,0.03304015
158086,0,0.03304015
158087,0,0.03304015
158088,0,0.03304015
158089,0,0.033040144
158090,0,0.03304014
158091,0,0.03304014
158092,0,0.033040144
158093,0,0.033040147
158094,0,0.033040147
158095,0,0.033040147
158096,0,0.033040147
158097,0,0.033040147
158098,0,0.033040147
158099,0,0.033040147
158100,0,0.033040144
158101,0,0.033040144
158102,0,0.033040147
158103,0,0.033040147
158104,0,0.033040173
158105,0,0.033040173
158106,0,0.033040173
158107,0,0.03304017
158108,0,0.03304017
158109,0,0.033040173
158110,0,0.033040173
158111,0,0.03304017
158112,0,0.03304015
158113,0,0.03304017
158114,0,0.033040166
158115,0,0.033040166
158116,0,0.033040166
158117,0,0.033040166
158118,0,0.033040166
158119,0,0.033040166
158120,0,0.033040166
158121,0,0.033040155
158122,0,0.033040155
158123,0,0.03304017
158124,0,0.033040155
158125,0,0.033040162
158126,0,0.033040162
158127,0,0.033040162
158128,0,0.033040162
158129,0,0.033040166
158130,0,0.033040166
158131,0,0.033040166
158132,0,0.033040166
158133,0,0.033040155
158134,0,0.033040177
158135,0,0.03304016
158136,0,0.03304016
158137,0,0.03304016
158138,0,0.03304016
158139,0,0.03304015
158140,0,0.03304015
158141,0,0.03304015
158142,0,0.03304015
158143,0,0.03304015
158144,0,0.03304015
158145,0,0.03304015
158146,0,0.03304015
158147,0,0.033040147
158148,0,0.03304015
158149,0,0.03304015
158150,0,0.03304015
158151,0,0.033040147
158152,0,0.033040147
158153,0,0.033040166
158154,0,0.033040166
158155,0,0.033040166
158156,0,0.03304016
158157,0,0.033040162
158158,0,0.03304016
158159,0,0.03304016
158160,0,0.03304016
158161,0,0.033040162
158162,0,0.033040162
158163,0,0.03304016
158164,0,0.03304016
158165,0,0.033040162
158166,0,0.03304016
158167,0,0.033040147
158168,0,0.033040166
158169,0,0.033040166
158170,0,0.033040166
158171,0,0.033040166
158172,0,0.033040166
158173,0,0.033040166
158174,0,0.033040144
158175,0,0.033040147
158176,0,0.03304015
158177,0,0.03304015
158178,0,0.03304015
158179,0,0.03304016
158180,0,0.03304016
158181,0,0.033040155
158182,0,0.033040155
158183,0,0.033040155
158184,0,0.033040155
158185,0,0.033040155
158186,0,0.033040155
158187,0,0.033040155
158188,0,0.033040144
158189,0,0.033040144
158190,0,0.033040144
158191,0,0.033040144
158192,0,0.033040162
158193,0,0.033040162
158194,0,0.033040162
158195,0,0.033040162
158196,0,0.03304016
158197,0,0.03304016
158198,0,0.03304016
158199,0,0.03304016
158200,0,0.03304016
158201,0,0.03304016
158202,0,0.03304016
158203,0,0.033040147
158204,0,0.033040177
158205,0,0.033040166
158206,0,0.033040162
158207,0,0.033040162
158208,0,0.033040166
158209,0,0.033040166
158210,0,0.033040166
158211,0,0.033040166
158212,0,0.033040166
158213,0,0.033040166
158214,0,0.033040144
158215,0,0.033040144
158216,0,0.033040144
158217,0,0.033040144
158218,0,0.033040144
158219,0,0.033040144
158220,0,0.033040155
158221,0,0.033040155
158222,0,0.0330402
158223,0,0.0330402
158224,0,0.0330402
158225,0,0.0330402
158226,0,0.0330402
158227,0,0.0330402
158228,0,0.0330402
158229,0,0.0330402
158230,0,0.033040162
158231,0,0.033040162
158232,0,0.033040144
158233,0,0.033040144
158234,0,0.033040147
158235,0,0.033040147
158236,0,0.033040147
158237,0,0.033040147
158238,0,0.03304016
158239,0,0.03304016
158240,0,0.03304016
158241,0,0.03304016
158242,0,0.03304016
158243,0,0.033040162
158244,0,0.033040162
158245,0,0.033040162
158246,0,0.03304015
158247,0,0.033040147
158248,0,0.033040147
158249,0,0.033040147
158250,0,0.033040177
158251,0,0.033040177
158252,0,0.03304019
158253,0,0.03304019
158254,0,0.03304019
158255,0,0.033040173
158256,0,0.033040173
158257,0,0.033040173
158258,0,0.033040173
158259,0,0.033040173
158260,0,0.033040162
158261,0,0.033040162
158262,0,0.033040147
158263,0,0.033040147
158264,0,0.033040147
158265,0,0.033040147
158266,0,0.033040147
158267,0,0.033040147
158268,0,0.033040144
158269,0,0.033040155
158270,0,0.033040155
158271,0,0.03304015
158272,0,0.033040155
158273,0,0.033040155
158274,0,0.033040155
158275,0,0.033040155
158276,0,0.033040155
158277,0,0.033040155
158278,0,0.033040147
158279,0,0.033040147
158280,0,0.03304015
158281,0,0.03304015
158282,0,0.03304015
158283,0,0.03304015
158284,0,0.033040166
158285,0,0.033040166
158286,0,0.033040166
158287,0,0.033040166
158288,0,0.03304016
158289,0,0.033040166
158290,0,0.033040166
158291,0,0.033040166
158292,0,0.033040166
158293,0,0.033040166
158294,0,0.033040147
158295,0,0.033040144
158296,0,0.033040144
158297,0,0.033040147
158298,0,0.033040144
158299,0,0.033040144
158300,0,0.033040144
158301,0,0.033040144
158302,0,0.033040144
158303,0,0.033040147
158304,0,0.033040147
158305,0,0.033040144
158306,0,0.03304015
158307,0,0.033040147
158308,0,0.033040147
158309,0,0.03304014
158310,0,0.03304014
158311,0,0.033040177
158312,0,0.033040177
158313,0,0.033040177
158314,0,0.033040177
158315,0,0.033040177
158316,0,0.03304015
158317,0,0.03304015
158318,0,0.03304015
158319,0,0.033040185
158320,0,0.033040185
158321,0,0.033040177
158322,0,0.033040177
158323,0,0.033040177
158324,0,0.03304015
158325,0,0.03304015
158326,0,0.03304015
158327,0,0.03304015
158328,0,0.03304016
158329,0,0.033040147
158330,0,0.033040144
158331,0,0.033040147
158332,0,0.033040147
158333,0,0.033040147
158334,0,0.033040147
158335,0,0.03304016
158336,0,0.03304016
158337,0,0.033040166
158338,0,0.033040166
158339,0,0.033040166
158340,0,0.033040166
158341,0,0.033040166
158342,0,0.033040166
158343,0,0.033040166
158344,0,0.033040166
158345,0,0.033040147
158346,0,0.033040144
158347,0,0.033040147
158348,0,0.03304015
158349,0,0.03304015
158350,0,0.03304015
158351,0,0.03304015
158352,0,0.033040144
158353,0,0.033040144
158354,0,0.033040144
158355,0,0.033040155
158356,0,0.033040155
158357,0,0.033040155
158358,0,0.033040155
158359,0,0.033040155
158360,0,0.033040155
158361,0,0.033040155
158362,0,0.033040147
158363,0,0.033040147
158364,0,0.033040147
158365,0,0.033040144
158366,0,0.033040147
158367,0,0.033040147
158368,0,0.033040147
158369,0,0.033040147
158370,0,0.033040147
158371,0,0.03304015
158372,0,0.03304015
158373,0,0.033040177
158374,0,0.033040177
158375,0,0.033040177
158376,0,0.033040173
158377,0,0.033040177
158378,0,0.033040177
158379,0,0.03304016
158380,0,0.03304016
158381,0,0.03304016
158382,0,0.03304016
158383,0,0.03304015
158384,0,0.03304015
158385,0,0.033040162
158386,0,0.033040162
158387,0,0.033040162
158388,0,0.033040162
158389,0,0.033040162
158390,0,0.033040162
158391,0,0.03304017
158392,0,0.03304017
158393,0,0.03304017
158394,0,0.03304017
158395,0,0.033040144
158396,0,0.033040144
158397,0,0.033040147
158398,0,0.033040147
158399,0,0.033040147
158400,0,0.033040147
158401,0,0.03304015
158402,0,0.033040144
158403,0,0.03304015
158404,0,0.033040155
158405,0,0.033040155
158406,0,0.033040155
158407,0,0.033040155
158408,0,0.033040155
158409,0,0.033040155
158410,0,0.033040173
158411,0,0.033040173
158412,0,0.033040173
158413,0,0.03304016
158414,0,0.03304016
158415,0,0.03304017
158416,0,0.033040185
158417,0,0.033040185
158418,0,0.033040185
158419,0,0.033040185
158420,0,0.033040185
158421,0,0.033040147
158422,0,0.033040147
158423,0,0.03304015
158424,0,0.03304015
158425,0,0.033040147
158426,0,0.033040144
158427,0,0.033040144
158428,0,0.033040144
158429,0,0.033040144
158430,0,0.033040147
158431,0,0.033040144
158432,0,0.033040144
158433,0,0.033040144
158434,0,0.033040147
158435,0,0.03304015
158436,0,0.033040144
158437,0,0.033040147
158438,0,0.033040147
158439,0,0.03304015
158440,0,0.033040147
158441,0,0.033040155
158442,0,0.03304016
158443,0,0.03304016
158444,0,0.033040177
158445,0,0.033040177
158446,0,0.033040177
158447,0,0.033040177
158448,0,0.033040177
158449,0,0.033040177
158450,0,0.033040177
158451,0,0.033040162
158452,0,0.033040162
158453,0,0.033040162
158454,0,0.033040147
158455,0,0.033040147
158456,0,0.033040147
158457,0,0.033040144
158458,0,0.033040147
158459,0,0.03304015
158460,0,0.03304015
158461,0,0.03304015
158462,0,0.03304015
158463,0,0.03304015
158464,0,0.03304015
158465,0,0.03304015
158466,0,0.03304015
158467,0,0.03304015
158468,0,0.03304015
158469,0,0.033040147
158470,0,0.033040147
158471,0,0.033040147
158472,0,0.033040147
158473,0,0.03304015
158474,0,0.033040155
158475,0,0.033040155
158476,0,0.033040155
158477,0,0.03304016
158478,0,0.03304017
158479,0,0.03304017
158480,0,0.03304017
158481,0,0.03304017
158482,0,0.033040226
158483,0,0.033040226
158484,0,0.03304021
158485,0,0.03304021
158486,0,0.03304021
158487,0,0.03304021
158488,0,0.03304021
158489,0,0.033040196
158490,0,0.0330402
158491,0,0.0330402
158492,0,0.03304016
158493,0,0.03304016
158494,0,0.03304016
158495,0,0.033040155
158496,0,0.033040155
158497,0,0.03304016
158498,0,0.033040162
158499,0,0.033040162
158500,0,0.033040162
158501,0,0.03304016
158502,0,0.033040144
158503,0,0.033040144
158504,0,0.03304015
158505,0,0.03304015
158506,0,0.03304015
158507,0,0.033040147
158508,0,0.033040147
158509,0,0.033040147
158510,0,0.03304015
158511,0,0.033040147
158512,0,0.033040162
158513,0,0.033040166
158514,0,0.03304016
158515,0,0.033040162
158516,0,0.033040162
158517,0,0.033040162
158518,0,0.03304016
158519,0,0.03304016
158520,0,0.03304016
158521,0,0.03304016
158522,0,0.03304016
158523,0,0.03304018
158524,0,0.033040162
158525,0,0.033040162
158526,0,0.03304015
158527,0,0.033040155
158528,0,0.03304015
158529,0,0.033040173
158530,0,0.033040173
158531,0,0.03304021
158532,0,0.03304021
158533,0,0.033040233
158534,0,0.033040233
158535,0,0.033040233
158536,0,0.033040233
158537,0,0.033040233
158538,0,0.033040233
158539,0,0.033040173
158540,0,0.033040173
158541,0,0.033040173
158542,0,0.033040173
158543,0,0.03304016
158544,0,0.03304018
158545,0,0.033040177
158546,0,0.033040177
158547,0,0.033040177
158548,0,0.033040177
158549,0,0.033040177
158550,0,0.033040177
158551,0,0.033040196
158552,0,0.033040196
158553,0,0.03304017
158554,0,0.03304017
158555,0,0.03304017
158556,0,0.033040177
158557,0,0.03304017
158558,0,0.03304017
158559,0,0.03304018
158560,0,0.03304018
158561,0,0.033040144
158562,0,0.033040144
158563,0,0.033040144
158564,0,0.033040144
158565,0,0.033040144
158566,0,0.033040144
158567,0,0.033040144
158568,0,0.033040144
158569,0,0.03304015
158570,0,0.03304015
158571,0,0.033040162
158572,0,0.03304016
158573,0,0.03304016
158574,0,0.03304018
158575,0,0.03304018
158576,0,0.033040162
158577,0,0.03304016
158578,0,0.033040177
158579,0,0.033040177
158580,0,0.033040177
158581,0,0.033040177
158582,0,0.033040177
158583,0,0.033040177
158584,0,0.033040166
158585,0,0.033040166
158586,0,0.033040166
158587,0,0.03304016
158588,0,0.03304016
158589,0,0.03304016
158590,0,0.03304016
158591,0,0.03304015
158592,0,0.033040144
158593,0,0.033040173
158594,0,0.033040173
158595,0,0.033040173
158596,0,0.033040173
158597,0,0.033040147
158598,0,0.033040147
158599,0,0.03304018
158600,0,0.0330402
158601,0,0.033040196
158602,0,0.0330402
158603,0,0.03304016
158604,0,0.03304016
158605,0,0.033040166
158606,0,0.033040162
158607,0,0.033040162
158608,0,0.033040162
158609,0,0.033040162
158610,0,0.033040162
158611,0,0.033040162
158612,0,0.033040162
158613,0,0.033040177
158614,0,0.033040203
158615,0,0.033040177
158616,0,0.033040177
158617,0,0.033040177
158618,0,0.033040177
158619,0,0.033040177
158620,0,0.033040177
158621,0,0.033040177
158622,0,0.033040233
158623,0,0.033040233
158624,0,0.033040196
158625,0,0.033040196
158626,0,0.033040196
158627,0,0.033040185
158628,0,0.033040185
158629,0,0.033040185
158630,0,0.033040185
158631,0,0.033040185
158632,0,0.033040144
158633,0,0.033040147
158634,0,0.033040147
158635,0,0.03304014
158636,0,0.03304014
158637,0,0.033040144
158638,0,0.033040144
158639,0,0.033040144
158640,0,0.033040147
158641,0,0.033040147
158642,0,0.033040147
158643,0,0.03304016
158644,0,0.03304016
158645,0,0.033040162
158646,0,0.03304017
158647,0,0.033040162
158648,0,0.033040162
158649,0,0.033040155
158650,0,0.033040155
158651,0,0.033040155
158652,0,0.033040155
158653,0,0.033040162
158654,0,0.033040162
158655,0,0.033040162
158656,0,0.033040155
158657,0,0.03304016
158658,0,0.033040162
158659,0,0.033040162
158660,0,0.033040166
158661,0,0.033040177
158662,0,0.033040177
158663,0,0.033040177
158664,0,0.033040177
158665,0,0.033040226
158666,0,0.03304023
158667,0,0.03304023
158668,0,0.03304023
158669,0,0.03304023
158670,0,0.033040207
158671,0,0.033040207
158672,0,0.033040196
158673,0,0.033040196
158674,0,0.033040207
158675,0,0.03304019
158676,0,0.03304019
158677,0,0.03304019
158678,0,0.03304019
158679,0,0.03304019
158680,0,0.033040173
158681,0,0.03304015
158682,0,0.033040166
158683,0,0.033040166
158684,0,0.033040166
158685,0,0.033040196
158686,0,0.033040196
158687,0,0.033040196
158688,0,0.033040196
158689,0,0.033040196
158690,0,0.033040196
158691,0,0.0330402
158692,0,0.0330402
158693,0,0.0330402
158694,0,0.0330402
158695,0,0.033040147
158696,0,0.033040166
158697,0,0.0330402
158698,0,0.0330402
158699,0,0.0330402
158700,0,0.0330402
158701,0,0.0330402
158702,0,0.0330402
158703,0,0.0330402
158704,0,0.0330402
158705,0,0.0330402
158706,0,0.033040173
158707,0,0.033040173
158708,0,0.033040173
158709,0,0.033040162
158710,0,0.033040144
158711,0,0.033040144
158712,0,0.033040144
158713,0,0.033040147
158714,0,0.033040147
158715,0,0.033040144
158716,0,0.033040144
158717,0,0.03304015
158718,0,0.03304015
158719,0,0.03304015
158720,0,0.033040196
158721,0,0.033040196
158722,0,0.033040192
158723,0,0.033040192
158724,0,0.033040173
158725,0,0.033040173
158726,0,0.033040173
158727,0,0.033040173
158728,0,0.033040173
158729,0,0.033040173
158730,0,0.03304015
158731,0,0.03304015
158732,0,0.03304017
158733,0,0.03304017
158734,0,0.03304017
158735,0,0.03304017
158736,0,0.03304017
158737,0,0.03304017
158738,0,0.033040192
158739,0,0.033040192
158740,0,0.033040192
158741,0,0.033040192
158742,0,0.033040185
158743,0,0.03304018
158744,0,0.03304018
158745,0,0.03304018
158746,0,0.03304018
158747,0,0.03304018
158748,0,0.033040218
158749,0,0.033040218
158750,0,0.03304019
158751,0,0.033040196
158752,0,0.033040196
158753,0,0.033040196
158754,0,0.033040196
158755,0,0.033040196
158756,0,0.033040248
158757,0,0.033040248
158758,0,0.033040196
158759,0,0.033040196
158760,0,0.033040196
158761,0,0.033040226
158762,0,0.033040304
158763,0,0.033040196
158764,0,0.033040196
158765,0,0.033040166
158766,0,0.03304016
158767,0,0.03304016
158768,0,0.03304015
158769,0,0.033040162
158770,0,0.033040207
158771,0,0.033040207
158772,0,0.033040155
158773,0,0.033040155
158774,0,0.033040155
158775,0,0.03304016
158776,0,0.03304016
158777,0,0.03304016
158778,0,0.03304016
158779,0,0.03304016
158780,0,0.03304016
158781,0,0.03304016
158782,0,0.033040155
158783,0,0.033040155
158784,0,0.033040147
158785,0,0.033040147
158786,0,0.033040147
158787,0,0.033040147
158788,0,0.033040185
158789,0,0.033040185
158790,0,0.033040192
158791,0,0.033040192
158792,0,0.033040192
158793,0,0.033040192
158794,0,0.033040192
158795,0,0.033040192
158796,0,0.033040185
158797,0,0.033040185
158798,0,0.03304016
158799,0,0.03304016
158800,0,0.03304016
158801,0,0.03304016
158802,0,0.03304016
158803,0,0.03304016
158804,0,0.033040155
158805,0,0.033040155
158806,0,0.033040147
158807,0,0.033040155
158808,0,0.033040155
158809,0,0.03304015
158810,0,0.03304015
158811,0,0.03304015
158812,0,0.03304015
158813,0,0.03304015
158814,0,0.03304015
158815,0,0.03304015
158816,0,0.03304015
158817,0,0.033040155
158818,0,0.033040155
158819,0,0.033040155
158820,0,0.033040155
158821,0,0.033040155
158822,0,0.033040155
158823,0,0.033040155
158824,0,0.033040155
158825,0,0.03304016
158826,0,0.03304015
158827,0,0.033040155
158828,0,0.033040155
158829,0,0.033040155
158830,0,0.033040155
158831,0,0.03304016
158832,0,0.03304016
158833,0,0.033040162
158834,0,0.033040166
158835,0,0.033040166
158836,0,0.03304015
158837,0,0.03304015
158838,0,0.03304015
158839,0,0.03304015
158840,0,0.03304015
158841,0,0.03304015
158842,0,0.03304015
158843,0,0.033040155
158844,0,0.033040177
158845,0,0.033040177
158846,0,0.033040177
158847,0,0.033040177
158848,0,0.033040177
158849,0,0.033040177
158850,0,0.033040177
158851,0,0.033040177
158852,0,0.033040177
158853,0,0.03304015
158854,0,0.033040147
158855,0,0.033040147
158856,0,0.033040147
158857,0,0.033040147
158858,0,0.033040147
158859,0,0.033040144
158860,0,0.033040147
158861,0,0.033040177
158862,0,0.033040177
158863,0,0.033040166
158864,0,0.033040166
158865,0,0.033040166
158866,0,0.03304017
158867,0,0.03304017
158868,0,0.03304017
158869,0,0.03304017
158870,0,0.03304017
158871,0,0.033040155
158872,0,0.033040155
158873,0,0.033040155
158874,0,0.033040166
158875,0,0.033040166
158876,0,0.033040166
158877,0,0.033040166
158878,0,0.033040166
158879,0,0.033040177
158880,0,0.03304017
158881,0,0.033040185
158882,0,0.033040185
158883,0,0.033040185
158884,0,0.03304017
158885,0,0.03304021
158886,0,0.03304021
158887,0,0.03304021
158888,0,0.03304021
158889,0,0.03304021
158890,0,0.03304021
158891,0,0.03304022
158892,0,0.033040214
158893,0,0.033040214
158894,0,0.033040214
158895,0,0.03304017
158896,0,0.03304017
158897,0,0.033040177
158898,0,0.033040177
158899,0,0.033040177
158900,0,0.03304018
158901,0,0.03304018
158902,0,0.03304018
158903,0,0.03304018
158904,0,0.03304018
158905,0,0.03304018
158906,0,0.03304018
158907,0,0.033040177
158908,0,0.033040177
158909,0,0.033040177
158910,0,0.033040155
158911,0,0.033040155
158912,0,0.033040155
158913,0,0.033040155
158914,0,0.033040162
158915,0,0.03304017
158916,0,0.03304017
158917,0,0.03304017
158918,0,0.03304017
158919,0,0.03304017
158920,0,0.03304017
158921,0,0.03304017
158922,0,0.033040162
158923,0,0.03304016
158924,0,0.03304016
158925,0,0.033040196
158926,0,0.033040196
158927,0,0.03304016
158928,0,0.03304016
158929,0,0.03304016
158930,0,0.03304016
158931,0,0.033040155
158932,0,0.033040155
158933,0,0.033040147
158934,0,0.033040147
158935,0,0.033040147
158936,0,0.03304017
158937,0,0.03304017
158938,0,0.03304017
158939,0,0.03304017
158940,0,0.03304017
158941,0,0.03304017
158942,0,0.03304017
158943,0,0.03304017
158944,0,0.03304017
158945,0,0.03304017
158946,0,0.03304015
158947,0,0.033040147
158948,0,0.03304015
158949,0,0.03304015
158950,0,0.033040155
158951,0,0.03304016
158952,0,0.03304016
158953,0,0.033040155
158954,0,0.03304018
158955,0,0.03304017
158956,0,0.03304018
158957,0,0.033040185
158958,0,0.033040185
158959,0,0.033040185
158960,0,0.033040185
158961,0,0.033040185
158962,0,0.033040185
158963,0,0.03304019
158964,0,0.03304019
158965,0,0.03304019
158966,0,0.03304019
158967,0,0.033040196
158968,0,0.033040166
158969,0,0.033040166
158970,0,0.033040166
158971,0,0.033040166
158972,0,0.033040166
158973,0,0.033040166
158974,0,0.033040166
158975,0,0.033040162
158976,0,0.033040162
158977,0,0.033040162
158978,0,0.033040155
158979,0,0.03304017
158980,0,0.03304017
158981,0,0.03304017
158982,0,0.03304017
158983,0,0.03304017
158984,0,0.03304017
158985,0,0.033040192
158986,0,0.033040192
158987,0,0.0330402
158988,0,0.0330402
158989,0,0.033040185
158990,0,0.03304016
158991,0,0.03304015
158992,0,0.033040162
158993,0,0.0330402
158994,0,0.0330402
158995,0,0.0330402
158996,0,0.0330402
158997,0,0.0330402
158998,0,0.0330402
158999,0,0.0330402
159000,0,0.0330402
159001,0,0.03304016
159002,0,0.0330402
159003,0,0.0330402
159004,0,0.0330402
159005,0,0.0330402
159006,0,0.0330402
159007,0,0.0330402
159008,0,0.0330402
159009,0,0.033040203
159010,0,0.033040203
159011,0,0.033040244
159012,0,0.033040155
159013,0,0.033040147
159014,0,0.033040166
159015,0,0.033040166
159016,0,0.03304015
159017,0,0.033040147
159018,0,0.033040147
159019,0,0.033040155
159020,0,0.033040155
159021,0,0.033040155
159022,0,0.033040155
159023,0,0.033040155
159024,0,0.033040162
159025,0,0.033040162
159026,0,0.033040162
159027,0,0.03304016
159028,0,0.033040162
159029,0,0.03304015
159030,0,0.03304019
159031,0,0.03304019
159032,0,0.03304019
159033,0,0.03304017
159034,0,0.03304017
159035,0,0.03304017
159036,0,0.03304017
159037,0,0.03304017
159038,0,0.03304017
159039,0,0.03304017
159040,0,0.033040166
159041,0,0.033040166
159042,0,0.03304025
159043,0,0.03304025
159044,0,0.033040274
159045,0,0.033040274
159046,0,0.033040274
159047,0,0.033040274
159048,0,0.033040274
159049,0,0.033040274
159050,0,0.033040274
159051,0,0.033040266
159052,0,0.033040162
159053,0,0.033040162
159054,0,0.033040162
159055,0,0.03304016
159056,0,0.03304016
159057,0,0.03304016
159058,0,0.03304017
159059,0,0.03304017
159060,0,0.03304017
159061,0,0.03304017
159062,0,0.033040162
159063,0,0.033040162
159064,0,0.033040162
159065,0,0.033040162
159066,0,0.033040162
159067,0,0.033040162
159068,0,0.03304016
159069,0,0.03304016
159070,0,0.03304016
159071,0,0.03304017
159072,0,0.03304017
159073,0,0.03304017
159074,0,0.033040155
159075,0,0.033040155
159076,0,0.033040155
159077,0,0.03304015
159078,0,0.033040155
159079,0,0.03304016
159080,0,0.03304016
159081,0,0.03304016
159082,0,0.033040173
159083,0,0.033040173
159084,0,0.033040173
159085,0,0.033040173
159086,0,0.033040173
159087,0,0.03304016
159088,0,0.03304016
159089,0,0.03304016
159090,0,0.03304016
159091,0,0.03304016
159092,0,0.03304016
159093,0,0.033040155
159094,0,0.03304016
159095,0,0.033040147
159096,0,0.033040147
159097,0,0.03304015
159098,0,0.033040147
159099,0,0.033040147
159100,0,0.033040147
159101,0,0.03304017
159102,0,0.03304023
159103,0,0.03304023
159104,0,0.03304023
159105,0,0.03304026
159106,0,0.03304026
159107,0,0.03304026
159108,0,0.033040203
159109,0,0.033040203
159110,0,0.033040203
159111,0,0.033040226
159112,0,0.033040177
159113,0,0.033040177
159114,0,0.033040173
159115,0,0.033040177
159116,0,0.033040173
159117,0,0.033040173
159118,0,0.033040185
159119,0,0.033040185
159120,0,0.033040185
159121,0,0.033040185
159122,0,0.033040185
159123,0,0.033040185
159124,0,0.033040185
159125,0,0.033040185
159126,0,0.03304024
159127,0,0.03304024
159128,0,0.033040214
159129,0,0.033040214
159130,0,0.033040218
159131,0,0.033040218
159132,0,0.03304017
159133,0,0.033040177
159134,0,0.033040177
159135,0,0.033040177
159136,0,0.033040177
159137,0,0.033040177
159138,0,0.033040177
159139,0,0.033040177
159140,0,0.03304018
159141,0,0.03304018
159142,0,0.03304023
159143,0,0.03304023
159144,0,0.03304024
159145,0,0.03304024
